"","long","lat","group","order","region","subregion","Year","Number of Crashes"
"1",-94.2458267211914,41.5050621032715,755,25317,"iowa","adair",2014,143
"2",-94.2458267211914,41.5050621032715,755,25317,"iowa","adair",2015,183
"3",-94.2458267211914,41.5050621032715,755,25317,"iowa","adair",2016,188
"4",-94.2458267211914,41.5050621032715,755,25317,"iowa","adair",2017,195
"5",-94.2458267211914,41.5050621032715,755,25317,"iowa","adair",2018,221
"6",-94.2458267211914,41.5050621032715,755,25317,"iowa","adair",2019,230
"7",-94.2458267211914,41.5050621032715,755,25317,"iowa","adair",2020,230
"8",-94.2458267211914,41.5050621032715,755,25317,"iowa","adair",2021,219
"9",-94.2458267211914,41.5050621032715,755,25317,"iowa","adair",2022,217
"10",-94.2458267211914,41.5050621032715,755,25317,"iowa","adair",2023,184
"11",-94.2458267211914,41.5050621032715,755,25317,"iowa","adair",2024,169
"12",-94.2458267211914,41.5050621032715,755,25317,"iowa","adair",2025,12
"13",-94.2458267211914,41.1612892150879,755,25318,"iowa","adair",2014,143
"14",-94.2458267211914,41.1612892150879,755,25318,"iowa","adair",2015,183
"15",-94.2458267211914,41.1612892150879,755,25318,"iowa","adair",2016,188
"16",-94.2458267211914,41.1612892150879,755,25318,"iowa","adair",2017,195
"17",-94.2458267211914,41.1612892150879,755,25318,"iowa","adair",2018,221
"18",-94.2458267211914,41.1612892150879,755,25318,"iowa","adair",2019,230
"19",-94.2458267211914,41.1612892150879,755,25318,"iowa","adair",2020,230
"20",-94.2458267211914,41.1612892150879,755,25318,"iowa","adair",2021,219
"21",-94.2458267211914,41.1612892150879,755,25318,"iowa","adair",2022,217
"22",-94.2458267211914,41.1612892150879,755,25318,"iowa","adair",2023,184
"23",-94.2458267211914,41.1612892150879,755,25318,"iowa","adair",2024,169
"24",-94.2458267211914,41.1612892150879,755,25318,"iowa","adair",2025,12
"25",-94.4864654541016,41.1612892150879,755,25319,"iowa","adair",2014,143
"26",-94.4864654541016,41.1612892150879,755,25319,"iowa","adair",2015,183
"27",-94.4864654541016,41.1612892150879,755,25319,"iowa","adair",2016,188
"28",-94.4864654541016,41.1612892150879,755,25319,"iowa","adair",2017,195
"29",-94.4864654541016,41.1612892150879,755,25319,"iowa","adair",2018,221
"30",-94.4864654541016,41.1612892150879,755,25319,"iowa","adair",2019,230
"31",-94.4864654541016,41.1612892150879,755,25319,"iowa","adair",2020,230
"32",-94.4864654541016,41.1612892150879,755,25319,"iowa","adair",2021,219
"33",-94.4864654541016,41.1612892150879,755,25319,"iowa","adair",2022,217
"34",-94.4864654541016,41.1612892150879,755,25319,"iowa","adair",2023,184
"35",-94.4864654541016,41.1612892150879,755,25319,"iowa","adair",2024,169
"36",-94.4864654541016,41.1612892150879,755,25319,"iowa","adair",2025,12
"37",-94.7099227905273,41.1612892150879,755,25320,"iowa","adair",2014,143
"38",-94.7099227905273,41.1612892150879,755,25320,"iowa","adair",2015,183
"39",-94.7099227905273,41.1612892150879,755,25320,"iowa","adair",2016,188
"40",-94.7099227905273,41.1612892150879,755,25320,"iowa","adair",2017,195
"41",-94.7099227905273,41.1612892150879,755,25320,"iowa","adair",2018,221
"42",-94.7099227905273,41.1612892150879,755,25320,"iowa","adair",2019,230
"43",-94.7099227905273,41.1612892150879,755,25320,"iowa","adair",2020,230
"44",-94.7099227905273,41.1612892150879,755,25320,"iowa","adair",2021,219
"45",-94.7099227905273,41.1612892150879,755,25320,"iowa","adair",2022,217
"46",-94.7099227905273,41.1612892150879,755,25320,"iowa","adair",2023,184
"47",-94.7099227905273,41.1612892150879,755,25320,"iowa","adair",2024,169
"48",-94.7099227905273,41.1612892150879,755,25320,"iowa","adair",2025,12
"49",-94.7099227905273,41.5050621032715,755,25321,"iowa","adair",2014,143
"50",-94.7099227905273,41.5050621032715,755,25321,"iowa","adair",2015,183
"51",-94.7099227905273,41.5050621032715,755,25321,"iowa","adair",2016,188
"52",-94.7099227905273,41.5050621032715,755,25321,"iowa","adair",2017,195
"53",-94.7099227905273,41.5050621032715,755,25321,"iowa","adair",2018,221
"54",-94.7099227905273,41.5050621032715,755,25321,"iowa","adair",2019,230
"55",-94.7099227905273,41.5050621032715,755,25321,"iowa","adair",2020,230
"56",-94.7099227905273,41.5050621032715,755,25321,"iowa","adair",2021,219
"57",-94.7099227905273,41.5050621032715,755,25321,"iowa","adair",2022,217
"58",-94.7099227905273,41.5050621032715,755,25321,"iowa","adair",2023,184
"59",-94.7099227905273,41.5050621032715,755,25321,"iowa","adair",2024,169
"60",-94.7099227905273,41.5050621032715,755,25321,"iowa","adair",2025,12
"61",-94.2458267211914,41.5050621032715,755,25322,"iowa","adair",2014,143
"62",-94.2458267211914,41.5050621032715,755,25322,"iowa","adair",2015,183
"63",-94.2458267211914,41.5050621032715,755,25322,"iowa","adair",2016,188
"64",-94.2458267211914,41.5050621032715,755,25322,"iowa","adair",2017,195
"65",-94.2458267211914,41.5050621032715,755,25322,"iowa","adair",2018,221
"66",-94.2458267211914,41.5050621032715,755,25322,"iowa","adair",2019,230
"67",-94.2458267211914,41.5050621032715,755,25322,"iowa","adair",2020,230
"68",-94.2458267211914,41.5050621032715,755,25322,"iowa","adair",2021,219
"69",-94.2458267211914,41.5050621032715,755,25322,"iowa","adair",2022,217
"70",-94.2458267211914,41.5050621032715,755,25322,"iowa","adair",2023,184
"71",-94.2458267211914,41.5050621032715,755,25322,"iowa","adair",2024,169
"72",-94.2458267211914,41.5050621032715,755,25322,"iowa","adair",2025,12
"73",-94.7099227905273,41.1612892150879,756,25324,"iowa","adams",2014,48
"74",-94.7099227905273,41.1612892150879,756,25324,"iowa","adams",2015,55
"75",-94.7099227905273,41.1612892150879,756,25324,"iowa","adams",2016,38
"76",-94.7099227905273,41.1612892150879,756,25324,"iowa","adams",2017,41
"77",-94.7099227905273,41.1612892150879,756,25324,"iowa","adams",2018,27
"78",-94.7099227905273,41.1612892150879,756,25324,"iowa","adams",2019,27
"79",-94.7099227905273,41.1612892150879,756,25324,"iowa","adams",2020,32
"80",-94.7099227905273,41.1612892150879,756,25324,"iowa","adams",2021,35
"81",-94.7099227905273,41.1612892150879,756,25324,"iowa","adams",2022,32
"82",-94.7099227905273,41.1612892150879,756,25324,"iowa","adams",2023,49
"83",-94.7099227905273,41.1612892150879,756,25324,"iowa","adams",2024,28
"84",-94.7099227905273,41.1612892150879,756,25324,"iowa","adams",2025,3
"85",-94.4864654541016,41.1612892150879,756,25325,"iowa","adams",2014,48
"86",-94.4864654541016,41.1612892150879,756,25325,"iowa","adams",2015,55
"87",-94.4864654541016,41.1612892150879,756,25325,"iowa","adams",2016,38
"88",-94.4864654541016,41.1612892150879,756,25325,"iowa","adams",2017,41
"89",-94.4864654541016,41.1612892150879,756,25325,"iowa","adams",2018,27
"90",-94.4864654541016,41.1612892150879,756,25325,"iowa","adams",2019,27
"91",-94.4864654541016,41.1612892150879,756,25325,"iowa","adams",2020,32
"92",-94.4864654541016,41.1612892150879,756,25325,"iowa","adams",2021,35
"93",-94.4864654541016,41.1612892150879,756,25325,"iowa","adams",2022,32
"94",-94.4864654541016,41.1612892150879,756,25325,"iowa","adams",2023,49
"95",-94.4864654541016,41.1612892150879,756,25325,"iowa","adams",2024,28
"96",-94.4864654541016,41.1612892150879,756,25325,"iowa","adams",2025,3
"97",-94.4864654541016,40.9034576416016,756,25326,"iowa","adams",2014,48
"98",-94.4864654541016,40.9034576416016,756,25326,"iowa","adams",2015,55
"99",-94.4864654541016,40.9034576416016,756,25326,"iowa","adams",2016,38
"100",-94.4864654541016,40.9034576416016,756,25326,"iowa","adams",2017,41
"101",-94.4864654541016,40.9034576416016,756,25326,"iowa","adams",2018,27
"102",-94.4864654541016,40.9034576416016,756,25326,"iowa","adams",2019,27
"103",-94.4864654541016,40.9034576416016,756,25326,"iowa","adams",2020,32
"104",-94.4864654541016,40.9034576416016,756,25326,"iowa","adams",2021,35
"105",-94.4864654541016,40.9034576416016,756,25326,"iowa","adams",2022,32
"106",-94.4864654541016,40.9034576416016,756,25326,"iowa","adams",2023,49
"107",-94.4864654541016,40.9034576416016,756,25326,"iowa","adams",2024,28
"108",-94.4864654541016,40.9034576416016,756,25326,"iowa","adams",2025,3
"109",-94.9333801269531,40.9034576416016,756,25327,"iowa","adams",2014,48
"110",-94.9333801269531,40.9034576416016,756,25327,"iowa","adams",2015,55
"111",-94.9333801269531,40.9034576416016,756,25327,"iowa","adams",2016,38
"112",-94.9333801269531,40.9034576416016,756,25327,"iowa","adams",2017,41
"113",-94.9333801269531,40.9034576416016,756,25327,"iowa","adams",2018,27
"114",-94.9333801269531,40.9034576416016,756,25327,"iowa","adams",2019,27
"115",-94.9333801269531,40.9034576416016,756,25327,"iowa","adams",2020,32
"116",-94.9333801269531,40.9034576416016,756,25327,"iowa","adams",2021,35
"117",-94.9333801269531,40.9034576416016,756,25327,"iowa","adams",2022,32
"118",-94.9333801269531,40.9034576416016,756,25327,"iowa","adams",2023,49
"119",-94.9333801269531,40.9034576416016,756,25327,"iowa","adams",2024,28
"120",-94.9333801269531,40.9034576416016,756,25327,"iowa","adams",2025,3
"121",-94.9333801269531,41.1555557250977,756,25328,"iowa","adams",2014,48
"122",-94.9333801269531,41.1555557250977,756,25328,"iowa","adams",2015,55
"123",-94.9333801269531,41.1555557250977,756,25328,"iowa","adams",2016,38
"124",-94.9333801269531,41.1555557250977,756,25328,"iowa","adams",2017,41
"125",-94.9333801269531,41.1555557250977,756,25328,"iowa","adams",2018,27
"126",-94.9333801269531,41.1555557250977,756,25328,"iowa","adams",2019,27
"127",-94.9333801269531,41.1555557250977,756,25328,"iowa","adams",2020,32
"128",-94.9333801269531,41.1555557250977,756,25328,"iowa","adams",2021,35
"129",-94.9333801269531,41.1555557250977,756,25328,"iowa","adams",2022,32
"130",-94.9333801269531,41.1555557250977,756,25328,"iowa","adams",2023,49
"131",-94.9333801269531,41.1555557250977,756,25328,"iowa","adams",2024,28
"132",-94.9333801269531,41.1555557250977,756,25328,"iowa","adams",2025,3
"133",-94.7099227905273,41.1612892150879,756,25329,"iowa","adams",2014,48
"134",-94.7099227905273,41.1612892150879,756,25329,"iowa","adams",2015,55
"135",-94.7099227905273,41.1612892150879,756,25329,"iowa","adams",2016,38
"136",-94.7099227905273,41.1612892150879,756,25329,"iowa","adams",2017,41
"137",-94.7099227905273,41.1612892150879,756,25329,"iowa","adams",2018,27
"138",-94.7099227905273,41.1612892150879,756,25329,"iowa","adams",2019,27
"139",-94.7099227905273,41.1612892150879,756,25329,"iowa","adams",2020,32
"140",-94.7099227905273,41.1612892150879,756,25329,"iowa","adams",2021,35
"141",-94.7099227905273,41.1612892150879,756,25329,"iowa","adams",2022,32
"142",-94.7099227905273,41.1612892150879,756,25329,"iowa","adams",2023,49
"143",-94.7099227905273,41.1612892150879,756,25329,"iowa","adams",2024,28
"144",-94.7099227905273,41.1612892150879,756,25329,"iowa","adams",2025,3
"145",-91.2263412475586,43.4989547729492,757,25331,"iowa","allamakee",2014,140
"146",-91.2263412475586,43.4989547729492,757,25331,"iowa","allamakee",2015,187
"147",-91.2263412475586,43.4989547729492,757,25331,"iowa","allamakee",2016,186
"148",-91.2263412475586,43.4989547729492,757,25331,"iowa","allamakee",2017,201
"149",-91.2263412475586,43.4989547729492,757,25331,"iowa","allamakee",2018,161
"150",-91.2263412475586,43.4989547729492,757,25331,"iowa","allamakee",2019,182
"151",-91.2263412475586,43.4989547729492,757,25331,"iowa","allamakee",2020,202
"152",-91.2263412475586,43.4989547729492,757,25331,"iowa","allamakee",2021,170
"153",-91.2263412475586,43.4989547729492,757,25331,"iowa","allamakee",2022,165
"154",-91.2263412475586,43.4989547729492,757,25331,"iowa","allamakee",2023,212
"155",-91.2263412475586,43.4989547729492,757,25331,"iowa","allamakee",2024,199
"156",-91.2263412475586,43.4989547729492,757,25331,"iowa","allamakee",2025,12
"157",-91.2263412475586,43.4531211853027,757,25332,"iowa","allamakee",2014,140
"158",-91.2263412475586,43.4531211853027,757,25332,"iowa","allamakee",2015,187
"159",-91.2263412475586,43.4531211853027,757,25332,"iowa","allamakee",2016,186
"160",-91.2263412475586,43.4531211853027,757,25332,"iowa","allamakee",2017,201
"161",-91.2263412475586,43.4531211853027,757,25332,"iowa","allamakee",2018,161
"162",-91.2263412475586,43.4531211853027,757,25332,"iowa","allamakee",2019,182
"163",-91.2263412475586,43.4531211853027,757,25332,"iowa","allamakee",2020,202
"164",-91.2263412475586,43.4531211853027,757,25332,"iowa","allamakee",2021,170
"165",-91.2263412475586,43.4531211853027,757,25332,"iowa","allamakee",2022,165
"166",-91.2263412475586,43.4531211853027,757,25332,"iowa","allamakee",2023,212
"167",-91.2263412475586,43.4531211853027,757,25332,"iowa","allamakee",2024,199
"168",-91.2263412475586,43.4531211853027,757,25332,"iowa","allamakee",2025,12
"169",-91.2034225463867,43.4302024841309,757,25333,"iowa","allamakee",2014,140
"170",-91.2034225463867,43.4302024841309,757,25333,"iowa","allamakee",2015,187
"171",-91.2034225463867,43.4302024841309,757,25333,"iowa","allamakee",2016,186
"172",-91.2034225463867,43.4302024841309,757,25333,"iowa","allamakee",2017,201
"173",-91.2034225463867,43.4302024841309,757,25333,"iowa","allamakee",2018,161
"174",-91.2034225463867,43.4302024841309,757,25333,"iowa","allamakee",2019,182
"175",-91.2034225463867,43.4302024841309,757,25333,"iowa","allamakee",2020,202
"176",-91.2034225463867,43.4302024841309,757,25333,"iowa","allamakee",2021,170
"177",-91.2034225463867,43.4302024841309,757,25333,"iowa","allamakee",2022,165
"178",-91.2034225463867,43.4302024841309,757,25333,"iowa","allamakee",2023,212
"179",-91.2034225463867,43.4302024841309,757,25333,"iowa","allamakee",2024,199
"180",-91.2034225463867,43.4302024841309,757,25333,"iowa","allamakee",2025,12
"181",-91.1690444946289,43.413013458252,757,25334,"iowa","allamakee",2014,140
"182",-91.1690444946289,43.413013458252,757,25334,"iowa","allamakee",2015,187
"183",-91.1690444946289,43.413013458252,757,25334,"iowa","allamakee",2016,186
"184",-91.1690444946289,43.413013458252,757,25334,"iowa","allamakee",2017,201
"185",-91.1690444946289,43.413013458252,757,25334,"iowa","allamakee",2018,161
"186",-91.1690444946289,43.413013458252,757,25334,"iowa","allamakee",2019,182
"187",-91.1690444946289,43.413013458252,757,25334,"iowa","allamakee",2020,202
"188",-91.1690444946289,43.413013458252,757,25334,"iowa","allamakee",2021,170
"189",-91.1690444946289,43.413013458252,757,25334,"iowa","allamakee",2022,165
"190",-91.1690444946289,43.413013458252,757,25334,"iowa","allamakee",2023,212
"191",-91.1690444946289,43.413013458252,757,25334,"iowa","allamakee",2024,199
"192",-91.1690444946289,43.413013458252,757,25334,"iowa","allamakee",2025,12
"193",-91.15185546875,43.3614463806152,757,25335,"iowa","allamakee",2014,140
"194",-91.15185546875,43.3614463806152,757,25335,"iowa","allamakee",2015,187
"195",-91.15185546875,43.3614463806152,757,25335,"iowa","allamakee",2016,186
"196",-91.15185546875,43.3614463806152,757,25335,"iowa","allamakee",2017,201
"197",-91.15185546875,43.3614463806152,757,25335,"iowa","allamakee",2018,161
"198",-91.15185546875,43.3614463806152,757,25335,"iowa","allamakee",2019,182
"199",-91.15185546875,43.3614463806152,757,25335,"iowa","allamakee",2020,202
"200",-91.15185546875,43.3614463806152,757,25335,"iowa","allamakee",2021,170
"201",-91.15185546875,43.3614463806152,757,25335,"iowa","allamakee",2022,165
"202",-91.15185546875,43.3614463806152,757,25335,"iowa","allamakee",2023,212
"203",-91.15185546875,43.3614463806152,757,25335,"iowa","allamakee",2024,199
"204",-91.15185546875,43.3614463806152,757,25335,"iowa","allamakee",2025,12
"205",-91.0716400146484,43.2984199523926,757,25336,"iowa","allamakee",2014,140
"206",-91.0716400146484,43.2984199523926,757,25336,"iowa","allamakee",2015,187
"207",-91.0716400146484,43.2984199523926,757,25336,"iowa","allamakee",2016,186
"208",-91.0716400146484,43.2984199523926,757,25336,"iowa","allamakee",2017,201
"209",-91.0716400146484,43.2984199523926,757,25336,"iowa","allamakee",2018,161
"210",-91.0716400146484,43.2984199523926,757,25336,"iowa","allamakee",2019,182
"211",-91.0716400146484,43.2984199523926,757,25336,"iowa","allamakee",2020,202
"212",-91.0716400146484,43.2984199523926,757,25336,"iowa","allamakee",2021,170
"213",-91.0716400146484,43.2984199523926,757,25336,"iowa","allamakee",2022,165
"214",-91.0716400146484,43.2984199523926,757,25336,"iowa","allamakee",2023,212
"215",-91.0716400146484,43.2984199523926,757,25336,"iowa","allamakee",2024,199
"216",-91.0716400146484,43.2984199523926,757,25336,"iowa","allamakee",2025,12
"217",-91.0601806640625,43.2640419006348,757,25337,"iowa","allamakee",2014,140
"218",-91.0601806640625,43.2640419006348,757,25337,"iowa","allamakee",2015,187
"219",-91.0601806640625,43.2640419006348,757,25337,"iowa","allamakee",2016,186
"220",-91.0601806640625,43.2640419006348,757,25337,"iowa","allamakee",2017,201
"221",-91.0601806640625,43.2640419006348,757,25337,"iowa","allamakee",2018,161
"222",-91.0601806640625,43.2640419006348,757,25337,"iowa","allamakee",2019,182
"223",-91.0601806640625,43.2640419006348,757,25337,"iowa","allamakee",2020,202
"224",-91.0601806640625,43.2640419006348,757,25337,"iowa","allamakee",2021,170
"225",-91.0601806640625,43.2640419006348,757,25337,"iowa","allamakee",2022,165
"226",-91.0601806640625,43.2640419006348,757,25337,"iowa","allamakee",2023,212
"227",-91.0601806640625,43.2640419006348,757,25337,"iowa","allamakee",2024,199
"228",-91.0601806640625,43.2640419006348,757,25337,"iowa","allamakee",2025,12
"229",-91.0716400146484,43.2411231994629,757,25338,"iowa","allamakee",2014,140
"230",-91.0716400146484,43.2411231994629,757,25338,"iowa","allamakee",2015,187
"231",-91.0716400146484,43.2411231994629,757,25338,"iowa","allamakee",2016,186
"232",-91.0716400146484,43.2411231994629,757,25338,"iowa","allamakee",2017,201
"233",-91.0716400146484,43.2411231994629,757,25338,"iowa","allamakee",2018,161
"234",-91.0716400146484,43.2411231994629,757,25338,"iowa","allamakee",2019,182
"235",-91.0716400146484,43.2411231994629,757,25338,"iowa","allamakee",2020,202
"236",-91.0716400146484,43.2411231994629,757,25338,"iowa","allamakee",2021,170
"237",-91.0716400146484,43.2411231994629,757,25338,"iowa","allamakee",2022,165
"238",-91.0716400146484,43.2411231994629,757,25338,"iowa","allamakee",2023,212
"239",-91.0716400146484,43.2411231994629,757,25338,"iowa","allamakee",2024,199
"240",-91.0716400146484,43.2411231994629,757,25338,"iowa","allamakee",2025,12
"241",-91.1403961181641,43.1666412353516,757,25339,"iowa","allamakee",2014,140
"242",-91.1403961181641,43.1666412353516,757,25339,"iowa","allamakee",2015,187
"243",-91.1403961181641,43.1666412353516,757,25339,"iowa","allamakee",2016,186
"244",-91.1403961181641,43.1666412353516,757,25339,"iowa","allamakee",2017,201
"245",-91.1403961181641,43.1666412353516,757,25339,"iowa","allamakee",2018,161
"246",-91.1403961181641,43.1666412353516,757,25339,"iowa","allamakee",2019,182
"247",-91.1403961181641,43.1666412353516,757,25339,"iowa","allamakee",2020,202
"248",-91.1403961181641,43.1666412353516,757,25339,"iowa","allamakee",2021,170
"249",-91.1403961181641,43.1666412353516,757,25339,"iowa","allamakee",2022,165
"250",-91.1403961181641,43.1666412353516,757,25339,"iowa","allamakee",2023,212
"251",-91.1403961181641,43.1666412353516,757,25339,"iowa","allamakee",2024,199
"252",-91.1403961181641,43.1666412353516,757,25339,"iowa","allamakee",2025,12
"253",-91.1747741699219,43.1265296936035,757,25340,"iowa","allamakee",2014,140
"254",-91.1747741699219,43.1265296936035,757,25340,"iowa","allamakee",2015,187
"255",-91.1747741699219,43.1265296936035,757,25340,"iowa","allamakee",2016,186
"256",-91.1747741699219,43.1265296936035,757,25340,"iowa","allamakee",2017,201
"257",-91.1747741699219,43.1265296936035,757,25340,"iowa","allamakee",2018,161
"258",-91.1747741699219,43.1265296936035,757,25340,"iowa","allamakee",2019,182
"259",-91.1747741699219,43.1265296936035,757,25340,"iowa","allamakee",2020,202
"260",-91.1747741699219,43.1265296936035,757,25340,"iowa","allamakee",2021,170
"261",-91.1747741699219,43.1265296936035,757,25340,"iowa","allamakee",2022,165
"262",-91.1747741699219,43.1265296936035,757,25340,"iowa","allamakee",2023,212
"263",-91.1747741699219,43.1265296936035,757,25340,"iowa","allamakee",2024,199
"264",-91.1747741699219,43.1265296936035,757,25340,"iowa","allamakee",2025,12
"265",-91.1805038452148,43.080696105957,757,25341,"iowa","allamakee",2014,140
"266",-91.1805038452148,43.080696105957,757,25341,"iowa","allamakee",2015,187
"267",-91.1805038452148,43.080696105957,757,25341,"iowa","allamakee",2016,186
"268",-91.1805038452148,43.080696105957,757,25341,"iowa","allamakee",2017,201
"269",-91.1805038452148,43.080696105957,757,25341,"iowa","allamakee",2018,161
"270",-91.1805038452148,43.080696105957,757,25341,"iowa","allamakee",2019,182
"271",-91.1805038452148,43.080696105957,757,25341,"iowa","allamakee",2020,202
"272",-91.1805038452148,43.080696105957,757,25341,"iowa","allamakee",2021,170
"273",-91.1805038452148,43.080696105957,757,25341,"iowa","allamakee",2022,165
"274",-91.1805038452148,43.080696105957,757,25341,"iowa","allamakee",2023,212
"275",-91.1805038452148,43.080696105957,757,25341,"iowa","allamakee",2024,199
"276",-91.1805038452148,43.080696105957,757,25341,"iowa","allamakee",2025,12
"277",-91.1747741699219,43.08642578125,757,25342,"iowa","allamakee",2014,140
"278",-91.1747741699219,43.08642578125,757,25342,"iowa","allamakee",2015,187
"279",-91.1747741699219,43.08642578125,757,25342,"iowa","allamakee",2016,186
"280",-91.1747741699219,43.08642578125,757,25342,"iowa","allamakee",2017,201
"281",-91.1747741699219,43.08642578125,757,25342,"iowa","allamakee",2018,161
"282",-91.1747741699219,43.08642578125,757,25342,"iowa","allamakee",2019,182
"283",-91.1747741699219,43.08642578125,757,25342,"iowa","allamakee",2020,202
"284",-91.1747741699219,43.08642578125,757,25342,"iowa","allamakee",2021,170
"285",-91.1747741699219,43.08642578125,757,25342,"iowa","allamakee",2022,165
"286",-91.1747741699219,43.08642578125,757,25342,"iowa","allamakee",2023,212
"287",-91.1747741699219,43.08642578125,757,25342,"iowa","allamakee",2024,199
"288",-91.1747741699219,43.08642578125,757,25342,"iowa","allamakee",2025,12
"289",-91.598762512207,43.08642578125,757,25343,"iowa","allamakee",2014,140
"290",-91.598762512207,43.08642578125,757,25343,"iowa","allamakee",2015,187
"291",-91.598762512207,43.08642578125,757,25343,"iowa","allamakee",2016,186
"292",-91.598762512207,43.08642578125,757,25343,"iowa","allamakee",2017,201
"293",-91.598762512207,43.08642578125,757,25343,"iowa","allamakee",2018,161
"294",-91.598762512207,43.08642578125,757,25343,"iowa","allamakee",2019,182
"295",-91.598762512207,43.08642578125,757,25343,"iowa","allamakee",2020,202
"296",-91.598762512207,43.08642578125,757,25343,"iowa","allamakee",2021,170
"297",-91.598762512207,43.08642578125,757,25343,"iowa","allamakee",2022,165
"298",-91.598762512207,43.08642578125,757,25343,"iowa","allamakee",2023,212
"299",-91.598762512207,43.08642578125,757,25343,"iowa","allamakee",2024,199
"300",-91.598762512207,43.08642578125,757,25343,"iowa","allamakee",2025,12
"301",-91.598762512207,43.3557167053223,757,25344,"iowa","allamakee",2014,140
"302",-91.598762512207,43.3557167053223,757,25344,"iowa","allamakee",2015,187
"303",-91.598762512207,43.3557167053223,757,25344,"iowa","allamakee",2016,186
"304",-91.598762512207,43.3557167053223,757,25344,"iowa","allamakee",2017,201
"305",-91.598762512207,43.3557167053223,757,25344,"iowa","allamakee",2018,161
"306",-91.598762512207,43.3557167053223,757,25344,"iowa","allamakee",2019,182
"307",-91.598762512207,43.3557167053223,757,25344,"iowa","allamakee",2020,202
"308",-91.598762512207,43.3557167053223,757,25344,"iowa","allamakee",2021,170
"309",-91.598762512207,43.3557167053223,757,25344,"iowa","allamakee",2022,165
"310",-91.598762512207,43.3557167053223,757,25344,"iowa","allamakee",2023,212
"311",-91.598762512207,43.3557167053223,757,25344,"iowa","allamakee",2024,199
"312",-91.598762512207,43.3557167053223,757,25344,"iowa","allamakee",2025,12
"313",-91.610221862793,43.3499870300293,757,25345,"iowa","allamakee",2014,140
"314",-91.610221862793,43.3499870300293,757,25345,"iowa","allamakee",2015,187
"315",-91.610221862793,43.3499870300293,757,25345,"iowa","allamakee",2016,186
"316",-91.610221862793,43.3499870300293,757,25345,"iowa","allamakee",2017,201
"317",-91.610221862793,43.3499870300293,757,25345,"iowa","allamakee",2018,161
"318",-91.610221862793,43.3499870300293,757,25345,"iowa","allamakee",2019,182
"319",-91.610221862793,43.3499870300293,757,25345,"iowa","allamakee",2020,202
"320",-91.610221862793,43.3499870300293,757,25345,"iowa","allamakee",2021,170
"321",-91.610221862793,43.3499870300293,757,25345,"iowa","allamakee",2022,165
"322",-91.610221862793,43.3499870300293,757,25345,"iowa","allamakee",2023,212
"323",-91.610221862793,43.3499870300293,757,25345,"iowa","allamakee",2024,199
"324",-91.610221862793,43.3499870300293,757,25345,"iowa","allamakee",2025,12
"325",-91.6044921875,43.5104141235352,757,25346,"iowa","allamakee",2014,140
"326",-91.6044921875,43.5104141235352,757,25346,"iowa","allamakee",2015,187
"327",-91.6044921875,43.5104141235352,757,25346,"iowa","allamakee",2016,186
"328",-91.6044921875,43.5104141235352,757,25346,"iowa","allamakee",2017,201
"329",-91.6044921875,43.5104141235352,757,25346,"iowa","allamakee",2018,161
"330",-91.6044921875,43.5104141235352,757,25346,"iowa","allamakee",2019,182
"331",-91.6044921875,43.5104141235352,757,25346,"iowa","allamakee",2020,202
"332",-91.6044921875,43.5104141235352,757,25346,"iowa","allamakee",2021,170
"333",-91.6044921875,43.5104141235352,757,25346,"iowa","allamakee",2022,165
"334",-91.6044921875,43.5104141235352,757,25346,"iowa","allamakee",2023,212
"335",-91.6044921875,43.5104141235352,757,25346,"iowa","allamakee",2024,199
"336",-91.6044921875,43.5104141235352,757,25346,"iowa","allamakee",2025,12
"337",-91.2263412475586,43.4989547729492,757,25347,"iowa","allamakee",2014,140
"338",-91.2263412475586,43.4989547729492,757,25347,"iowa","allamakee",2015,187
"339",-91.2263412475586,43.4989547729492,757,25347,"iowa","allamakee",2016,186
"340",-91.2263412475586,43.4989547729492,757,25347,"iowa","allamakee",2017,201
"341",-91.2263412475586,43.4989547729492,757,25347,"iowa","allamakee",2018,161
"342",-91.2263412475586,43.4989547729492,757,25347,"iowa","allamakee",2019,182
"343",-91.2263412475586,43.4989547729492,757,25347,"iowa","allamakee",2020,202
"344",-91.2263412475586,43.4989547729492,757,25347,"iowa","allamakee",2021,170
"345",-91.2263412475586,43.4989547729492,757,25347,"iowa","allamakee",2022,165
"346",-91.2263412475586,43.4989547729492,757,25347,"iowa","allamakee",2023,212
"347",-91.2263412475586,43.4989547729492,757,25347,"iowa","allamakee",2024,199
"348",-91.2263412475586,43.4989547729492,757,25347,"iowa","allamakee",2025,12
"349",-92.6300888061523,40.9034576416016,758,25349,"iowa","appanoose",2014,176
"350",-92.6300888061523,40.9034576416016,758,25349,"iowa","appanoose",2015,230
"351",-92.6300888061523,40.9034576416016,758,25349,"iowa","appanoose",2016,216
"352",-92.6300888061523,40.9034576416016,758,25349,"iowa","appanoose",2017,244
"353",-92.6300888061523,40.9034576416016,758,25349,"iowa","appanoose",2018,213
"354",-92.6300888061523,40.9034576416016,758,25349,"iowa","appanoose",2019,227
"355",-92.6300888061523,40.9034576416016,758,25349,"iowa","appanoose",2020,208
"356",-92.6300888061523,40.9034576416016,758,25349,"iowa","appanoose",2021,211
"357",-92.6300888061523,40.9034576416016,758,25349,"iowa","appanoose",2022,186
"358",-92.6300888061523,40.9034576416016,758,25349,"iowa","appanoose",2023,176
"359",-92.6300888061523,40.9034576416016,758,25349,"iowa","appanoose",2024,207
"360",-92.6300888061523,40.9034576416016,758,25349,"iowa","appanoose",2025,9
"361",-92.6300888061523,40.6055183410645,758,25350,"iowa","appanoose",2014,176
"362",-92.6300888061523,40.6055183410645,758,25350,"iowa","appanoose",2015,230
"363",-92.6300888061523,40.6055183410645,758,25350,"iowa","appanoose",2016,216
"364",-92.6300888061523,40.6055183410645,758,25350,"iowa","appanoose",2017,244
"365",-92.6300888061523,40.6055183410645,758,25350,"iowa","appanoose",2018,213
"366",-92.6300888061523,40.6055183410645,758,25350,"iowa","appanoose",2019,227
"367",-92.6300888061523,40.6055183410645,758,25350,"iowa","appanoose",2020,208
"368",-92.6300888061523,40.6055183410645,758,25350,"iowa","appanoose",2021,211
"369",-92.6300888061523,40.6055183410645,758,25350,"iowa","appanoose",2022,186
"370",-92.6300888061523,40.6055183410645,758,25350,"iowa","appanoose",2023,176
"371",-92.6300888061523,40.6055183410645,758,25350,"iowa","appanoose",2024,207
"372",-92.6300888061523,40.6055183410645,758,25350,"iowa","appanoose",2025,9
"373",-92.6873779296875,40.6055183410645,758,25351,"iowa","appanoose",2014,176
"374",-92.6873779296875,40.6055183410645,758,25351,"iowa","appanoose",2015,230
"375",-92.6873779296875,40.6055183410645,758,25351,"iowa","appanoose",2016,216
"376",-92.6873779296875,40.6055183410645,758,25351,"iowa","appanoose",2017,244
"377",-92.6873779296875,40.6055183410645,758,25351,"iowa","appanoose",2018,213
"378",-92.6873779296875,40.6055183410645,758,25351,"iowa","appanoose",2019,227
"379",-92.6873779296875,40.6055183410645,758,25351,"iowa","appanoose",2020,208
"380",-92.6873779296875,40.6055183410645,758,25351,"iowa","appanoose",2021,211
"381",-92.6873779296875,40.6055183410645,758,25351,"iowa","appanoose",2022,186
"382",-92.6873779296875,40.6055183410645,758,25351,"iowa","appanoose",2023,176
"383",-92.6873779296875,40.6055183410645,758,25351,"iowa","appanoose",2024,207
"384",-92.6873779296875,40.6055183410645,758,25351,"iowa","appanoose",2025,9
"385",-93.0999145507812,40.6055183410645,758,25352,"iowa","appanoose",2014,176
"386",-93.0999145507812,40.6055183410645,758,25352,"iowa","appanoose",2015,230
"387",-93.0999145507812,40.6055183410645,758,25352,"iowa","appanoose",2016,216
"388",-93.0999145507812,40.6055183410645,758,25352,"iowa","appanoose",2017,244
"389",-93.0999145507812,40.6055183410645,758,25352,"iowa","appanoose",2018,213
"390",-93.0999145507812,40.6055183410645,758,25352,"iowa","appanoose",2019,227
"391",-93.0999145507812,40.6055183410645,758,25352,"iowa","appanoose",2020,208
"392",-93.0999145507812,40.6055183410645,758,25352,"iowa","appanoose",2021,211
"393",-93.0999145507812,40.6055183410645,758,25352,"iowa","appanoose",2022,186
"394",-93.0999145507812,40.6055183410645,758,25352,"iowa","appanoose",2023,176
"395",-93.0999145507812,40.6055183410645,758,25352,"iowa","appanoose",2024,207
"396",-93.0999145507812,40.6055183410645,758,25352,"iowa","appanoose",2025,9
"397",-93.1056442260742,40.9034576416016,758,25353,"iowa","appanoose",2014,176
"398",-93.1056442260742,40.9034576416016,758,25353,"iowa","appanoose",2015,230
"399",-93.1056442260742,40.9034576416016,758,25353,"iowa","appanoose",2016,216
"400",-93.1056442260742,40.9034576416016,758,25353,"iowa","appanoose",2017,244
"401",-93.1056442260742,40.9034576416016,758,25353,"iowa","appanoose",2018,213
"402",-93.1056442260742,40.9034576416016,758,25353,"iowa","appanoose",2019,227
"403",-93.1056442260742,40.9034576416016,758,25353,"iowa","appanoose",2020,208
"404",-93.1056442260742,40.9034576416016,758,25353,"iowa","appanoose",2021,211
"405",-93.1056442260742,40.9034576416016,758,25353,"iowa","appanoose",2022,186
"406",-93.1056442260742,40.9034576416016,758,25353,"iowa","appanoose",2023,176
"407",-93.1056442260742,40.9034576416016,758,25353,"iowa","appanoose",2024,207
"408",-93.1056442260742,40.9034576416016,758,25353,"iowa","appanoose",2025,9
"409",-92.6300888061523,40.9034576416016,758,25354,"iowa","appanoose",2014,176
"410",-92.6300888061523,40.9034576416016,758,25354,"iowa","appanoose",2015,230
"411",-92.6300888061523,40.9034576416016,758,25354,"iowa","appanoose",2016,216
"412",-92.6300888061523,40.9034576416016,758,25354,"iowa","appanoose",2017,244
"413",-92.6300888061523,40.9034576416016,758,25354,"iowa","appanoose",2018,213
"414",-92.6300888061523,40.9034576416016,758,25354,"iowa","appanoose",2019,227
"415",-92.6300888061523,40.9034576416016,758,25354,"iowa","appanoose",2020,208
"416",-92.6300888061523,40.9034576416016,758,25354,"iowa","appanoose",2021,211
"417",-92.6300888061523,40.9034576416016,758,25354,"iowa","appanoose",2022,186
"418",-92.6300888061523,40.9034576416016,758,25354,"iowa","appanoose",2023,176
"419",-92.6300888061523,40.9034576416016,758,25354,"iowa","appanoose",2024,207
"420",-92.6300888061523,40.9034576416016,758,25354,"iowa","appanoose",2025,9
"421",-95.1052627563477,41.8602981567383,759,25356,"iowa","audubon",2014,57
"422",-95.1052627563477,41.8602981567383,759,25356,"iowa","audubon",2015,68
"423",-95.1052627563477,41.8602981567383,759,25356,"iowa","audubon",2016,61
"424",-95.1052627563477,41.8602981567383,759,25356,"iowa","audubon",2017,56
"425",-95.1052627563477,41.8602981567383,759,25356,"iowa","audubon",2018,77
"426",-95.1052627563477,41.8602981567383,759,25356,"iowa","audubon",2019,65
"427",-95.1052627563477,41.8602981567383,759,25356,"iowa","audubon",2020,75
"428",-95.1052627563477,41.8602981567383,759,25356,"iowa","audubon",2021,59
"429",-95.1052627563477,41.8602981567383,759,25356,"iowa","audubon",2022,55
"430",-95.1052627563477,41.8602981567383,759,25356,"iowa","audubon",2023,67
"431",-95.1052627563477,41.8602981567383,759,25356,"iowa","audubon",2024,67
"432",-95.1052627563477,41.8602981567383,759,25356,"iowa","audubon",2025,2
"433",-94.7557601928711,41.8660278320312,759,25357,"iowa","audubon",2014,57
"434",-94.7557601928711,41.8660278320312,759,25357,"iowa","audubon",2015,68
"435",-94.7557601928711,41.8660278320312,759,25357,"iowa","audubon",2016,61
"436",-94.7557601928711,41.8660278320312,759,25357,"iowa","audubon",2017,56
"437",-94.7557601928711,41.8660278320312,759,25357,"iowa","audubon",2018,77
"438",-94.7557601928711,41.8660278320312,759,25357,"iowa","audubon",2019,65
"439",-94.7557601928711,41.8660278320312,759,25357,"iowa","audubon",2020,75
"440",-94.7557601928711,41.8660278320312,759,25357,"iowa","audubon",2021,59
"441",-94.7557601928711,41.8660278320312,759,25357,"iowa","audubon",2022,55
"442",-94.7557601928711,41.8660278320312,759,25357,"iowa","audubon",2023,67
"443",-94.7557601928711,41.8660278320312,759,25357,"iowa","audubon",2024,67
"444",-94.7557601928711,41.8660278320312,759,25357,"iowa","audubon",2025,2
"445",-94.7557601928711,41.6081924438477,759,25358,"iowa","audubon",2014,57
"446",-94.7557601928711,41.6081924438477,759,25358,"iowa","audubon",2015,68
"447",-94.7557601928711,41.6081924438477,759,25358,"iowa","audubon",2016,61
"448",-94.7557601928711,41.6081924438477,759,25358,"iowa","audubon",2017,56
"449",-94.7557601928711,41.6081924438477,759,25358,"iowa","audubon",2018,77
"450",-94.7557601928711,41.6081924438477,759,25358,"iowa","audubon",2019,65
"451",-94.7557601928711,41.6081924438477,759,25358,"iowa","audubon",2020,75
"452",-94.7557601928711,41.6081924438477,759,25358,"iowa","audubon",2021,59
"453",-94.7557601928711,41.6081924438477,759,25358,"iowa","audubon",2022,55
"454",-94.7557601928711,41.6081924438477,759,25358,"iowa","audubon",2023,67
"455",-94.7557601928711,41.6081924438477,759,25358,"iowa","audubon",2024,67
"456",-94.7557601928711,41.6081924438477,759,25358,"iowa","audubon",2025,2
"457",-94.7099227905273,41.6081924438477,759,25359,"iowa","audubon",2014,57
"458",-94.7099227905273,41.6081924438477,759,25359,"iowa","audubon",2015,68
"459",-94.7099227905273,41.6081924438477,759,25359,"iowa","audubon",2016,61
"460",-94.7099227905273,41.6081924438477,759,25359,"iowa","audubon",2017,56
"461",-94.7099227905273,41.6081924438477,759,25359,"iowa","audubon",2018,77
"462",-94.7099227905273,41.6081924438477,759,25359,"iowa","audubon",2019,65
"463",-94.7099227905273,41.6081924438477,759,25359,"iowa","audubon",2020,75
"464",-94.7099227905273,41.6081924438477,759,25359,"iowa","audubon",2021,59
"465",-94.7099227905273,41.6081924438477,759,25359,"iowa","audubon",2022,55
"466",-94.7099227905273,41.6081924438477,759,25359,"iowa","audubon",2023,67
"467",-94.7099227905273,41.6081924438477,759,25359,"iowa","audubon",2024,67
"468",-94.7099227905273,41.6081924438477,759,25359,"iowa","audubon",2025,2
"469",-94.7099227905273,41.5050621032715,759,25360,"iowa","audubon",2014,57
"470",-94.7099227905273,41.5050621032715,759,25360,"iowa","audubon",2015,68
"471",-94.7099227905273,41.5050621032715,759,25360,"iowa","audubon",2016,61
"472",-94.7099227905273,41.5050621032715,759,25360,"iowa","audubon",2017,56
"473",-94.7099227905273,41.5050621032715,759,25360,"iowa","audubon",2018,77
"474",-94.7099227905273,41.5050621032715,759,25360,"iowa","audubon",2019,65
"475",-94.7099227905273,41.5050621032715,759,25360,"iowa","audubon",2020,75
"476",-94.7099227905273,41.5050621032715,759,25360,"iowa","audubon",2021,59
"477",-94.7099227905273,41.5050621032715,759,25360,"iowa","audubon",2022,55
"478",-94.7099227905273,41.5050621032715,759,25360,"iowa","audubon",2023,67
"479",-94.7099227905273,41.5050621032715,759,25360,"iowa","audubon",2024,67
"480",-94.7099227905273,41.5050621032715,759,25360,"iowa","audubon",2025,2
"481",-95.0594329833984,41.5050621032715,759,25361,"iowa","audubon",2014,57
"482",-95.0594329833984,41.5050621032715,759,25361,"iowa","audubon",2015,68
"483",-95.0594329833984,41.5050621032715,759,25361,"iowa","audubon",2016,61
"484",-95.0594329833984,41.5050621032715,759,25361,"iowa","audubon",2017,56
"485",-95.0594329833984,41.5050621032715,759,25361,"iowa","audubon",2018,77
"486",-95.0594329833984,41.5050621032715,759,25361,"iowa","audubon",2019,65
"487",-95.0594329833984,41.5050621032715,759,25361,"iowa","audubon",2020,75
"488",-95.0594329833984,41.5050621032715,759,25361,"iowa","audubon",2021,59
"489",-95.0594329833984,41.5050621032715,759,25361,"iowa","audubon",2022,55
"490",-95.0594329833984,41.5050621032715,759,25361,"iowa","audubon",2023,67
"491",-95.0594329833984,41.5050621032715,759,25361,"iowa","audubon",2024,67
"492",-95.0594329833984,41.5050621032715,759,25361,"iowa","audubon",2025,2
"493",-95.0537033081055,41.602466583252,759,25362,"iowa","audubon",2014,57
"494",-95.0537033081055,41.602466583252,759,25362,"iowa","audubon",2015,68
"495",-95.0537033081055,41.602466583252,759,25362,"iowa","audubon",2016,61
"496",-95.0537033081055,41.602466583252,759,25362,"iowa","audubon",2017,56
"497",-95.0537033081055,41.602466583252,759,25362,"iowa","audubon",2018,77
"498",-95.0537033081055,41.602466583252,759,25362,"iowa","audubon",2019,65
"499",-95.0537033081055,41.602466583252,759,25362,"iowa","audubon",2020,75
"500",-95.0537033081055,41.602466583252,759,25362,"iowa","audubon",2021,59
"501",-95.0537033081055,41.602466583252,759,25362,"iowa","audubon",2022,55
"502",-95.0537033081055,41.602466583252,759,25362,"iowa","audubon",2023,67
"503",-95.0537033081055,41.602466583252,759,25362,"iowa","audubon",2024,67
"504",-95.0537033081055,41.602466583252,759,25362,"iowa","audubon",2025,2
"505",-95.1052627563477,41.602466583252,759,25363,"iowa","audubon",2014,57
"506",-95.1052627563477,41.602466583252,759,25363,"iowa","audubon",2015,68
"507",-95.1052627563477,41.602466583252,759,25363,"iowa","audubon",2016,61
"508",-95.1052627563477,41.602466583252,759,25363,"iowa","audubon",2017,56
"509",-95.1052627563477,41.602466583252,759,25363,"iowa","audubon",2018,77
"510",-95.1052627563477,41.602466583252,759,25363,"iowa","audubon",2019,65
"511",-95.1052627563477,41.602466583252,759,25363,"iowa","audubon",2020,75
"512",-95.1052627563477,41.602466583252,759,25363,"iowa","audubon",2021,59
"513",-95.1052627563477,41.602466583252,759,25363,"iowa","audubon",2022,55
"514",-95.1052627563477,41.602466583252,759,25363,"iowa","audubon",2023,67
"515",-95.1052627563477,41.602466583252,759,25363,"iowa","audubon",2024,67
"516",-95.1052627563477,41.602466583252,759,25363,"iowa","audubon",2025,2
"517",-95.1052627563477,41.8602981567383,759,25364,"iowa","audubon",2014,57
"518",-95.1052627563477,41.8602981567383,759,25364,"iowa","audubon",2015,68
"519",-95.1052627563477,41.8602981567383,759,25364,"iowa","audubon",2016,61
"520",-95.1052627563477,41.8602981567383,759,25364,"iowa","audubon",2017,56
"521",-95.1052627563477,41.8602981567383,759,25364,"iowa","audubon",2018,77
"522",-95.1052627563477,41.8602981567383,759,25364,"iowa","audubon",2019,65
"523",-95.1052627563477,41.8602981567383,759,25364,"iowa","audubon",2020,75
"524",-95.1052627563477,41.8602981567383,759,25364,"iowa","audubon",2021,59
"525",-95.1052627563477,41.8602981567383,759,25364,"iowa","audubon",2022,55
"526",-95.1052627563477,41.8602981567383,759,25364,"iowa","audubon",2023,67
"527",-95.1052627563477,41.8602981567383,759,25364,"iowa","audubon",2024,67
"528",-95.1052627563477,41.8602981567383,759,25364,"iowa","audubon",2025,2
"529",-92.062858581543,42.3014755249023,760,25366,"iowa","benton",2014,280
"530",-92.062858581543,42.3014755249023,760,25366,"iowa","benton",2015,284
"531",-92.062858581543,42.3014755249023,760,25366,"iowa","benton",2016,267
"532",-92.062858581543,42.3014755249023,760,25366,"iowa","benton",2017,274
"533",-92.062858581543,42.3014755249023,760,25366,"iowa","benton",2018,309
"534",-92.062858581543,42.3014755249023,760,25366,"iowa","benton",2019,328
"535",-92.062858581543,42.3014755249023,760,25366,"iowa","benton",2020,261
"536",-92.062858581543,42.3014755249023,760,25366,"iowa","benton",2021,324
"537",-92.062858581543,42.3014755249023,760,25366,"iowa","benton",2022,325
"538",-92.062858581543,42.3014755249023,760,25366,"iowa","benton",2023,290
"539",-92.062858581543,42.3014755249023,760,25366,"iowa","benton",2024,275
"540",-92.062858581543,42.3014755249023,760,25366,"iowa","benton",2025,18
"541",-91.8222122192383,42.3014755249023,760,25367,"iowa","benton",2014,280
"542",-91.8222122192383,42.3014755249023,760,25367,"iowa","benton",2015,284
"543",-91.8222122192383,42.3014755249023,760,25367,"iowa","benton",2016,267
"544",-91.8222122192383,42.3014755249023,760,25367,"iowa","benton",2017,274
"545",-91.8222122192383,42.3014755249023,760,25367,"iowa","benton",2018,309
"546",-91.8222122192383,42.3014755249023,760,25367,"iowa","benton",2019,328
"547",-91.8222122192383,42.3014755249023,760,25367,"iowa","benton",2020,261
"548",-91.8222122192383,42.3014755249023,760,25367,"iowa","benton",2021,324
"549",-91.8222122192383,42.3014755249023,760,25367,"iowa","benton",2022,325
"550",-91.8222122192383,42.3014755249023,760,25367,"iowa","benton",2023,290
"551",-91.8222122192383,42.3014755249023,760,25367,"iowa","benton",2024,275
"552",-91.8222122192383,42.3014755249023,760,25367,"iowa","benton",2025,18
"553",-91.8222122192383,41.871753692627,760,25368,"iowa","benton",2014,280
"554",-91.8222122192383,41.871753692627,760,25368,"iowa","benton",2015,284
"555",-91.8222122192383,41.871753692627,760,25368,"iowa","benton",2016,267
"556",-91.8222122192383,41.871753692627,760,25368,"iowa","benton",2017,274
"557",-91.8222122192383,41.871753692627,760,25368,"iowa","benton",2018,309
"558",-91.8222122192383,41.871753692627,760,25368,"iowa","benton",2019,328
"559",-91.8222122192383,41.871753692627,760,25368,"iowa","benton",2020,261
"560",-91.8222122192383,41.871753692627,760,25368,"iowa","benton",2021,324
"561",-91.8222122192383,41.871753692627,760,25368,"iowa","benton",2022,325
"562",-91.8222122192383,41.871753692627,760,25368,"iowa","benton",2023,290
"563",-91.8222122192383,41.871753692627,760,25368,"iowa","benton",2024,275
"564",-91.8222122192383,41.871753692627,760,25368,"iowa","benton",2025,18
"565",-92.2805786132812,41.871753692627,760,25369,"iowa","benton",2014,280
"566",-92.2805786132812,41.871753692627,760,25369,"iowa","benton",2015,284
"567",-92.2805786132812,41.871753692627,760,25369,"iowa","benton",2016,267
"568",-92.2805786132812,41.871753692627,760,25369,"iowa","benton",2017,274
"569",-92.2805786132812,41.871753692627,760,25369,"iowa","benton",2018,309
"570",-92.2805786132812,41.871753692627,760,25369,"iowa","benton",2019,328
"571",-92.2805786132812,41.871753692627,760,25369,"iowa","benton",2020,261
"572",-92.2805786132812,41.871753692627,760,25369,"iowa","benton",2021,324
"573",-92.2805786132812,41.871753692627,760,25369,"iowa","benton",2022,325
"574",-92.2805786132812,41.871753692627,760,25369,"iowa","benton",2023,290
"575",-92.2805786132812,41.871753692627,760,25369,"iowa","benton",2024,275
"576",-92.2805786132812,41.871753692627,760,25369,"iowa","benton",2025,18
"577",-92.2863159179688,42.3014755249023,760,25370,"iowa","benton",2014,280
"578",-92.2863159179688,42.3014755249023,760,25370,"iowa","benton",2015,284
"579",-92.2863159179688,42.3014755249023,760,25370,"iowa","benton",2016,267
"580",-92.2863159179688,42.3014755249023,760,25370,"iowa","benton",2017,274
"581",-92.2863159179688,42.3014755249023,760,25370,"iowa","benton",2018,309
"582",-92.2863159179688,42.3014755249023,760,25370,"iowa","benton",2019,328
"583",-92.2863159179688,42.3014755249023,760,25370,"iowa","benton",2020,261
"584",-92.2863159179688,42.3014755249023,760,25370,"iowa","benton",2021,324
"585",-92.2863159179688,42.3014755249023,760,25370,"iowa","benton",2022,325
"586",-92.2863159179688,42.3014755249023,760,25370,"iowa","benton",2023,290
"587",-92.2863159179688,42.3014755249023,760,25370,"iowa","benton",2024,275
"588",-92.2863159179688,42.3014755249023,760,25370,"iowa","benton",2025,18
"589",-92.062858581543,42.3014755249023,760,25371,"iowa","benton",2014,280
"590",-92.062858581543,42.3014755249023,760,25371,"iowa","benton",2015,284
"591",-92.062858581543,42.3014755249023,760,25371,"iowa","benton",2016,267
"592",-92.062858581543,42.3014755249023,760,25371,"iowa","benton",2017,274
"593",-92.062858581543,42.3014755249023,760,25371,"iowa","benton",2018,309
"594",-92.062858581543,42.3014755249023,760,25371,"iowa","benton",2019,328
"595",-92.062858581543,42.3014755249023,760,25371,"iowa","benton",2020,261
"596",-92.062858581543,42.3014755249023,760,25371,"iowa","benton",2021,324
"597",-92.062858581543,42.3014755249023,760,25371,"iowa","benton",2022,325
"598",-92.062858581543,42.3014755249023,760,25371,"iowa","benton",2023,290
"599",-92.062858581543,42.3014755249023,760,25371,"iowa","benton",2024,275
"600",-92.062858581543,42.3014755249023,760,25371,"iowa","benton",2025,18
"601",-92.5498733520508,42.6452484130859,761,25373,"iowa","black hawk",2014,2427
"602",-92.5498733520508,42.6452484130859,761,25373,"iowa","black hawk",2015,2354
"603",-92.5498733520508,42.6452484130859,761,25373,"iowa","black hawk",2016,2283
"604",-92.5498733520508,42.6452484130859,761,25373,"iowa","black hawk",2017,2159
"605",-92.5498733520508,42.6452484130859,761,25373,"iowa","black hawk",2018,2225
"606",-92.5498733520508,42.6452484130859,761,25373,"iowa","black hawk",2019,2322
"607",-92.5498733520508,42.6452484130859,761,25373,"iowa","black hawk",2020,1723
"608",-92.5498733520508,42.6452484130859,761,25373,"iowa","black hawk",2021,2151
"609",-92.5498733520508,42.6452484130859,761,25373,"iowa","black hawk",2022,1977
"610",-92.5498733520508,42.6452484130859,761,25373,"iowa","black hawk",2023,1958
"611",-92.5498733520508,42.6452484130859,761,25373,"iowa","black hawk",2024,2005
"612",-92.5498733520508,42.6452484130859,761,25373,"iowa","black hawk",2025,146
"613",-92.0800476074219,42.6452484130859,761,25374,"iowa","black hawk",2014,2427
"614",-92.0800476074219,42.6452484130859,761,25374,"iowa","black hawk",2015,2354
"615",-92.0800476074219,42.6452484130859,761,25374,"iowa","black hawk",2016,2283
"616",-92.0800476074219,42.6452484130859,761,25374,"iowa","black hawk",2017,2159
"617",-92.0800476074219,42.6452484130859,761,25374,"iowa","black hawk",2018,2225
"618",-92.0800476074219,42.6452484130859,761,25374,"iowa","black hawk",2019,2322
"619",-92.0800476074219,42.6452484130859,761,25374,"iowa","black hawk",2020,1723
"620",-92.0800476074219,42.6452484130859,761,25374,"iowa","black hawk",2021,2151
"621",-92.0800476074219,42.6452484130859,761,25374,"iowa","black hawk",2022,1977
"622",-92.0800476074219,42.6452484130859,761,25374,"iowa","black hawk",2023,1958
"623",-92.0800476074219,42.6452484130859,761,25374,"iowa","black hawk",2024,2005
"624",-92.0800476074219,42.6452484130859,761,25374,"iowa","black hawk",2025,146
"625",-92.0743179321289,42.4733619689941,761,25375,"iowa","black hawk",2014,2427
"626",-92.0743179321289,42.4733619689941,761,25375,"iowa","black hawk",2015,2354
"627",-92.0743179321289,42.4733619689941,761,25375,"iowa","black hawk",2016,2283
"628",-92.0743179321289,42.4733619689941,761,25375,"iowa","black hawk",2017,2159
"629",-92.0743179321289,42.4733619689941,761,25375,"iowa","black hawk",2018,2225
"630",-92.0743179321289,42.4733619689941,761,25375,"iowa","black hawk",2019,2322
"631",-92.0743179321289,42.4733619689941,761,25375,"iowa","black hawk",2020,1723
"632",-92.0743179321289,42.4733619689941,761,25375,"iowa","black hawk",2021,2151
"633",-92.0743179321289,42.4733619689941,761,25375,"iowa","black hawk",2022,1977
"634",-92.0743179321289,42.4733619689941,761,25375,"iowa","black hawk",2023,1958
"635",-92.0743179321289,42.4733619689941,761,25375,"iowa","black hawk",2024,2005
"636",-92.0743179321289,42.4733619689941,761,25375,"iowa","black hawk",2025,146
"637",-92.062858581543,42.4733619689941,761,25376,"iowa","black hawk",2014,2427
"638",-92.062858581543,42.4733619689941,761,25376,"iowa","black hawk",2015,2354
"639",-92.062858581543,42.4733619689941,761,25376,"iowa","black hawk",2016,2283
"640",-92.062858581543,42.4733619689941,761,25376,"iowa","black hawk",2017,2159
"641",-92.062858581543,42.4733619689941,761,25376,"iowa","black hawk",2018,2225
"642",-92.062858581543,42.4733619689941,761,25376,"iowa","black hawk",2019,2322
"643",-92.062858581543,42.4733619689941,761,25376,"iowa","black hawk",2020,1723
"644",-92.062858581543,42.4733619689941,761,25376,"iowa","black hawk",2021,2151
"645",-92.062858581543,42.4733619689941,761,25376,"iowa","black hawk",2022,1977
"646",-92.062858581543,42.4733619689941,761,25376,"iowa","black hawk",2023,1958
"647",-92.062858581543,42.4733619689941,761,25376,"iowa","black hawk",2024,2005
"648",-92.062858581543,42.4733619689941,761,25376,"iowa","black hawk",2025,146
"649",-92.062858581543,42.3014755249023,761,25377,"iowa","black hawk",2014,2427
"650",-92.062858581543,42.3014755249023,761,25377,"iowa","black hawk",2015,2354
"651",-92.062858581543,42.3014755249023,761,25377,"iowa","black hawk",2016,2283
"652",-92.062858581543,42.3014755249023,761,25377,"iowa","black hawk",2017,2159
"653",-92.062858581543,42.3014755249023,761,25377,"iowa","black hawk",2018,2225
"654",-92.062858581543,42.3014755249023,761,25377,"iowa","black hawk",2019,2322
"655",-92.062858581543,42.3014755249023,761,25377,"iowa","black hawk",2020,1723
"656",-92.062858581543,42.3014755249023,761,25377,"iowa","black hawk",2021,2151
"657",-92.062858581543,42.3014755249023,761,25377,"iowa","black hawk",2022,1977
"658",-92.062858581543,42.3014755249023,761,25377,"iowa","black hawk",2023,1958
"659",-92.062858581543,42.3014755249023,761,25377,"iowa","black hawk",2024,2005
"660",-92.062858581543,42.3014755249023,761,25377,"iowa","black hawk",2025,146
"661",-92.2863159179688,42.3014755249023,761,25378,"iowa","black hawk",2014,2427
"662",-92.2863159179688,42.3014755249023,761,25378,"iowa","black hawk",2015,2354
"663",-92.2863159179688,42.3014755249023,761,25378,"iowa","black hawk",2016,2283
"664",-92.2863159179688,42.3014755249023,761,25378,"iowa","black hawk",2017,2159
"665",-92.2863159179688,42.3014755249023,761,25378,"iowa","black hawk",2018,2225
"666",-92.2863159179688,42.3014755249023,761,25378,"iowa","black hawk",2019,2322
"667",-92.2863159179688,42.3014755249023,761,25378,"iowa","black hawk",2020,1723
"668",-92.2863159179688,42.3014755249023,761,25378,"iowa","black hawk",2021,2151
"669",-92.2863159179688,42.3014755249023,761,25378,"iowa","black hawk",2022,1977
"670",-92.2863159179688,42.3014755249023,761,25378,"iowa","black hawk",2023,1958
"671",-92.2863159179688,42.3014755249023,761,25378,"iowa","black hawk",2024,2005
"672",-92.2863159179688,42.3014755249023,761,25378,"iowa","black hawk",2025,146
"673",-92.5269546508789,42.3014755249023,761,25379,"iowa","black hawk",2014,2427
"674",-92.5269546508789,42.3014755249023,761,25379,"iowa","black hawk",2015,2354
"675",-92.5269546508789,42.3014755249023,761,25379,"iowa","black hawk",2016,2283
"676",-92.5269546508789,42.3014755249023,761,25379,"iowa","black hawk",2017,2159
"677",-92.5269546508789,42.3014755249023,761,25379,"iowa","black hawk",2018,2225
"678",-92.5269546508789,42.3014755249023,761,25379,"iowa","black hawk",2019,2322
"679",-92.5269546508789,42.3014755249023,761,25379,"iowa","black hawk",2020,1723
"680",-92.5269546508789,42.3014755249023,761,25379,"iowa","black hawk",2021,2151
"681",-92.5269546508789,42.3014755249023,761,25379,"iowa","black hawk",2022,1977
"682",-92.5269546508789,42.3014755249023,761,25379,"iowa","black hawk",2023,1958
"683",-92.5269546508789,42.3014755249023,761,25379,"iowa","black hawk",2024,2005
"684",-92.5269546508789,42.3014755249023,761,25379,"iowa","black hawk",2025,146
"685",-92.5269546508789,42.4733619689941,761,25380,"iowa","black hawk",2014,2427
"686",-92.5269546508789,42.4733619689941,761,25380,"iowa","black hawk",2015,2354
"687",-92.5269546508789,42.4733619689941,761,25380,"iowa","black hawk",2016,2283
"688",-92.5269546508789,42.4733619689941,761,25380,"iowa","black hawk",2017,2159
"689",-92.5269546508789,42.4733619689941,761,25380,"iowa","black hawk",2018,2225
"690",-92.5269546508789,42.4733619689941,761,25380,"iowa","black hawk",2019,2322
"691",-92.5269546508789,42.4733619689941,761,25380,"iowa","black hawk",2020,1723
"692",-92.5269546508789,42.4733619689941,761,25380,"iowa","black hawk",2021,2151
"693",-92.5269546508789,42.4733619689941,761,25380,"iowa","black hawk",2022,1977
"694",-92.5269546508789,42.4733619689941,761,25380,"iowa","black hawk",2023,1958
"695",-92.5269546508789,42.4733619689941,761,25380,"iowa","black hawk",2024,2005
"696",-92.5269546508789,42.4733619689941,761,25380,"iowa","black hawk",2025,146
"697",-92.5498733520508,42.4733619689941,761,25381,"iowa","black hawk",2014,2427
"698",-92.5498733520508,42.4733619689941,761,25381,"iowa","black hawk",2015,2354
"699",-92.5498733520508,42.4733619689941,761,25381,"iowa","black hawk",2016,2283
"700",-92.5498733520508,42.4733619689941,761,25381,"iowa","black hawk",2017,2159
"701",-92.5498733520508,42.4733619689941,761,25381,"iowa","black hawk",2018,2225
"702",-92.5498733520508,42.4733619689941,761,25381,"iowa","black hawk",2019,2322
"703",-92.5498733520508,42.4733619689941,761,25381,"iowa","black hawk",2020,1723
"704",-92.5498733520508,42.4733619689941,761,25381,"iowa","black hawk",2021,2151
"705",-92.5498733520508,42.4733619689941,761,25381,"iowa","black hawk",2022,1977
"706",-92.5498733520508,42.4733619689941,761,25381,"iowa","black hawk",2023,1958
"707",-92.5498733520508,42.4733619689941,761,25381,"iowa","black hawk",2024,2005
"708",-92.5498733520508,42.4733619689941,761,25381,"iowa","black hawk",2025,146
"709",-92.5498733520508,42.5650367736816,761,25382,"iowa","black hawk",2014,2427
"710",-92.5498733520508,42.5650367736816,761,25382,"iowa","black hawk",2015,2354
"711",-92.5498733520508,42.5650367736816,761,25382,"iowa","black hawk",2016,2283
"712",-92.5498733520508,42.5650367736816,761,25382,"iowa","black hawk",2017,2159
"713",-92.5498733520508,42.5650367736816,761,25382,"iowa","black hawk",2018,2225
"714",-92.5498733520508,42.5650367736816,761,25382,"iowa","black hawk",2019,2322
"715",-92.5498733520508,42.5650367736816,761,25382,"iowa","black hawk",2020,1723
"716",-92.5498733520508,42.5650367736816,761,25382,"iowa","black hawk",2021,2151
"717",-92.5498733520508,42.5650367736816,761,25382,"iowa","black hawk",2022,1977
"718",-92.5498733520508,42.5650367736816,761,25382,"iowa","black hawk",2023,1958
"719",-92.5498733520508,42.5650367736816,761,25382,"iowa","black hawk",2024,2005
"720",-92.5498733520508,42.5650367736816,761,25382,"iowa","black hawk",2025,146
"721",-92.5498733520508,42.6452484130859,761,25383,"iowa","black hawk",2014,2427
"722",-92.5498733520508,42.6452484130859,761,25383,"iowa","black hawk",2015,2354
"723",-92.5498733520508,42.6452484130859,761,25383,"iowa","black hawk",2016,2283
"724",-92.5498733520508,42.6452484130859,761,25383,"iowa","black hawk",2017,2159
"725",-92.5498733520508,42.6452484130859,761,25383,"iowa","black hawk",2018,2225
"726",-92.5498733520508,42.6452484130859,761,25383,"iowa","black hawk",2019,2322
"727",-92.5498733520508,42.6452484130859,761,25383,"iowa","black hawk",2020,1723
"728",-92.5498733520508,42.6452484130859,761,25383,"iowa","black hawk",2021,2151
"729",-92.5498733520508,42.6452484130859,761,25383,"iowa","black hawk",2022,1977
"730",-92.5498733520508,42.6452484130859,761,25383,"iowa","black hawk",2023,1958
"731",-92.5498733520508,42.6452484130859,761,25383,"iowa","black hawk",2024,2005
"732",-92.5498733520508,42.6452484130859,761,25383,"iowa","black hawk",2025,146
"733",-93.7015228271484,41.8602981567383,762,25385,"iowa","boone",2014,393
"734",-93.7015228271484,41.8602981567383,762,25385,"iowa","boone",2015,436
"735",-93.7015228271484,41.8602981567383,762,25385,"iowa","boone",2016,405
"736",-93.7015228271484,41.8602981567383,762,25385,"iowa","boone",2017,395
"737",-93.7015228271484,41.8602981567383,762,25385,"iowa","boone",2018,377
"738",-93.7015228271484,41.8602981567383,762,25385,"iowa","boone",2019,396
"739",-93.7015228271484,41.8602981567383,762,25385,"iowa","boone",2020,344
"740",-93.7015228271484,41.8602981567383,762,25385,"iowa","boone",2021,354
"741",-93.7015228271484,41.8602981567383,762,25385,"iowa","boone",2022,356
"742",-93.7015228271484,41.8602981567383,762,25385,"iowa","boone",2023,319
"743",-93.7015228271484,41.8602981567383,762,25385,"iowa","boone",2024,334
"744",-93.7015228271484,41.8602981567383,762,25385,"iowa","boone",2025,21
"745",-93.8161087036133,41.8602981567383,762,25386,"iowa","boone",2014,393
"746",-93.8161087036133,41.8602981567383,762,25386,"iowa","boone",2015,436
"747",-93.8161087036133,41.8602981567383,762,25386,"iowa","boone",2016,405
"748",-93.8161087036133,41.8602981567383,762,25386,"iowa","boone",2017,395
"749",-93.8161087036133,41.8602981567383,762,25386,"iowa","boone",2018,377
"750",-93.8161087036133,41.8602981567383,762,25386,"iowa","boone",2019,396
"751",-93.8161087036133,41.8602981567383,762,25386,"iowa","boone",2020,344
"752",-93.8161087036133,41.8602981567383,762,25386,"iowa","boone",2021,354
"753",-93.8161087036133,41.8602981567383,762,25386,"iowa","boone",2022,356
"754",-93.8161087036133,41.8602981567383,762,25386,"iowa","boone",2023,319
"755",-93.8161087036133,41.8602981567383,762,25386,"iowa","boone",2024,334
"756",-93.8161087036133,41.8602981567383,762,25386,"iowa","boone",2025,21
"757",-94.1713409423828,41.8660278320312,762,25387,"iowa","boone",2014,393
"758",-94.1713409423828,41.8660278320312,762,25387,"iowa","boone",2015,436
"759",-94.1713409423828,41.8660278320312,762,25387,"iowa","boone",2016,405
"760",-94.1713409423828,41.8660278320312,762,25387,"iowa","boone",2017,395
"761",-94.1713409423828,41.8660278320312,762,25387,"iowa","boone",2018,377
"762",-94.1713409423828,41.8660278320312,762,25387,"iowa","boone",2019,396
"763",-94.1713409423828,41.8660278320312,762,25387,"iowa","boone",2020,344
"764",-94.1713409423828,41.8660278320312,762,25387,"iowa","boone",2021,354
"765",-94.1713409423828,41.8660278320312,762,25387,"iowa","boone",2022,356
"766",-94.1713409423828,41.8660278320312,762,25387,"iowa","boone",2023,319
"767",-94.1713409423828,41.8660278320312,762,25387,"iowa","boone",2024,334
"768",-94.1713409423828,41.8660278320312,762,25387,"iowa","boone",2025,21
"769",-94.1656112670898,42.2098007202148,762,25388,"iowa","boone",2014,393
"770",-94.1656112670898,42.2098007202148,762,25388,"iowa","boone",2015,436
"771",-94.1656112670898,42.2098007202148,762,25388,"iowa","boone",2016,405
"772",-94.1656112670898,42.2098007202148,762,25388,"iowa","boone",2017,395
"773",-94.1656112670898,42.2098007202148,762,25388,"iowa","boone",2018,377
"774",-94.1656112670898,42.2098007202148,762,25388,"iowa","boone",2019,396
"775",-94.1656112670898,42.2098007202148,762,25388,"iowa","boone",2020,344
"776",-94.1656112670898,42.2098007202148,762,25388,"iowa","boone",2021,354
"777",-94.1656112670898,42.2098007202148,762,25388,"iowa","boone",2022,356
"778",-94.1656112670898,42.2098007202148,762,25388,"iowa","boone",2023,319
"779",-94.1656112670898,42.2098007202148,762,25388,"iowa","boone",2024,334
"780",-94.1656112670898,42.2098007202148,762,25388,"iowa","boone",2025,21
"781",-93.9307022094727,42.2098007202148,762,25389,"iowa","boone",2014,393
"782",-93.9307022094727,42.2098007202148,762,25389,"iowa","boone",2015,436
"783",-93.9307022094727,42.2098007202148,762,25389,"iowa","boone",2016,405
"784",-93.9307022094727,42.2098007202148,762,25389,"iowa","boone",2017,395
"785",-93.9307022094727,42.2098007202148,762,25389,"iowa","boone",2018,377
"786",-93.9307022094727,42.2098007202148,762,25389,"iowa","boone",2019,396
"787",-93.9307022094727,42.2098007202148,762,25389,"iowa","boone",2020,344
"788",-93.9307022094727,42.2098007202148,762,25389,"iowa","boone",2021,354
"789",-93.9307022094727,42.2098007202148,762,25389,"iowa","boone",2022,356
"790",-93.9307022094727,42.2098007202148,762,25389,"iowa","boone",2023,319
"791",-93.9307022094727,42.2098007202148,762,25389,"iowa","boone",2024,334
"792",-93.9307022094727,42.2098007202148,762,25389,"iowa","boone",2025,21
"793",-93.7015228271484,42.2098007202148,762,25390,"iowa","boone",2014,393
"794",-93.7015228271484,42.2098007202148,762,25390,"iowa","boone",2015,436
"795",-93.7015228271484,42.2098007202148,762,25390,"iowa","boone",2016,405
"796",-93.7015228271484,42.2098007202148,762,25390,"iowa","boone",2017,395
"797",-93.7015228271484,42.2098007202148,762,25390,"iowa","boone",2018,377
"798",-93.7015228271484,42.2098007202148,762,25390,"iowa","boone",2019,396
"799",-93.7015228271484,42.2098007202148,762,25390,"iowa","boone",2020,344
"800",-93.7015228271484,42.2098007202148,762,25390,"iowa","boone",2021,354
"801",-93.7015228271484,42.2098007202148,762,25390,"iowa","boone",2022,356
"802",-93.7015228271484,42.2098007202148,762,25390,"iowa","boone",2023,319
"803",-93.7015228271484,42.2098007202148,762,25390,"iowa","boone",2024,334
"804",-93.7015228271484,42.2098007202148,762,25390,"iowa","boone",2025,21
"805",-93.7015228271484,41.8602981567383,762,25391,"iowa","boone",2014,393
"806",-93.7015228271484,41.8602981567383,762,25391,"iowa","boone",2015,436
"807",-93.7015228271484,41.8602981567383,762,25391,"iowa","boone",2016,405
"808",-93.7015228271484,41.8602981567383,762,25391,"iowa","boone",2017,395
"809",-93.7015228271484,41.8602981567383,762,25391,"iowa","boone",2018,377
"810",-93.7015228271484,41.8602981567383,762,25391,"iowa","boone",2019,396
"811",-93.7015228271484,41.8602981567383,762,25391,"iowa","boone",2020,344
"812",-93.7015228271484,41.8602981567383,762,25391,"iowa","boone",2021,354
"813",-93.7015228271484,41.8602981567383,762,25391,"iowa","boone",2022,356
"814",-93.7015228271484,41.8602981567383,762,25391,"iowa","boone",2023,319
"815",-93.7015228271484,41.8602981567383,762,25391,"iowa","boone",2024,334
"816",-93.7015228271484,41.8602981567383,762,25391,"iowa","boone",2025,21
"817",-92.0800476074219,42.9088096618652,763,25393,"iowa","bremer",2014,440
"818",-92.0800476074219,42.9088096618652,763,25393,"iowa","bremer",2015,423
"819",-92.0800476074219,42.9088096618652,763,25393,"iowa","bremer",2016,382
"820",-92.0800476074219,42.9088096618652,763,25393,"iowa","bremer",2017,345
"821",-92.0800476074219,42.9088096618652,763,25393,"iowa","bremer",2018,357
"822",-92.0800476074219,42.9088096618652,763,25393,"iowa","bremer",2019,409
"823",-92.0800476074219,42.9088096618652,763,25393,"iowa","bremer",2020,290
"824",-92.0800476074219,42.9088096618652,763,25393,"iowa","bremer",2021,351
"825",-92.0800476074219,42.9088096618652,763,25393,"iowa","bremer",2022,370
"826",-92.0800476074219,42.9088096618652,763,25393,"iowa","bremer",2023,388
"827",-92.0800476074219,42.9088096618652,763,25393,"iowa","bremer",2024,368
"828",-92.0800476074219,42.9088096618652,763,25393,"iowa","bremer",2025,23
"829",-92.0800476074219,42.6452484130859,763,25394,"iowa","bremer",2014,440
"830",-92.0800476074219,42.6452484130859,763,25394,"iowa","bremer",2015,423
"831",-92.0800476074219,42.6452484130859,763,25394,"iowa","bremer",2016,382
"832",-92.0800476074219,42.6452484130859,763,25394,"iowa","bremer",2017,345
"833",-92.0800476074219,42.6452484130859,763,25394,"iowa","bremer",2018,357
"834",-92.0800476074219,42.6452484130859,763,25394,"iowa","bremer",2019,409
"835",-92.0800476074219,42.6452484130859,763,25394,"iowa","bremer",2020,290
"836",-92.0800476074219,42.6452484130859,763,25394,"iowa","bremer",2021,351
"837",-92.0800476074219,42.6452484130859,763,25394,"iowa","bremer",2022,370
"838",-92.0800476074219,42.6452484130859,763,25394,"iowa","bremer",2023,388
"839",-92.0800476074219,42.6452484130859,763,25394,"iowa","bremer",2024,368
"840",-92.0800476074219,42.6452484130859,763,25394,"iowa","bremer",2025,23
"841",-92.5498733520508,42.6452484130859,763,25395,"iowa","bremer",2014,440
"842",-92.5498733520508,42.6452484130859,763,25395,"iowa","bremer",2015,423
"843",-92.5498733520508,42.6452484130859,763,25395,"iowa","bremer",2016,382
"844",-92.5498733520508,42.6452484130859,763,25395,"iowa","bremer",2017,345
"845",-92.5498733520508,42.6452484130859,763,25395,"iowa","bremer",2018,357
"846",-92.5498733520508,42.6452484130859,763,25395,"iowa","bremer",2019,409
"847",-92.5498733520508,42.6452484130859,763,25395,"iowa","bremer",2020,290
"848",-92.5498733520508,42.6452484130859,763,25395,"iowa","bremer",2021,351
"849",-92.5498733520508,42.6452484130859,763,25395,"iowa","bremer",2022,370
"850",-92.5498733520508,42.6452484130859,763,25395,"iowa","bremer",2023,388
"851",-92.5498733520508,42.6452484130859,763,25395,"iowa","bremer",2024,368
"852",-92.5498733520508,42.6452484130859,763,25395,"iowa","bremer",2025,23
"853",-92.5498733520508,42.9088096618652,763,25396,"iowa","bremer",2014,440
"854",-92.5498733520508,42.9088096618652,763,25396,"iowa","bremer",2015,423
"855",-92.5498733520508,42.9088096618652,763,25396,"iowa","bremer",2016,382
"856",-92.5498733520508,42.9088096618652,763,25396,"iowa","bremer",2017,345
"857",-92.5498733520508,42.9088096618652,763,25396,"iowa","bremer",2018,357
"858",-92.5498733520508,42.9088096618652,763,25396,"iowa","bremer",2019,409
"859",-92.5498733520508,42.9088096618652,763,25396,"iowa","bremer",2020,290
"860",-92.5498733520508,42.9088096618652,763,25396,"iowa","bremer",2021,351
"861",-92.5498733520508,42.9088096618652,763,25396,"iowa","bremer",2022,370
"862",-92.5498733520508,42.9088096618652,763,25396,"iowa","bremer",2023,388
"863",-92.5498733520508,42.9088096618652,763,25396,"iowa","bremer",2024,368
"864",-92.5498733520508,42.9088096618652,763,25396,"iowa","bremer",2025,23
"865",-92.0800476074219,42.9088096618652,763,25397,"iowa","bremer",2014,440
"866",-92.0800476074219,42.9088096618652,763,25397,"iowa","bremer",2015,423
"867",-92.0800476074219,42.9088096618652,763,25397,"iowa","bremer",2016,382
"868",-92.0800476074219,42.9088096618652,763,25397,"iowa","bremer",2017,345
"869",-92.0800476074219,42.9088096618652,763,25397,"iowa","bremer",2018,357
"870",-92.0800476074219,42.9088096618652,763,25397,"iowa","bremer",2019,409
"871",-92.0800476074219,42.9088096618652,763,25397,"iowa","bremer",2020,290
"872",-92.0800476074219,42.9088096618652,763,25397,"iowa","bremer",2021,351
"873",-92.0800476074219,42.9088096618652,763,25397,"iowa","bremer",2022,370
"874",-92.0800476074219,42.9088096618652,763,25397,"iowa","bremer",2023,388
"875",-92.0800476074219,42.9088096618652,763,25397,"iowa","bremer",2024,368
"876",-92.0800476074219,42.9088096618652,763,25397,"iowa","bremer",2025,23
"877",-91.8222122192383,42.3014755249023,764,25399,"iowa","buchanan",2014,286
"878",-91.8222122192383,42.3014755249023,764,25399,"iowa","buchanan",2015,343
"879",-91.8222122192383,42.3014755249023,764,25399,"iowa","buchanan",2016,274
"880",-91.8222122192383,42.3014755249023,764,25399,"iowa","buchanan",2017,320
"881",-91.8222122192383,42.3014755249023,764,25399,"iowa","buchanan",2018,316
"882",-91.8222122192383,42.3014755249023,764,25399,"iowa","buchanan",2019,343
"883",-91.8222122192383,42.3014755249023,764,25399,"iowa","buchanan",2020,281
"884",-91.8222122192383,42.3014755249023,764,25399,"iowa","buchanan",2021,275
"885",-91.8222122192383,42.3014755249023,764,25399,"iowa","buchanan",2022,263
"886",-91.8222122192383,42.3014755249023,764,25399,"iowa","buchanan",2023,282
"887",-91.8222122192383,42.3014755249023,764,25399,"iowa","buchanan",2024,305
"888",-91.8222122192383,42.3014755249023,764,25399,"iowa","buchanan",2025,18
"889",-92.062858581543,42.3014755249023,764,25400,"iowa","buchanan",2014,286
"890",-92.062858581543,42.3014755249023,764,25400,"iowa","buchanan",2015,343
"891",-92.062858581543,42.3014755249023,764,25400,"iowa","buchanan",2016,274
"892",-92.062858581543,42.3014755249023,764,25400,"iowa","buchanan",2017,320
"893",-92.062858581543,42.3014755249023,764,25400,"iowa","buchanan",2018,316
"894",-92.062858581543,42.3014755249023,764,25400,"iowa","buchanan",2019,343
"895",-92.062858581543,42.3014755249023,764,25400,"iowa","buchanan",2020,281
"896",-92.062858581543,42.3014755249023,764,25400,"iowa","buchanan",2021,275
"897",-92.062858581543,42.3014755249023,764,25400,"iowa","buchanan",2022,263
"898",-92.062858581543,42.3014755249023,764,25400,"iowa","buchanan",2023,282
"899",-92.062858581543,42.3014755249023,764,25400,"iowa","buchanan",2024,305
"900",-92.062858581543,42.3014755249023,764,25400,"iowa","buchanan",2025,18
"901",-92.062858581543,42.4733619689941,764,25401,"iowa","buchanan",2014,286
"902",-92.062858581543,42.4733619689941,764,25401,"iowa","buchanan",2015,343
"903",-92.062858581543,42.4733619689941,764,25401,"iowa","buchanan",2016,274
"904",-92.062858581543,42.4733619689941,764,25401,"iowa","buchanan",2017,320
"905",-92.062858581543,42.4733619689941,764,25401,"iowa","buchanan",2018,316
"906",-92.062858581543,42.4733619689941,764,25401,"iowa","buchanan",2019,343
"907",-92.062858581543,42.4733619689941,764,25401,"iowa","buchanan",2020,281
"908",-92.062858581543,42.4733619689941,764,25401,"iowa","buchanan",2021,275
"909",-92.062858581543,42.4733619689941,764,25401,"iowa","buchanan",2022,263
"910",-92.062858581543,42.4733619689941,764,25401,"iowa","buchanan",2023,282
"911",-92.062858581543,42.4733619689941,764,25401,"iowa","buchanan",2024,305
"912",-92.062858581543,42.4733619689941,764,25401,"iowa","buchanan",2025,18
"913",-92.0743179321289,42.4733619689941,764,25402,"iowa","buchanan",2014,286
"914",-92.0743179321289,42.4733619689941,764,25402,"iowa","buchanan",2015,343
"915",-92.0743179321289,42.4733619689941,764,25402,"iowa","buchanan",2016,274
"916",-92.0743179321289,42.4733619689941,764,25402,"iowa","buchanan",2017,320
"917",-92.0743179321289,42.4733619689941,764,25402,"iowa","buchanan",2018,316
"918",-92.0743179321289,42.4733619689941,764,25402,"iowa","buchanan",2019,343
"919",-92.0743179321289,42.4733619689941,764,25402,"iowa","buchanan",2020,281
"920",-92.0743179321289,42.4733619689941,764,25402,"iowa","buchanan",2021,275
"921",-92.0743179321289,42.4733619689941,764,25402,"iowa","buchanan",2022,263
"922",-92.0743179321289,42.4733619689941,764,25402,"iowa","buchanan",2023,282
"923",-92.0743179321289,42.4733619689941,764,25402,"iowa","buchanan",2024,305
"924",-92.0743179321289,42.4733619689941,764,25402,"iowa","buchanan",2025,18
"925",-92.0800476074219,42.6452484130859,764,25403,"iowa","buchanan",2014,286
"926",-92.0800476074219,42.6452484130859,764,25403,"iowa","buchanan",2015,343
"927",-92.0800476074219,42.6452484130859,764,25403,"iowa","buchanan",2016,274
"928",-92.0800476074219,42.6452484130859,764,25403,"iowa","buchanan",2017,320
"929",-92.0800476074219,42.6452484130859,764,25403,"iowa","buchanan",2018,316
"930",-92.0800476074219,42.6452484130859,764,25403,"iowa","buchanan",2019,343
"931",-92.0800476074219,42.6452484130859,764,25403,"iowa","buchanan",2020,281
"932",-92.0800476074219,42.6452484130859,764,25403,"iowa","buchanan",2021,275
"933",-92.0800476074219,42.6452484130859,764,25403,"iowa","buchanan",2022,263
"934",-92.0800476074219,42.6452484130859,764,25403,"iowa","buchanan",2023,282
"935",-92.0800476074219,42.6452484130859,764,25403,"iowa","buchanan",2024,305
"936",-92.0800476074219,42.6452484130859,764,25403,"iowa","buchanan",2025,18
"937",-91.598762512207,42.6452484130859,764,25404,"iowa","buchanan",2014,286
"938",-91.598762512207,42.6452484130859,764,25404,"iowa","buchanan",2015,343
"939",-91.598762512207,42.6452484130859,764,25404,"iowa","buchanan",2016,274
"940",-91.598762512207,42.6452484130859,764,25404,"iowa","buchanan",2017,320
"941",-91.598762512207,42.6452484130859,764,25404,"iowa","buchanan",2018,316
"942",-91.598762512207,42.6452484130859,764,25404,"iowa","buchanan",2019,343
"943",-91.598762512207,42.6452484130859,764,25404,"iowa","buchanan",2020,281
"944",-91.598762512207,42.6452484130859,764,25404,"iowa","buchanan",2021,275
"945",-91.598762512207,42.6452484130859,764,25404,"iowa","buchanan",2022,263
"946",-91.598762512207,42.6452484130859,764,25404,"iowa","buchanan",2023,282
"947",-91.598762512207,42.6452484130859,764,25404,"iowa","buchanan",2024,305
"948",-91.598762512207,42.6452484130859,764,25404,"iowa","buchanan",2025,18
"949",-91.598762512207,42.4848213195801,764,25405,"iowa","buchanan",2014,286
"950",-91.598762512207,42.4848213195801,764,25405,"iowa","buchanan",2015,343
"951",-91.598762512207,42.4848213195801,764,25405,"iowa","buchanan",2016,274
"952",-91.598762512207,42.4848213195801,764,25405,"iowa","buchanan",2017,320
"953",-91.598762512207,42.4848213195801,764,25405,"iowa","buchanan",2018,316
"954",-91.598762512207,42.4848213195801,764,25405,"iowa","buchanan",2019,343
"955",-91.598762512207,42.4848213195801,764,25405,"iowa","buchanan",2020,281
"956",-91.598762512207,42.4848213195801,764,25405,"iowa","buchanan",2021,275
"957",-91.598762512207,42.4848213195801,764,25405,"iowa","buchanan",2022,263
"958",-91.598762512207,42.4848213195801,764,25405,"iowa","buchanan",2023,282
"959",-91.598762512207,42.4848213195801,764,25405,"iowa","buchanan",2024,305
"960",-91.598762512207,42.4848213195801,764,25405,"iowa","buchanan",2025,18
"961",-91.5815734863281,42.4848213195801,764,25406,"iowa","buchanan",2014,286
"962",-91.5815734863281,42.4848213195801,764,25406,"iowa","buchanan",2015,343
"963",-91.5815734863281,42.4848213195801,764,25406,"iowa","buchanan",2016,274
"964",-91.5815734863281,42.4848213195801,764,25406,"iowa","buchanan",2017,320
"965",-91.5815734863281,42.4848213195801,764,25406,"iowa","buchanan",2018,316
"966",-91.5815734863281,42.4848213195801,764,25406,"iowa","buchanan",2019,343
"967",-91.5815734863281,42.4848213195801,764,25406,"iowa","buchanan",2020,281
"968",-91.5815734863281,42.4848213195801,764,25406,"iowa","buchanan",2021,275
"969",-91.5815734863281,42.4848213195801,764,25406,"iowa","buchanan",2022,263
"970",-91.5815734863281,42.4848213195801,764,25406,"iowa","buchanan",2023,282
"971",-91.5815734863281,42.4848213195801,764,25406,"iowa","buchanan",2024,305
"972",-91.5815734863281,42.4848213195801,764,25406,"iowa","buchanan",2025,18
"973",-91.5873031616211,42.3014755249023,764,25407,"iowa","buchanan",2014,286
"974",-91.5873031616211,42.3014755249023,764,25407,"iowa","buchanan",2015,343
"975",-91.5873031616211,42.3014755249023,764,25407,"iowa","buchanan",2016,274
"976",-91.5873031616211,42.3014755249023,764,25407,"iowa","buchanan",2017,320
"977",-91.5873031616211,42.3014755249023,764,25407,"iowa","buchanan",2018,316
"978",-91.5873031616211,42.3014755249023,764,25407,"iowa","buchanan",2019,343
"979",-91.5873031616211,42.3014755249023,764,25407,"iowa","buchanan",2020,281
"980",-91.5873031616211,42.3014755249023,764,25407,"iowa","buchanan",2021,275
"981",-91.5873031616211,42.3014755249023,764,25407,"iowa","buchanan",2022,263
"982",-91.5873031616211,42.3014755249023,764,25407,"iowa","buchanan",2023,282
"983",-91.5873031616211,42.3014755249023,764,25407,"iowa","buchanan",2024,305
"984",-91.5873031616211,42.3014755249023,764,25407,"iowa","buchanan",2025,18
"985",-91.8222122192383,42.3014755249023,764,25408,"iowa","buchanan",2014,286
"986",-91.8222122192383,42.3014755249023,764,25408,"iowa","buchanan",2015,343
"987",-91.8222122192383,42.3014755249023,764,25408,"iowa","buchanan",2016,274
"988",-91.8222122192383,42.3014755249023,764,25408,"iowa","buchanan",2017,320
"989",-91.8222122192383,42.3014755249023,764,25408,"iowa","buchanan",2018,316
"990",-91.8222122192383,42.3014755249023,764,25408,"iowa","buchanan",2019,343
"991",-91.8222122192383,42.3014755249023,764,25408,"iowa","buchanan",2020,281
"992",-91.8222122192383,42.3014755249023,764,25408,"iowa","buchanan",2021,275
"993",-91.8222122192383,42.3014755249023,764,25408,"iowa","buchanan",2022,263
"994",-91.8222122192383,42.3014755249023,764,25408,"iowa","buchanan",2023,282
"995",-91.8222122192383,42.3014755249023,764,25408,"iowa","buchanan",2024,305
"996",-91.8222122192383,42.3014755249023,764,25408,"iowa","buchanan",2025,18
"997",-94.9219207763672,42.9202690124512,765,25410,"iowa","buena vista",2014,255
"998",-94.9219207763672,42.9202690124512,765,25410,"iowa","buena vista",2015,370
"999",-94.9219207763672,42.9202690124512,765,25410,"iowa","buena vista",2016,292
"1000",-94.9219207763672,42.9202690124512,765,25410,"iowa","buena vista",2017,282
"1001",-94.9219207763672,42.9202690124512,765,25410,"iowa","buena vista",2018,271
"1002",-94.9219207763672,42.9202690124512,765,25410,"iowa","buena vista",2019,294
"1003",-94.9219207763672,42.9202690124512,765,25410,"iowa","buena vista",2020,223
"1004",-94.9219207763672,42.9202690124512,765,25410,"iowa","buena vista",2021,293
"1005",-94.9219207763672,42.9202690124512,765,25410,"iowa","buena vista",2022,316
"1006",-94.9219207763672,42.9202690124512,765,25410,"iowa","buena vista",2023,297
"1007",-94.9219207763672,42.9202690124512,765,25410,"iowa","buena vista",2024,334
"1008",-94.9219207763672,42.9202690124512,765,25410,"iowa","buena vista",2025,23
"1009",-94.9219207763672,42.5593032836914,765,25411,"iowa","buena vista",2014,255
"1010",-94.9219207763672,42.5593032836914,765,25411,"iowa","buena vista",2015,370
"1011",-94.9219207763672,42.5593032836914,765,25411,"iowa","buena vista",2016,292
"1012",-94.9219207763672,42.5593032836914,765,25411,"iowa","buena vista",2017,282
"1013",-94.9219207763672,42.5593032836914,765,25411,"iowa","buena vista",2018,271
"1014",-94.9219207763672,42.5593032836914,765,25411,"iowa","buena vista",2019,294
"1015",-94.9219207763672,42.5593032836914,765,25411,"iowa","buena vista",2020,223
"1016",-94.9219207763672,42.5593032836914,765,25411,"iowa","buena vista",2021,293
"1017",-94.9219207763672,42.5593032836914,765,25411,"iowa","buena vista",2022,316
"1018",-94.9219207763672,42.5593032836914,765,25411,"iowa","buena vista",2023,297
"1019",-94.9219207763672,42.5593032836914,765,25411,"iowa","buena vista",2024,334
"1020",-94.9219207763672,42.5593032836914,765,25411,"iowa","buena vista",2025,23
"1021",-95.3974685668945,42.5650367736816,765,25412,"iowa","buena vista",2014,255
"1022",-95.3974685668945,42.5650367736816,765,25412,"iowa","buena vista",2015,370
"1023",-95.3974685668945,42.5650367736816,765,25412,"iowa","buena vista",2016,292
"1024",-95.3974685668945,42.5650367736816,765,25412,"iowa","buena vista",2017,282
"1025",-95.3974685668945,42.5650367736816,765,25412,"iowa","buena vista",2018,271
"1026",-95.3974685668945,42.5650367736816,765,25412,"iowa","buena vista",2019,294
"1027",-95.3974685668945,42.5650367736816,765,25412,"iowa","buena vista",2020,223
"1028",-95.3974685668945,42.5650367736816,765,25412,"iowa","buena vista",2021,293
"1029",-95.3974685668945,42.5650367736816,765,25412,"iowa","buena vista",2022,316
"1030",-95.3974685668945,42.5650367736816,765,25412,"iowa","buena vista",2023,297
"1031",-95.3974685668945,42.5650367736816,765,25412,"iowa","buena vista",2024,334
"1032",-95.3974685668945,42.5650367736816,765,25412,"iowa","buena vista",2025,23
"1033",-95.3974685668945,42.9145393371582,765,25413,"iowa","buena vista",2014,255
"1034",-95.3974685668945,42.9145393371582,765,25413,"iowa","buena vista",2015,370
"1035",-95.3974685668945,42.9145393371582,765,25413,"iowa","buena vista",2016,292
"1036",-95.3974685668945,42.9145393371582,765,25413,"iowa","buena vista",2017,282
"1037",-95.3974685668945,42.9145393371582,765,25413,"iowa","buena vista",2018,271
"1038",-95.3974685668945,42.9145393371582,765,25413,"iowa","buena vista",2019,294
"1039",-95.3974685668945,42.9145393371582,765,25413,"iowa","buena vista",2020,223
"1040",-95.3974685668945,42.9145393371582,765,25413,"iowa","buena vista",2021,293
"1041",-95.3974685668945,42.9145393371582,765,25413,"iowa","buena vista",2022,316
"1042",-95.3974685668945,42.9145393371582,765,25413,"iowa","buena vista",2023,297
"1043",-95.3974685668945,42.9145393371582,765,25413,"iowa","buena vista",2024,334
"1044",-95.3974685668945,42.9145393371582,765,25413,"iowa","buena vista",2025,23
"1045",-94.9219207763672,42.9202690124512,765,25414,"iowa","buena vista",2014,255
"1046",-94.9219207763672,42.9202690124512,765,25414,"iowa","buena vista",2015,370
"1047",-94.9219207763672,42.9202690124512,765,25414,"iowa","buena vista",2016,292
"1048",-94.9219207763672,42.9202690124512,765,25414,"iowa","buena vista",2017,282
"1049",-94.9219207763672,42.9202690124512,765,25414,"iowa","buena vista",2018,271
"1050",-94.9219207763672,42.9202690124512,765,25414,"iowa","buena vista",2019,294
"1051",-94.9219207763672,42.9202690124512,765,25414,"iowa","buena vista",2020,223
"1052",-94.9219207763672,42.9202690124512,765,25414,"iowa","buena vista",2021,293
"1053",-94.9219207763672,42.9202690124512,765,25414,"iowa","buena vista",2022,316
"1054",-94.9219207763672,42.9202690124512,765,25414,"iowa","buena vista",2023,297
"1055",-94.9219207763672,42.9202690124512,765,25414,"iowa","buena vista",2024,334
"1056",-94.9219207763672,42.9202690124512,765,25414,"iowa","buena vista",2025,23
"1057",-93.0254287719727,42.9088096618652,766,25416,"iowa","butler",2014,69
"1058",-93.0254287719727,42.9088096618652,766,25416,"iowa","butler",2015,69
"1059",-93.0254287719727,42.9088096618652,766,25416,"iowa","butler",2016,81
"1060",-93.0254287719727,42.9088096618652,766,25416,"iowa","butler",2017,91
"1061",-93.0254287719727,42.9088096618652,766,25416,"iowa","butler",2018,78
"1062",-93.0254287719727,42.9088096618652,766,25416,"iowa","butler",2019,78
"1063",-93.0254287719727,42.9088096618652,766,25416,"iowa","butler",2020,77
"1064",-93.0254287719727,42.9088096618652,766,25416,"iowa","butler",2021,84
"1065",-93.0254287719727,42.9088096618652,766,25416,"iowa","butler",2022,90
"1066",-93.0254287719727,42.9088096618652,766,25416,"iowa","butler",2023,102
"1067",-93.0254287719727,42.9088096618652,766,25416,"iowa","butler",2024,94
"1068",-93.0254287719727,42.9088096618652,766,25416,"iowa","butler",2025,10
"1069",-92.5498733520508,42.9088096618652,766,25417,"iowa","butler",2014,69
"1070",-92.5498733520508,42.9088096618652,766,25417,"iowa","butler",2015,69
"1071",-92.5498733520508,42.9088096618652,766,25417,"iowa","butler",2016,81
"1072",-92.5498733520508,42.9088096618652,766,25417,"iowa","butler",2017,91
"1073",-92.5498733520508,42.9088096618652,766,25417,"iowa","butler",2018,78
"1074",-92.5498733520508,42.9088096618652,766,25417,"iowa","butler",2019,78
"1075",-92.5498733520508,42.9088096618652,766,25417,"iowa","butler",2020,77
"1076",-92.5498733520508,42.9088096618652,766,25417,"iowa","butler",2021,84
"1077",-92.5498733520508,42.9088096618652,766,25417,"iowa","butler",2022,90
"1078",-92.5498733520508,42.9088096618652,766,25417,"iowa","butler",2023,102
"1079",-92.5498733520508,42.9088096618652,766,25417,"iowa","butler",2024,94
"1080",-92.5498733520508,42.9088096618652,766,25417,"iowa","butler",2025,10
"1081",-92.5498733520508,42.6452484130859,766,25418,"iowa","butler",2014,69
"1082",-92.5498733520508,42.6452484130859,766,25418,"iowa","butler",2015,69
"1083",-92.5498733520508,42.6452484130859,766,25418,"iowa","butler",2016,81
"1084",-92.5498733520508,42.6452484130859,766,25418,"iowa","butler",2017,91
"1085",-92.5498733520508,42.6452484130859,766,25418,"iowa","butler",2018,78
"1086",-92.5498733520508,42.6452484130859,766,25418,"iowa","butler",2019,78
"1087",-92.5498733520508,42.6452484130859,766,25418,"iowa","butler",2020,77
"1088",-92.5498733520508,42.6452484130859,766,25418,"iowa","butler",2021,84
"1089",-92.5498733520508,42.6452484130859,766,25418,"iowa","butler",2022,90
"1090",-92.5498733520508,42.6452484130859,766,25418,"iowa","butler",2023,102
"1091",-92.5498733520508,42.6452484130859,766,25418,"iowa","butler",2024,94
"1092",-92.5498733520508,42.6452484130859,766,25418,"iowa","butler",2025,10
"1093",-92.5498733520508,42.5650367736816,766,25419,"iowa","butler",2014,69
"1094",-92.5498733520508,42.5650367736816,766,25419,"iowa","butler",2015,69
"1095",-92.5498733520508,42.5650367736816,766,25419,"iowa","butler",2016,81
"1096",-92.5498733520508,42.5650367736816,766,25419,"iowa","butler",2017,91
"1097",-92.5498733520508,42.5650367736816,766,25419,"iowa","butler",2018,78
"1098",-92.5498733520508,42.5650367736816,766,25419,"iowa","butler",2019,78
"1099",-92.5498733520508,42.5650367736816,766,25419,"iowa","butler",2020,77
"1100",-92.5498733520508,42.5650367736816,766,25419,"iowa","butler",2021,84
"1101",-92.5498733520508,42.5650367736816,766,25419,"iowa","butler",2022,90
"1102",-92.5498733520508,42.5650367736816,766,25419,"iowa","butler",2023,102
"1103",-92.5498733520508,42.5650367736816,766,25419,"iowa","butler",2024,94
"1104",-92.5498733520508,42.5650367736816,766,25419,"iowa","butler",2025,10
"1105",-93.0254287719727,42.5650367736816,766,25420,"iowa","butler",2014,69
"1106",-93.0254287719727,42.5650367736816,766,25420,"iowa","butler",2015,69
"1107",-93.0254287719727,42.5650367736816,766,25420,"iowa","butler",2016,81
"1108",-93.0254287719727,42.5650367736816,766,25420,"iowa","butler",2017,91
"1109",-93.0254287719727,42.5650367736816,766,25420,"iowa","butler",2018,78
"1110",-93.0254287719727,42.5650367736816,766,25420,"iowa","butler",2019,78
"1111",-93.0254287719727,42.5650367736816,766,25420,"iowa","butler",2020,77
"1112",-93.0254287719727,42.5650367736816,766,25420,"iowa","butler",2021,84
"1113",-93.0254287719727,42.5650367736816,766,25420,"iowa","butler",2022,90
"1114",-93.0254287719727,42.5650367736816,766,25420,"iowa","butler",2023,102
"1115",-93.0254287719727,42.5650367736816,766,25420,"iowa","butler",2024,94
"1116",-93.0254287719727,42.5650367736816,766,25420,"iowa","butler",2025,10
"1117",-93.0254287719727,42.9088096618652,766,25421,"iowa","butler",2014,69
"1118",-93.0254287719727,42.9088096618652,766,25421,"iowa","butler",2015,69
"1119",-93.0254287719727,42.9088096618652,766,25421,"iowa","butler",2016,81
"1120",-93.0254287719727,42.9088096618652,766,25421,"iowa","butler",2017,91
"1121",-93.0254287719727,42.9088096618652,766,25421,"iowa","butler",2018,78
"1122",-93.0254287719727,42.9088096618652,766,25421,"iowa","butler",2019,78
"1123",-93.0254287719727,42.9088096618652,766,25421,"iowa","butler",2020,77
"1124",-93.0254287719727,42.9088096618652,766,25421,"iowa","butler",2021,84
"1125",-93.0254287719727,42.9088096618652,766,25421,"iowa","butler",2022,90
"1126",-93.0254287719727,42.9088096618652,766,25421,"iowa","butler",2023,102
"1127",-93.0254287719727,42.9088096618652,766,25421,"iowa","butler",2024,94
"1128",-93.0254287719727,42.9088096618652,766,25421,"iowa","butler",2025,10
"1129",-94.9219207763672,42.5593032836914,767,25423,"iowa","calhoun",2014,117
"1130",-94.9219207763672,42.5593032836914,767,25423,"iowa","calhoun",2015,100
"1131",-94.9219207763672,42.5593032836914,767,25423,"iowa","calhoun",2016,111
"1132",-94.9219207763672,42.5593032836914,767,25423,"iowa","calhoun",2017,106
"1133",-94.9219207763672,42.5593032836914,767,25423,"iowa","calhoun",2018,120
"1134",-94.9219207763672,42.5593032836914,767,25423,"iowa","calhoun",2019,109
"1135",-94.9219207763672,42.5593032836914,767,25423,"iowa","calhoun",2020,105
"1136",-94.9219207763672,42.5593032836914,767,25423,"iowa","calhoun",2021,140
"1137",-94.9219207763672,42.5593032836914,767,25423,"iowa","calhoun",2022,98
"1138",-94.9219207763672,42.5593032836914,767,25423,"iowa","calhoun",2023,108
"1139",-94.9219207763672,42.5593032836914,767,25423,"iowa","calhoun",2024,115
"1140",-94.9219207763672,42.5593032836914,767,25423,"iowa","calhoun",2025,9
"1141",-94.4463577270508,42.5535736083984,767,25424,"iowa","calhoun",2014,117
"1142",-94.4463577270508,42.5535736083984,767,25424,"iowa","calhoun",2015,100
"1143",-94.4463577270508,42.5535736083984,767,25424,"iowa","calhoun",2016,111
"1144",-94.4463577270508,42.5535736083984,767,25424,"iowa","calhoun",2017,106
"1145",-94.4463577270508,42.5535736083984,767,25424,"iowa","calhoun",2018,120
"1146",-94.4463577270508,42.5535736083984,767,25424,"iowa","calhoun",2019,109
"1147",-94.4463577270508,42.5535736083984,767,25424,"iowa","calhoun",2020,105
"1148",-94.4463577270508,42.5535736083984,767,25424,"iowa","calhoun",2021,140
"1149",-94.4463577270508,42.5535736083984,767,25424,"iowa","calhoun",2022,98
"1150",-94.4463577270508,42.5535736083984,767,25424,"iowa","calhoun",2023,108
"1151",-94.4463577270508,42.5535736083984,767,25424,"iowa","calhoun",2024,115
"1152",-94.4463577270508,42.5535736083984,767,25424,"iowa","calhoun",2025,9
"1153",-94.4406356811523,42.4733619689941,767,25425,"iowa","calhoun",2014,117
"1154",-94.4406356811523,42.4733619689941,767,25425,"iowa","calhoun",2015,100
"1155",-94.4406356811523,42.4733619689941,767,25425,"iowa","calhoun",2016,111
"1156",-94.4406356811523,42.4733619689941,767,25425,"iowa","calhoun",2017,106
"1157",-94.4406356811523,42.4733619689941,767,25425,"iowa","calhoun",2018,120
"1158",-94.4406356811523,42.4733619689941,767,25425,"iowa","calhoun",2019,109
"1159",-94.4406356811523,42.4733619689941,767,25425,"iowa","calhoun",2020,105
"1160",-94.4406356811523,42.4733619689941,767,25425,"iowa","calhoun",2021,140
"1161",-94.4406356811523,42.4733619689941,767,25425,"iowa","calhoun",2022,98
"1162",-94.4406356811523,42.4733619689941,767,25425,"iowa","calhoun",2023,108
"1163",-94.4406356811523,42.4733619689941,767,25425,"iowa","calhoun",2024,115
"1164",-94.4406356811523,42.4733619689941,767,25425,"iowa","calhoun",2025,9
"1165",-94.4005279541016,42.4733619689941,767,25426,"iowa","calhoun",2014,117
"1166",-94.4005279541016,42.4733619689941,767,25426,"iowa","calhoun",2015,100
"1167",-94.4005279541016,42.4733619689941,767,25426,"iowa","calhoun",2016,111
"1168",-94.4005279541016,42.4733619689941,767,25426,"iowa","calhoun",2017,106
"1169",-94.4005279541016,42.4733619689941,767,25426,"iowa","calhoun",2018,120
"1170",-94.4005279541016,42.4733619689941,767,25426,"iowa","calhoun",2019,109
"1171",-94.4005279541016,42.4733619689941,767,25426,"iowa","calhoun",2020,105
"1172",-94.4005279541016,42.4733619689941,767,25426,"iowa","calhoun",2021,140
"1173",-94.4005279541016,42.4733619689941,767,25426,"iowa","calhoun",2022,98
"1174",-94.4005279541016,42.4733619689941,767,25426,"iowa","calhoun",2023,108
"1175",-94.4005279541016,42.4733619689941,767,25426,"iowa","calhoun",2024,115
"1176",-94.4005279541016,42.4733619689941,767,25426,"iowa","calhoun",2025,9
"1177",-94.40625,42.2098007202148,767,25427,"iowa","calhoun",2014,117
"1178",-94.40625,42.2098007202148,767,25427,"iowa","calhoun",2015,100
"1179",-94.40625,42.2098007202148,767,25427,"iowa","calhoun",2016,111
"1180",-94.40625,42.2098007202148,767,25427,"iowa","calhoun",2017,106
"1181",-94.40625,42.2098007202148,767,25427,"iowa","calhoun",2018,120
"1182",-94.40625,42.2098007202148,767,25427,"iowa","calhoun",2019,109
"1183",-94.40625,42.2098007202148,767,25427,"iowa","calhoun",2020,105
"1184",-94.40625,42.2098007202148,767,25427,"iowa","calhoun",2021,140
"1185",-94.40625,42.2098007202148,767,25427,"iowa","calhoun",2022,98
"1186",-94.40625,42.2098007202148,767,25427,"iowa","calhoun",2023,108
"1187",-94.40625,42.2098007202148,767,25427,"iowa","calhoun",2024,115
"1188",-94.40625,42.2098007202148,767,25427,"iowa","calhoun",2025,9
"1189",-94.6297073364258,42.2098007202148,767,25428,"iowa","calhoun",2014,117
"1190",-94.6297073364258,42.2098007202148,767,25428,"iowa","calhoun",2015,100
"1191",-94.6297073364258,42.2098007202148,767,25428,"iowa","calhoun",2016,111
"1192",-94.6297073364258,42.2098007202148,767,25428,"iowa","calhoun",2017,106
"1193",-94.6297073364258,42.2098007202148,767,25428,"iowa","calhoun",2018,120
"1194",-94.6297073364258,42.2098007202148,767,25428,"iowa","calhoun",2019,109
"1195",-94.6297073364258,42.2098007202148,767,25428,"iowa","calhoun",2020,105
"1196",-94.6297073364258,42.2098007202148,767,25428,"iowa","calhoun",2021,140
"1197",-94.6297073364258,42.2098007202148,767,25428,"iowa","calhoun",2022,98
"1198",-94.6297073364258,42.2098007202148,767,25428,"iowa","calhoun",2023,108
"1199",-94.6297073364258,42.2098007202148,767,25428,"iowa","calhoun",2024,115
"1200",-94.6297073364258,42.2098007202148,767,25428,"iowa","calhoun",2025,9
"1201",-94.8703536987305,42.2098007202148,767,25429,"iowa","calhoun",2014,117
"1202",-94.8703536987305,42.2098007202148,767,25429,"iowa","calhoun",2015,100
"1203",-94.8703536987305,42.2098007202148,767,25429,"iowa","calhoun",2016,111
"1204",-94.8703536987305,42.2098007202148,767,25429,"iowa","calhoun",2017,106
"1205",-94.8703536987305,42.2098007202148,767,25429,"iowa","calhoun",2018,120
"1206",-94.8703536987305,42.2098007202148,767,25429,"iowa","calhoun",2019,109
"1207",-94.8703536987305,42.2098007202148,767,25429,"iowa","calhoun",2020,105
"1208",-94.8703536987305,42.2098007202148,767,25429,"iowa","calhoun",2021,140
"1209",-94.8703536987305,42.2098007202148,767,25429,"iowa","calhoun",2022,98
"1210",-94.8703536987305,42.2098007202148,767,25429,"iowa","calhoun",2023,108
"1211",-94.8703536987305,42.2098007202148,767,25429,"iowa","calhoun",2024,115
"1212",-94.8703536987305,42.2098007202148,767,25429,"iowa","calhoun",2025,9
"1213",-94.8646240234375,42.4733619689941,767,25430,"iowa","calhoun",2014,117
"1214",-94.8646240234375,42.4733619689941,767,25430,"iowa","calhoun",2015,100
"1215",-94.8646240234375,42.4733619689941,767,25430,"iowa","calhoun",2016,111
"1216",-94.8646240234375,42.4733619689941,767,25430,"iowa","calhoun",2017,106
"1217",-94.8646240234375,42.4733619689941,767,25430,"iowa","calhoun",2018,120
"1218",-94.8646240234375,42.4733619689941,767,25430,"iowa","calhoun",2019,109
"1219",-94.8646240234375,42.4733619689941,767,25430,"iowa","calhoun",2020,105
"1220",-94.8646240234375,42.4733619689941,767,25430,"iowa","calhoun",2021,140
"1221",-94.8646240234375,42.4733619689941,767,25430,"iowa","calhoun",2022,98
"1222",-94.8646240234375,42.4733619689941,767,25430,"iowa","calhoun",2023,108
"1223",-94.8646240234375,42.4733619689941,767,25430,"iowa","calhoun",2024,115
"1224",-94.8646240234375,42.4733619689941,767,25430,"iowa","calhoun",2025,9
"1225",-94.9219207763672,42.4733619689941,767,25431,"iowa","calhoun",2014,117
"1226",-94.9219207763672,42.4733619689941,767,25431,"iowa","calhoun",2015,100
"1227",-94.9219207763672,42.4733619689941,767,25431,"iowa","calhoun",2016,111
"1228",-94.9219207763672,42.4733619689941,767,25431,"iowa","calhoun",2017,106
"1229",-94.9219207763672,42.4733619689941,767,25431,"iowa","calhoun",2018,120
"1230",-94.9219207763672,42.4733619689941,767,25431,"iowa","calhoun",2019,109
"1231",-94.9219207763672,42.4733619689941,767,25431,"iowa","calhoun",2020,105
"1232",-94.9219207763672,42.4733619689941,767,25431,"iowa","calhoun",2021,140
"1233",-94.9219207763672,42.4733619689941,767,25431,"iowa","calhoun",2022,98
"1234",-94.9219207763672,42.4733619689941,767,25431,"iowa","calhoun",2023,108
"1235",-94.9219207763672,42.4733619689941,767,25431,"iowa","calhoun",2024,115
"1236",-94.9219207763672,42.4733619689941,767,25431,"iowa","calhoun",2025,9
"1237",-94.9219207763672,42.5593032836914,767,25432,"iowa","calhoun",2014,117
"1238",-94.9219207763672,42.5593032836914,767,25432,"iowa","calhoun",2015,100
"1239",-94.9219207763672,42.5593032836914,767,25432,"iowa","calhoun",2016,111
"1240",-94.9219207763672,42.5593032836914,767,25432,"iowa","calhoun",2017,106
"1241",-94.9219207763672,42.5593032836914,767,25432,"iowa","calhoun",2018,120
"1242",-94.9219207763672,42.5593032836914,767,25432,"iowa","calhoun",2019,109
"1243",-94.9219207763672,42.5593032836914,767,25432,"iowa","calhoun",2020,105
"1244",-94.9219207763672,42.5593032836914,767,25432,"iowa","calhoun",2021,140
"1245",-94.9219207763672,42.5593032836914,767,25432,"iowa","calhoun",2022,98
"1246",-94.9219207763672,42.5593032836914,767,25432,"iowa","calhoun",2023,108
"1247",-94.9219207763672,42.5593032836914,767,25432,"iowa","calhoun",2024,115
"1248",-94.9219207763672,42.5593032836914,767,25432,"iowa","calhoun",2025,9
"1249",-95.1052627563477,41.8602981567383,768,25434,"iowa","carroll",2014,244
"1250",-95.1052627563477,41.8602981567383,768,25434,"iowa","carroll",2015,269
"1251",-95.1052627563477,41.8602981567383,768,25434,"iowa","carroll",2016,265
"1252",-95.1052627563477,41.8602981567383,768,25434,"iowa","carroll",2017,265
"1253",-95.1052627563477,41.8602981567383,768,25434,"iowa","carroll",2018,232
"1254",-95.1052627563477,41.8602981567383,768,25434,"iowa","carroll",2019,239
"1255",-95.1052627563477,41.8602981567383,768,25434,"iowa","carroll",2020,209
"1256",-95.1052627563477,41.8602981567383,768,25434,"iowa","carroll",2021,228
"1257",-95.1052627563477,41.8602981567383,768,25434,"iowa","carroll",2022,221
"1258",-95.1052627563477,41.8602981567383,768,25434,"iowa","carroll",2023,204
"1259",-95.1052627563477,41.8602981567383,768,25434,"iowa","carroll",2024,228
"1260",-95.1052627563477,41.8602981567383,768,25434,"iowa","carroll",2025,12
"1261",-95.0995407104492,42.2040710449219,768,25435,"iowa","carroll",2014,244
"1262",-95.0995407104492,42.2040710449219,768,25435,"iowa","carroll",2015,269
"1263",-95.0995407104492,42.2040710449219,768,25435,"iowa","carroll",2016,265
"1264",-95.0995407104492,42.2040710449219,768,25435,"iowa","carroll",2017,265
"1265",-95.0995407104492,42.2040710449219,768,25435,"iowa","carroll",2018,232
"1266",-95.0995407104492,42.2040710449219,768,25435,"iowa","carroll",2019,239
"1267",-95.0995407104492,42.2040710449219,768,25435,"iowa","carroll",2020,209
"1268",-95.0995407104492,42.2040710449219,768,25435,"iowa","carroll",2021,228
"1269",-95.0995407104492,42.2040710449219,768,25435,"iowa","carroll",2022,221
"1270",-95.0995407104492,42.2040710449219,768,25435,"iowa","carroll",2023,204
"1271",-95.0995407104492,42.2040710449219,768,25435,"iowa","carroll",2024,228
"1272",-95.0995407104492,42.2040710449219,768,25435,"iowa","carroll",2025,12
"1273",-94.8703536987305,42.2098007202148,768,25436,"iowa","carroll",2014,244
"1274",-94.8703536987305,42.2098007202148,768,25436,"iowa","carroll",2015,269
"1275",-94.8703536987305,42.2098007202148,768,25436,"iowa","carroll",2016,265
"1276",-94.8703536987305,42.2098007202148,768,25436,"iowa","carroll",2017,265
"1277",-94.8703536987305,42.2098007202148,768,25436,"iowa","carroll",2018,232
"1278",-94.8703536987305,42.2098007202148,768,25436,"iowa","carroll",2019,239
"1279",-94.8703536987305,42.2098007202148,768,25436,"iowa","carroll",2020,209
"1280",-94.8703536987305,42.2098007202148,768,25436,"iowa","carroll",2021,228
"1281",-94.8703536987305,42.2098007202148,768,25436,"iowa","carroll",2022,221
"1282",-94.8703536987305,42.2098007202148,768,25436,"iowa","carroll",2023,204
"1283",-94.8703536987305,42.2098007202148,768,25436,"iowa","carroll",2024,228
"1284",-94.8703536987305,42.2098007202148,768,25436,"iowa","carroll",2025,12
"1285",-94.6297073364258,42.2098007202148,768,25437,"iowa","carroll",2014,244
"1286",-94.6297073364258,42.2098007202148,768,25437,"iowa","carroll",2015,269
"1287",-94.6297073364258,42.2098007202148,768,25437,"iowa","carroll",2016,265
"1288",-94.6297073364258,42.2098007202148,768,25437,"iowa","carroll",2017,265
"1289",-94.6297073364258,42.2098007202148,768,25437,"iowa","carroll",2018,232
"1290",-94.6297073364258,42.2098007202148,768,25437,"iowa","carroll",2019,239
"1291",-94.6297073364258,42.2098007202148,768,25437,"iowa","carroll",2020,209
"1292",-94.6297073364258,42.2098007202148,768,25437,"iowa","carroll",2021,228
"1293",-94.6297073364258,42.2098007202148,768,25437,"iowa","carroll",2022,221
"1294",-94.6297073364258,42.2098007202148,768,25437,"iowa","carroll",2023,204
"1295",-94.6297073364258,42.2098007202148,768,25437,"iowa","carroll",2024,228
"1296",-94.6297073364258,42.2098007202148,768,25437,"iowa","carroll",2025,12
"1297",-94.6354370117188,41.8660278320312,768,25438,"iowa","carroll",2014,244
"1298",-94.6354370117188,41.8660278320312,768,25438,"iowa","carroll",2015,269
"1299",-94.6354370117188,41.8660278320312,768,25438,"iowa","carroll",2016,265
"1300",-94.6354370117188,41.8660278320312,768,25438,"iowa","carroll",2017,265
"1301",-94.6354370117188,41.8660278320312,768,25438,"iowa","carroll",2018,232
"1302",-94.6354370117188,41.8660278320312,768,25438,"iowa","carroll",2019,239
"1303",-94.6354370117188,41.8660278320312,768,25438,"iowa","carroll",2020,209
"1304",-94.6354370117188,41.8660278320312,768,25438,"iowa","carroll",2021,228
"1305",-94.6354370117188,41.8660278320312,768,25438,"iowa","carroll",2022,221
"1306",-94.6354370117188,41.8660278320312,768,25438,"iowa","carroll",2023,204
"1307",-94.6354370117188,41.8660278320312,768,25438,"iowa","carroll",2024,228
"1308",-94.6354370117188,41.8660278320312,768,25438,"iowa","carroll",2025,12
"1309",-94.7557601928711,41.8660278320312,768,25439,"iowa","carroll",2014,244
"1310",-94.7557601928711,41.8660278320312,768,25439,"iowa","carroll",2015,269
"1311",-94.7557601928711,41.8660278320312,768,25439,"iowa","carroll",2016,265
"1312",-94.7557601928711,41.8660278320312,768,25439,"iowa","carroll",2017,265
"1313",-94.7557601928711,41.8660278320312,768,25439,"iowa","carroll",2018,232
"1314",-94.7557601928711,41.8660278320312,768,25439,"iowa","carroll",2019,239
"1315",-94.7557601928711,41.8660278320312,768,25439,"iowa","carroll",2020,209
"1316",-94.7557601928711,41.8660278320312,768,25439,"iowa","carroll",2021,228
"1317",-94.7557601928711,41.8660278320312,768,25439,"iowa","carroll",2022,221
"1318",-94.7557601928711,41.8660278320312,768,25439,"iowa","carroll",2023,204
"1319",-94.7557601928711,41.8660278320312,768,25439,"iowa","carroll",2024,228
"1320",-94.7557601928711,41.8660278320312,768,25439,"iowa","carroll",2025,12
"1321",-95.1052627563477,41.8602981567383,768,25440,"iowa","carroll",2014,244
"1322",-95.1052627563477,41.8602981567383,768,25440,"iowa","carroll",2015,269
"1323",-95.1052627563477,41.8602981567383,768,25440,"iowa","carroll",2016,265
"1324",-95.1052627563477,41.8602981567383,768,25440,"iowa","carroll",2017,265
"1325",-95.1052627563477,41.8602981567383,768,25440,"iowa","carroll",2018,232
"1326",-95.1052627563477,41.8602981567383,768,25440,"iowa","carroll",2019,239
"1327",-95.1052627563477,41.8602981567383,768,25440,"iowa","carroll",2020,209
"1328",-95.1052627563477,41.8602981567383,768,25440,"iowa","carroll",2021,228
"1329",-95.1052627563477,41.8602981567383,768,25440,"iowa","carroll",2022,221
"1330",-95.1052627563477,41.8602981567383,768,25440,"iowa","carroll",2023,204
"1331",-95.1052627563477,41.8602981567383,768,25440,"iowa","carroll",2024,228
"1332",-95.1052627563477,41.8602981567383,768,25440,"iowa","carroll",2025,12
"1333",-95.1682891845703,41.5050621032715,769,25442,"iowa","cass",2014,254
"1334",-95.1682891845703,41.5050621032715,769,25442,"iowa","cass",2015,247
"1335",-95.1682891845703,41.5050621032715,769,25442,"iowa","cass",2016,232
"1336",-95.1682891845703,41.5050621032715,769,25442,"iowa","cass",2017,228
"1337",-95.1682891845703,41.5050621032715,769,25442,"iowa","cass",2018,245
"1338",-95.1682891845703,41.5050621032715,769,25442,"iowa","cass",2019,218
"1339",-95.1682891845703,41.5050621032715,769,25442,"iowa","cass",2020,234
"1340",-95.1682891845703,41.5050621032715,769,25442,"iowa","cass",2021,282
"1341",-95.1682891845703,41.5050621032715,769,25442,"iowa","cass",2022,287
"1342",-95.1682891845703,41.5050621032715,769,25442,"iowa","cass",2023,288
"1343",-95.1682891845703,41.5050621032715,769,25442,"iowa","cass",2024,196
"1344",-95.1682891845703,41.5050621032715,769,25442,"iowa","cass",2025,10
"1345",-95.0594329833984,41.5050621032715,769,25443,"iowa","cass",2014,254
"1346",-95.0594329833984,41.5050621032715,769,25443,"iowa","cass",2015,247
"1347",-95.0594329833984,41.5050621032715,769,25443,"iowa","cass",2016,232
"1348",-95.0594329833984,41.5050621032715,769,25443,"iowa","cass",2017,228
"1349",-95.0594329833984,41.5050621032715,769,25443,"iowa","cass",2018,245
"1350",-95.0594329833984,41.5050621032715,769,25443,"iowa","cass",2019,218
"1351",-95.0594329833984,41.5050621032715,769,25443,"iowa","cass",2020,234
"1352",-95.0594329833984,41.5050621032715,769,25443,"iowa","cass",2021,282
"1353",-95.0594329833984,41.5050621032715,769,25443,"iowa","cass",2022,287
"1354",-95.0594329833984,41.5050621032715,769,25443,"iowa","cass",2023,288
"1355",-95.0594329833984,41.5050621032715,769,25443,"iowa","cass",2024,196
"1356",-95.0594329833984,41.5050621032715,769,25443,"iowa","cass",2025,10
"1357",-94.7099227905273,41.5050621032715,769,25444,"iowa","cass",2014,254
"1358",-94.7099227905273,41.5050621032715,769,25444,"iowa","cass",2015,247
"1359",-94.7099227905273,41.5050621032715,769,25444,"iowa","cass",2016,232
"1360",-94.7099227905273,41.5050621032715,769,25444,"iowa","cass",2017,228
"1361",-94.7099227905273,41.5050621032715,769,25444,"iowa","cass",2018,245
"1362",-94.7099227905273,41.5050621032715,769,25444,"iowa","cass",2019,218
"1363",-94.7099227905273,41.5050621032715,769,25444,"iowa","cass",2020,234
"1364",-94.7099227905273,41.5050621032715,769,25444,"iowa","cass",2021,282
"1365",-94.7099227905273,41.5050621032715,769,25444,"iowa","cass",2022,287
"1366",-94.7099227905273,41.5050621032715,769,25444,"iowa","cass",2023,288
"1367",-94.7099227905273,41.5050621032715,769,25444,"iowa","cass",2024,196
"1368",-94.7099227905273,41.5050621032715,769,25444,"iowa","cass",2025,10
"1369",-94.7099227905273,41.1612892150879,769,25445,"iowa","cass",2014,254
"1370",-94.7099227905273,41.1612892150879,769,25445,"iowa","cass",2015,247
"1371",-94.7099227905273,41.1612892150879,769,25445,"iowa","cass",2016,232
"1372",-94.7099227905273,41.1612892150879,769,25445,"iowa","cass",2017,228
"1373",-94.7099227905273,41.1612892150879,769,25445,"iowa","cass",2018,245
"1374",-94.7099227905273,41.1612892150879,769,25445,"iowa","cass",2019,218
"1375",-94.7099227905273,41.1612892150879,769,25445,"iowa","cass",2020,234
"1376",-94.7099227905273,41.1612892150879,769,25445,"iowa","cass",2021,282
"1377",-94.7099227905273,41.1612892150879,769,25445,"iowa","cass",2022,287
"1378",-94.7099227905273,41.1612892150879,769,25445,"iowa","cass",2023,288
"1379",-94.7099227905273,41.1612892150879,769,25445,"iowa","cass",2024,196
"1380",-94.7099227905273,41.1612892150879,769,25445,"iowa","cass",2025,10
"1381",-94.9333801269531,41.1555557250977,769,25446,"iowa","cass",2014,254
"1382",-94.9333801269531,41.1555557250977,769,25446,"iowa","cass",2015,247
"1383",-94.9333801269531,41.1555557250977,769,25446,"iowa","cass",2016,232
"1384",-94.9333801269531,41.1555557250977,769,25446,"iowa","cass",2017,228
"1385",-94.9333801269531,41.1555557250977,769,25446,"iowa","cass",2018,245
"1386",-94.9333801269531,41.1555557250977,769,25446,"iowa","cass",2019,218
"1387",-94.9333801269531,41.1555557250977,769,25446,"iowa","cass",2020,234
"1388",-94.9333801269531,41.1555557250977,769,25446,"iowa","cass",2021,282
"1389",-94.9333801269531,41.1555557250977,769,25446,"iowa","cass",2022,287
"1390",-94.9333801269531,41.1555557250977,769,25446,"iowa","cass",2023,288
"1391",-94.9333801269531,41.1555557250977,769,25446,"iowa","cass",2024,196
"1392",-94.9333801269531,41.1555557250977,769,25446,"iowa","cass",2025,10
"1393",-95.1625595092773,41.1555557250977,769,25447,"iowa","cass",2014,254
"1394",-95.1625595092773,41.1555557250977,769,25447,"iowa","cass",2015,247
"1395",-95.1625595092773,41.1555557250977,769,25447,"iowa","cass",2016,232
"1396",-95.1625595092773,41.1555557250977,769,25447,"iowa","cass",2017,228
"1397",-95.1625595092773,41.1555557250977,769,25447,"iowa","cass",2018,245
"1398",-95.1625595092773,41.1555557250977,769,25447,"iowa","cass",2019,218
"1399",-95.1625595092773,41.1555557250977,769,25447,"iowa","cass",2020,234
"1400",-95.1625595092773,41.1555557250977,769,25447,"iowa","cass",2021,282
"1401",-95.1625595092773,41.1555557250977,769,25447,"iowa","cass",2022,287
"1402",-95.1625595092773,41.1555557250977,769,25447,"iowa","cass",2023,288
"1403",-95.1625595092773,41.1555557250977,769,25447,"iowa","cass",2024,196
"1404",-95.1625595092773,41.1555557250977,769,25447,"iowa","cass",2025,10
"1405",-95.1682891845703,41.5050621032715,769,25448,"iowa","cass",2014,254
"1406",-95.1682891845703,41.5050621032715,769,25448,"iowa","cass",2015,247
"1407",-95.1682891845703,41.5050621032715,769,25448,"iowa","cass",2016,232
"1408",-95.1682891845703,41.5050621032715,769,25448,"iowa","cass",2017,228
"1409",-95.1682891845703,41.5050621032715,769,25448,"iowa","cass",2018,245
"1410",-95.1682891845703,41.5050621032715,769,25448,"iowa","cass",2019,218
"1411",-95.1682891845703,41.5050621032715,769,25448,"iowa","cass",2020,234
"1412",-95.1682891845703,41.5050621032715,769,25448,"iowa","cass",2021,282
"1413",-95.1682891845703,41.5050621032715,769,25448,"iowa","cass",2022,287
"1414",-95.1682891845703,41.5050621032715,769,25448,"iowa","cass",2023,288
"1415",-95.1682891845703,41.5050621032715,769,25448,"iowa","cass",2024,196
"1416",-95.1682891845703,41.5050621032715,769,25448,"iowa","cass",2025,10
"1417",-91.3466644287109,41.6081924438477,770,25450,"iowa","cedar",2014,403
"1418",-91.3466644287109,41.6081924438477,770,25450,"iowa","cedar",2015,433
"1419",-91.3466644287109,41.6081924438477,770,25450,"iowa","cedar",2016,404
"1420",-91.3466644287109,41.6081924438477,770,25450,"iowa","cedar",2017,385
"1421",-91.3466644287109,41.6081924438477,770,25450,"iowa","cedar",2018,399
"1422",-91.3466644287109,41.6081924438477,770,25450,"iowa","cedar",2019,394
"1423",-91.3466644287109,41.6081924438477,770,25450,"iowa","cedar",2020,340
"1424",-91.3466644287109,41.6081924438477,770,25450,"iowa","cedar",2021,376
"1425",-91.3466644287109,41.6081924438477,770,25450,"iowa","cedar",2022,372
"1426",-91.3466644287109,41.6081924438477,770,25450,"iowa","cedar",2023,379
"1427",-91.3466644287109,41.6081924438477,770,25450,"iowa","cedar",2024,415
"1428",-91.3466644287109,41.6081924438477,770,25450,"iowa","cedar",2025,34
"1429",-91.3523941040039,41.871753692627,770,25451,"iowa","cedar",2014,403
"1430",-91.3523941040039,41.871753692627,770,25451,"iowa","cedar",2015,433
"1431",-91.3523941040039,41.871753692627,770,25451,"iowa","cedar",2016,404
"1432",-91.3523941040039,41.871753692627,770,25451,"iowa","cedar",2017,385
"1433",-91.3523941040039,41.871753692627,770,25451,"iowa","cedar",2018,399
"1434",-91.3523941040039,41.871753692627,770,25451,"iowa","cedar",2019,394
"1435",-91.3523941040039,41.871753692627,770,25451,"iowa","cedar",2020,340
"1436",-91.3523941040039,41.871753692627,770,25451,"iowa","cedar",2021,376
"1437",-91.3523941040039,41.871753692627,770,25451,"iowa","cedar",2022,372
"1438",-91.3523941040039,41.871753692627,770,25451,"iowa","cedar",2023,379
"1439",-91.3523941040039,41.871753692627,770,25451,"iowa","cedar",2024,415
"1440",-91.3523941040039,41.871753692627,770,25451,"iowa","cedar",2025,34
"1441",-91.3523941040039,41.9519729614258,770,25452,"iowa","cedar",2014,403
"1442",-91.3523941040039,41.9519729614258,770,25452,"iowa","cedar",2015,433
"1443",-91.3523941040039,41.9519729614258,770,25452,"iowa","cedar",2016,404
"1444",-91.3523941040039,41.9519729614258,770,25452,"iowa","cedar",2017,385
"1445",-91.3523941040039,41.9519729614258,770,25452,"iowa","cedar",2018,399
"1446",-91.3523941040039,41.9519729614258,770,25452,"iowa","cedar",2019,394
"1447",-91.3523941040039,41.9519729614258,770,25452,"iowa","cedar",2020,340
"1448",-91.3523941040039,41.9519729614258,770,25452,"iowa","cedar",2021,376
"1449",-91.3523941040039,41.9519729614258,770,25452,"iowa","cedar",2022,372
"1450",-91.3523941040039,41.9519729614258,770,25452,"iowa","cedar",2023,379
"1451",-91.3523941040039,41.9519729614258,770,25452,"iowa","cedar",2024,415
"1452",-91.3523941040039,41.9519729614258,770,25452,"iowa","cedar",2025,34
"1453",-90.882568359375,41.9519729614258,770,25453,"iowa","cedar",2014,403
"1454",-90.882568359375,41.9519729614258,770,25453,"iowa","cedar",2015,433
"1455",-90.882568359375,41.9519729614258,770,25453,"iowa","cedar",2016,404
"1456",-90.882568359375,41.9519729614258,770,25453,"iowa","cedar",2017,385
"1457",-90.882568359375,41.9519729614258,770,25453,"iowa","cedar",2018,399
"1458",-90.882568359375,41.9519729614258,770,25453,"iowa","cedar",2019,394
"1459",-90.882568359375,41.9519729614258,770,25453,"iowa","cedar",2020,340
"1460",-90.882568359375,41.9519729614258,770,25453,"iowa","cedar",2021,376
"1461",-90.882568359375,41.9519729614258,770,25453,"iowa","cedar",2022,372
"1462",-90.882568359375,41.9519729614258,770,25453,"iowa","cedar",2023,379
"1463",-90.882568359375,41.9519729614258,770,25453,"iowa","cedar",2024,415
"1464",-90.882568359375,41.9519729614258,770,25453,"iowa","cedar",2025,34
"1465",-90.8768310546875,41.7800827026367,770,25454,"iowa","cedar",2014,403
"1466",-90.8768310546875,41.7800827026367,770,25454,"iowa","cedar",2015,433
"1467",-90.8768310546875,41.7800827026367,770,25454,"iowa","cedar",2016,404
"1468",-90.8768310546875,41.7800827026367,770,25454,"iowa","cedar",2017,385
"1469",-90.8768310546875,41.7800827026367,770,25454,"iowa","cedar",2018,399
"1470",-90.8768310546875,41.7800827026367,770,25454,"iowa","cedar",2019,394
"1471",-90.8768310546875,41.7800827026367,770,25454,"iowa","cedar",2020,340
"1472",-90.8768310546875,41.7800827026367,770,25454,"iowa","cedar",2021,376
"1473",-90.8768310546875,41.7800827026367,770,25454,"iowa","cedar",2022,372
"1474",-90.8768310546875,41.7800827026367,770,25454,"iowa","cedar",2023,379
"1475",-90.8768310546875,41.7800827026367,770,25454,"iowa","cedar",2024,415
"1476",-90.8768310546875,41.7800827026367,770,25454,"iowa","cedar",2025,34
"1477",-90.882568359375,41.602466583252,770,25455,"iowa","cedar",2014,403
"1478",-90.882568359375,41.602466583252,770,25455,"iowa","cedar",2015,433
"1479",-90.882568359375,41.602466583252,770,25455,"iowa","cedar",2016,404
"1480",-90.882568359375,41.602466583252,770,25455,"iowa","cedar",2017,385
"1481",-90.882568359375,41.602466583252,770,25455,"iowa","cedar",2018,399
"1482",-90.882568359375,41.602466583252,770,25455,"iowa","cedar",2019,394
"1483",-90.882568359375,41.602466583252,770,25455,"iowa","cedar",2020,340
"1484",-90.882568359375,41.602466583252,770,25455,"iowa","cedar",2021,376
"1485",-90.882568359375,41.602466583252,770,25455,"iowa","cedar",2022,372
"1486",-90.882568359375,41.602466583252,770,25455,"iowa","cedar",2023,379
"1487",-90.882568359375,41.602466583252,770,25455,"iowa","cedar",2024,415
"1488",-90.882568359375,41.602466583252,770,25455,"iowa","cedar",2025,34
"1489",-91.3466644287109,41.6081924438477,770,25456,"iowa","cedar",2014,403
"1490",-91.3466644287109,41.6081924438477,770,25456,"iowa","cedar",2015,433
"1491",-91.3466644287109,41.6081924438477,770,25456,"iowa","cedar",2016,404
"1492",-91.3466644287109,41.6081924438477,770,25456,"iowa","cedar",2017,385
"1493",-91.3466644287109,41.6081924438477,770,25456,"iowa","cedar",2018,399
"1494",-91.3466644287109,41.6081924438477,770,25456,"iowa","cedar",2019,394
"1495",-91.3466644287109,41.6081924438477,770,25456,"iowa","cedar",2020,340
"1496",-91.3466644287109,41.6081924438477,770,25456,"iowa","cedar",2021,376
"1497",-91.3466644287109,41.6081924438477,770,25456,"iowa","cedar",2022,372
"1498",-91.3466644287109,41.6081924438477,770,25456,"iowa","cedar",2023,379
"1499",-91.3466644287109,41.6081924438477,770,25456,"iowa","cedar",2024,415
"1500",-91.3466644287109,41.6081924438477,770,25456,"iowa","cedar",2025,34
"1501",-93.5009765625,43.2640419006348,771,25458,"iowa","cerro gordo",2014,954
"1502",-93.5009765625,43.2640419006348,771,25458,"iowa","cerro gordo",2015,978
"1503",-93.5009765625,43.2640419006348,771,25458,"iowa","cerro gordo",2016,1069
"1504",-93.5009765625,43.2640419006348,771,25458,"iowa","cerro gordo",2017,999
"1505",-93.5009765625,43.2640419006348,771,25458,"iowa","cerro gordo",2018,1033
"1506",-93.5009765625,43.2640419006348,771,25458,"iowa","cerro gordo",2019,1056
"1507",-93.5009765625,43.2640419006348,771,25458,"iowa","cerro gordo",2020,854
"1508",-93.5009765625,43.2640419006348,771,25458,"iowa","cerro gordo",2021,1005
"1509",-93.5009765625,43.2640419006348,771,25458,"iowa","cerro gordo",2022,995
"1510",-93.5009765625,43.2640419006348,771,25458,"iowa","cerro gordo",2023,1004
"1511",-93.5009765625,43.2640419006348,771,25458,"iowa","cerro gordo",2024,1003
"1512",-93.5009765625,43.2640419006348,771,25458,"iowa","cerro gordo",2025,45
"1513",-93.0254287719727,43.2583122253418,771,25459,"iowa","cerro gordo",2014,954
"1514",-93.0254287719727,43.2583122253418,771,25459,"iowa","cerro gordo",2015,978
"1515",-93.0254287719727,43.2583122253418,771,25459,"iowa","cerro gordo",2016,1069
"1516",-93.0254287719727,43.2583122253418,771,25459,"iowa","cerro gordo",2017,999
"1517",-93.0254287719727,43.2583122253418,771,25459,"iowa","cerro gordo",2018,1033
"1518",-93.0254287719727,43.2583122253418,771,25459,"iowa","cerro gordo",2019,1056
"1519",-93.0254287719727,43.2583122253418,771,25459,"iowa","cerro gordo",2020,854
"1520",-93.0254287719727,43.2583122253418,771,25459,"iowa","cerro gordo",2021,1005
"1521",-93.0254287719727,43.2583122253418,771,25459,"iowa","cerro gordo",2022,995
"1522",-93.0254287719727,43.2583122253418,771,25459,"iowa","cerro gordo",2023,1004
"1523",-93.0254287719727,43.2583122253418,771,25459,"iowa","cerro gordo",2024,1003
"1524",-93.0254287719727,43.2583122253418,771,25459,"iowa","cerro gordo",2025,45
"1525",-93.0254287719727,43.2239379882812,771,25460,"iowa","cerro gordo",2014,954
"1526",-93.0254287719727,43.2239379882812,771,25460,"iowa","cerro gordo",2015,978
"1527",-93.0254287719727,43.2239379882812,771,25460,"iowa","cerro gordo",2016,1069
"1528",-93.0254287719727,43.2239379882812,771,25460,"iowa","cerro gordo",2017,999
"1529",-93.0254287719727,43.2239379882812,771,25460,"iowa","cerro gordo",2018,1033
"1530",-93.0254287719727,43.2239379882812,771,25460,"iowa","cerro gordo",2019,1056
"1531",-93.0254287719727,43.2239379882812,771,25460,"iowa","cerro gordo",2020,854
"1532",-93.0254287719727,43.2239379882812,771,25460,"iowa","cerro gordo",2021,1005
"1533",-93.0254287719727,43.2239379882812,771,25460,"iowa","cerro gordo",2022,995
"1534",-93.0254287719727,43.2239379882812,771,25460,"iowa","cerro gordo",2023,1004
"1535",-93.0254287719727,43.2239379882812,771,25460,"iowa","cerro gordo",2024,1003
"1536",-93.0254287719727,43.2239379882812,771,25460,"iowa","cerro gordo",2025,45
"1537",-93.0254287719727,42.9088096618652,771,25461,"iowa","cerro gordo",2014,954
"1538",-93.0254287719727,42.9088096618652,771,25461,"iowa","cerro gordo",2015,978
"1539",-93.0254287719727,42.9088096618652,771,25461,"iowa","cerro gordo",2016,1069
"1540",-93.0254287719727,42.9088096618652,771,25461,"iowa","cerro gordo",2017,999
"1541",-93.0254287719727,42.9088096618652,771,25461,"iowa","cerro gordo",2018,1033
"1542",-93.0254287719727,42.9088096618652,771,25461,"iowa","cerro gordo",2019,1056
"1543",-93.0254287719727,42.9088096618652,771,25461,"iowa","cerro gordo",2020,854
"1544",-93.0254287719727,42.9088096618652,771,25461,"iowa","cerro gordo",2021,1005
"1545",-93.0254287719727,42.9088096618652,771,25461,"iowa","cerro gordo",2022,995
"1546",-93.0254287719727,42.9088096618652,771,25461,"iowa","cerro gordo",2023,1004
"1547",-93.0254287719727,42.9088096618652,771,25461,"iowa","cerro gordo",2024,1003
"1548",-93.0254287719727,42.9088096618652,771,25461,"iowa","cerro gordo",2025,45
"1549",-93.4952545166016,42.9145393371582,771,25462,"iowa","cerro gordo",2014,954
"1550",-93.4952545166016,42.9145393371582,771,25462,"iowa","cerro gordo",2015,978
"1551",-93.4952545166016,42.9145393371582,771,25462,"iowa","cerro gordo",2016,1069
"1552",-93.4952545166016,42.9145393371582,771,25462,"iowa","cerro gordo",2017,999
"1553",-93.4952545166016,42.9145393371582,771,25462,"iowa","cerro gordo",2018,1033
"1554",-93.4952545166016,42.9145393371582,771,25462,"iowa","cerro gordo",2019,1056
"1555",-93.4952545166016,42.9145393371582,771,25462,"iowa","cerro gordo",2020,854
"1556",-93.4952545166016,42.9145393371582,771,25462,"iowa","cerro gordo",2021,1005
"1557",-93.4952545166016,42.9145393371582,771,25462,"iowa","cerro gordo",2022,995
"1558",-93.4952545166016,42.9145393371582,771,25462,"iowa","cerro gordo",2023,1004
"1559",-93.4952545166016,42.9145393371582,771,25462,"iowa","cerro gordo",2024,1003
"1560",-93.4952545166016,42.9145393371582,771,25462,"iowa","cerro gordo",2025,45
"1561",-93.5009765625,43.2640419006348,771,25463,"iowa","cerro gordo",2014,954
"1562",-93.5009765625,43.2640419006348,771,25463,"iowa","cerro gordo",2015,978
"1563",-93.5009765625,43.2640419006348,771,25463,"iowa","cerro gordo",2016,1069
"1564",-93.5009765625,43.2640419006348,771,25463,"iowa","cerro gordo",2017,999
"1565",-93.5009765625,43.2640419006348,771,25463,"iowa","cerro gordo",2018,1033
"1566",-93.5009765625,43.2640419006348,771,25463,"iowa","cerro gordo",2019,1056
"1567",-93.5009765625,43.2640419006348,771,25463,"iowa","cerro gordo",2020,854
"1568",-93.5009765625,43.2640419006348,771,25463,"iowa","cerro gordo",2021,1005
"1569",-93.5009765625,43.2640419006348,771,25463,"iowa","cerro gordo",2022,995
"1570",-93.5009765625,43.2640419006348,771,25463,"iowa","cerro gordo",2023,1004
"1571",-93.5009765625,43.2640419006348,771,25463,"iowa","cerro gordo",2024,1003
"1572",-93.5009765625,43.2640419006348,771,25463,"iowa","cerro gordo",2025,45
"1573",-95.8558349609375,42.5535736083984,772,25465,"iowa","cherokee",2014,175
"1574",-95.8558349609375,42.5535736083984,772,25465,"iowa","cherokee",2015,171
"1575",-95.8558349609375,42.5535736083984,772,25465,"iowa","cherokee",2016,195
"1576",-95.8558349609375,42.5535736083984,772,25465,"iowa","cherokee",2017,156
"1577",-95.8558349609375,42.5535736083984,772,25465,"iowa","cherokee",2018,177
"1578",-95.8558349609375,42.5535736083984,772,25465,"iowa","cherokee",2019,198
"1579",-95.8558349609375,42.5535736083984,772,25465,"iowa","cherokee",2020,171
"1580",-95.8558349609375,42.5535736083984,772,25465,"iowa","cherokee",2021,207
"1581",-95.8558349609375,42.5535736083984,772,25465,"iowa","cherokee",2022,163
"1582",-95.8558349609375,42.5535736083984,772,25465,"iowa","cherokee",2023,185
"1583",-95.8558349609375,42.5535736083984,772,25465,"iowa","cherokee",2024,175
"1584",-95.8558349609375,42.5535736083984,772,25465,"iowa","cherokee",2025,7
"1585",-95.8558349609375,42.9088096618652,772,25466,"iowa","cherokee",2014,175
"1586",-95.8558349609375,42.9088096618652,772,25466,"iowa","cherokee",2015,171
"1587",-95.8558349609375,42.9088096618652,772,25466,"iowa","cherokee",2016,195
"1588",-95.8558349609375,42.9088096618652,772,25466,"iowa","cherokee",2017,156
"1589",-95.8558349609375,42.9088096618652,772,25466,"iowa","cherokee",2018,177
"1590",-95.8558349609375,42.9088096618652,772,25466,"iowa","cherokee",2019,198
"1591",-95.8558349609375,42.9088096618652,772,25466,"iowa","cherokee",2020,171
"1592",-95.8558349609375,42.9088096618652,772,25466,"iowa","cherokee",2021,207
"1593",-95.8558349609375,42.9088096618652,772,25466,"iowa","cherokee",2022,163
"1594",-95.8558349609375,42.9088096618652,772,25466,"iowa","cherokee",2023,185
"1595",-95.8558349609375,42.9088096618652,772,25466,"iowa","cherokee",2024,175
"1596",-95.8558349609375,42.9088096618652,772,25466,"iowa","cherokee",2025,7
"1597",-95.3974685668945,42.9145393371582,772,25467,"iowa","cherokee",2014,175
"1598",-95.3974685668945,42.9145393371582,772,25467,"iowa","cherokee",2015,171
"1599",-95.3974685668945,42.9145393371582,772,25467,"iowa","cherokee",2016,195
"1600",-95.3974685668945,42.9145393371582,772,25467,"iowa","cherokee",2017,156
"1601",-95.3974685668945,42.9145393371582,772,25467,"iowa","cherokee",2018,177
"1602",-95.3974685668945,42.9145393371582,772,25467,"iowa","cherokee",2019,198
"1603",-95.3974685668945,42.9145393371582,772,25467,"iowa","cherokee",2020,171
"1604",-95.3974685668945,42.9145393371582,772,25467,"iowa","cherokee",2021,207
"1605",-95.3974685668945,42.9145393371582,772,25467,"iowa","cherokee",2022,163
"1606",-95.3974685668945,42.9145393371582,772,25467,"iowa","cherokee",2023,185
"1607",-95.3974685668945,42.9145393371582,772,25467,"iowa","cherokee",2024,175
"1608",-95.3974685668945,42.9145393371582,772,25467,"iowa","cherokee",2025,7
"1609",-95.3974685668945,42.5650367736816,772,25468,"iowa","cherokee",2014,175
"1610",-95.3974685668945,42.5650367736816,772,25468,"iowa","cherokee",2015,171
"1611",-95.3974685668945,42.5650367736816,772,25468,"iowa","cherokee",2016,195
"1612",-95.3974685668945,42.5650367736816,772,25468,"iowa","cherokee",2017,156
"1613",-95.3974685668945,42.5650367736816,772,25468,"iowa","cherokee",2018,177
"1614",-95.3974685668945,42.5650367736816,772,25468,"iowa","cherokee",2019,198
"1615",-95.3974685668945,42.5650367736816,772,25468,"iowa","cherokee",2020,171
"1616",-95.3974685668945,42.5650367736816,772,25468,"iowa","cherokee",2021,207
"1617",-95.3974685668945,42.5650367736816,772,25468,"iowa","cherokee",2022,163
"1618",-95.3974685668945,42.5650367736816,772,25468,"iowa","cherokee",2023,185
"1619",-95.3974685668945,42.5650367736816,772,25468,"iowa","cherokee",2024,175
"1620",-95.3974685668945,42.5650367736816,772,25468,"iowa","cherokee",2025,7
"1621",-95.7412490844727,42.5593032836914,772,25469,"iowa","cherokee",2014,175
"1622",-95.7412490844727,42.5593032836914,772,25469,"iowa","cherokee",2015,171
"1623",-95.7412490844727,42.5593032836914,772,25469,"iowa","cherokee",2016,195
"1624",-95.7412490844727,42.5593032836914,772,25469,"iowa","cherokee",2017,156
"1625",-95.7412490844727,42.5593032836914,772,25469,"iowa","cherokee",2018,177
"1626",-95.7412490844727,42.5593032836914,772,25469,"iowa","cherokee",2019,198
"1627",-95.7412490844727,42.5593032836914,772,25469,"iowa","cherokee",2020,171
"1628",-95.7412490844727,42.5593032836914,772,25469,"iowa","cherokee",2021,207
"1629",-95.7412490844727,42.5593032836914,772,25469,"iowa","cherokee",2022,163
"1630",-95.7412490844727,42.5593032836914,772,25469,"iowa","cherokee",2023,185
"1631",-95.7412490844727,42.5593032836914,772,25469,"iowa","cherokee",2024,175
"1632",-95.7412490844727,42.5593032836914,772,25469,"iowa","cherokee",2025,7
"1633",-95.8558349609375,42.5535736083984,772,25470,"iowa","cherokee",2014,175
"1634",-95.8558349609375,42.5535736083984,772,25470,"iowa","cherokee",2015,171
"1635",-95.8558349609375,42.5535736083984,772,25470,"iowa","cherokee",2016,195
"1636",-95.8558349609375,42.5535736083984,772,25470,"iowa","cherokee",2017,156
"1637",-95.8558349609375,42.5535736083984,772,25470,"iowa","cherokee",2018,177
"1638",-95.8558349609375,42.5535736083984,772,25470,"iowa","cherokee",2019,198
"1639",-95.8558349609375,42.5535736083984,772,25470,"iowa","cherokee",2020,171
"1640",-95.8558349609375,42.5535736083984,772,25470,"iowa","cherokee",2021,207
"1641",-95.8558349609375,42.5535736083984,772,25470,"iowa","cherokee",2022,163
"1642",-95.8558349609375,42.5535736083984,772,25470,"iowa","cherokee",2023,185
"1643",-95.8558349609375,42.5535736083984,772,25470,"iowa","cherokee",2024,175
"1644",-95.8558349609375,42.5535736083984,772,25470,"iowa","cherokee",2025,7
"1645",-92.5556030273438,43.2239379882812,773,25472,"iowa","chickasaw",2014,125
"1646",-92.5556030273438,43.2239379882812,773,25472,"iowa","chickasaw",2015,146
"1647",-92.5556030273438,43.2239379882812,773,25472,"iowa","chickasaw",2016,192
"1648",-92.5556030273438,43.2239379882812,773,25472,"iowa","chickasaw",2017,175
"1649",-92.5556030273438,43.2239379882812,773,25472,"iowa","chickasaw",2018,160
"1650",-92.5556030273438,43.2239379882812,773,25472,"iowa","chickasaw",2019,207
"1651",-92.5556030273438,43.2239379882812,773,25472,"iowa","chickasaw",2020,134
"1652",-92.5556030273438,43.2239379882812,773,25472,"iowa","chickasaw",2021,156
"1653",-92.5556030273438,43.2239379882812,773,25472,"iowa","chickasaw",2022,143
"1654",-92.5556030273438,43.2239379882812,773,25472,"iowa","chickasaw",2023,154
"1655",-92.5556030273438,43.2239379882812,773,25472,"iowa","chickasaw",2024,173
"1656",-92.5556030273438,43.2239379882812,773,25472,"iowa","chickasaw",2025,8
"1657",-92.0800476074219,43.218204498291,773,25473,"iowa","chickasaw",2014,125
"1658",-92.0800476074219,43.218204498291,773,25473,"iowa","chickasaw",2015,146
"1659",-92.0800476074219,43.218204498291,773,25473,"iowa","chickasaw",2016,192
"1660",-92.0800476074219,43.218204498291,773,25473,"iowa","chickasaw",2017,175
"1661",-92.0800476074219,43.218204498291,773,25473,"iowa","chickasaw",2018,160
"1662",-92.0800476074219,43.218204498291,773,25473,"iowa","chickasaw",2019,207
"1663",-92.0800476074219,43.218204498291,773,25473,"iowa","chickasaw",2020,134
"1664",-92.0800476074219,43.218204498291,773,25473,"iowa","chickasaw",2021,156
"1665",-92.0800476074219,43.218204498291,773,25473,"iowa","chickasaw",2022,143
"1666",-92.0800476074219,43.218204498291,773,25473,"iowa","chickasaw",2023,154
"1667",-92.0800476074219,43.218204498291,773,25473,"iowa","chickasaw",2024,173
"1668",-92.0800476074219,43.218204498291,773,25473,"iowa","chickasaw",2025,8
"1669",-92.0743179321289,43.08642578125,773,25474,"iowa","chickasaw",2014,125
"1670",-92.0743179321289,43.08642578125,773,25474,"iowa","chickasaw",2015,146
"1671",-92.0743179321289,43.08642578125,773,25474,"iowa","chickasaw",2016,192
"1672",-92.0743179321289,43.08642578125,773,25474,"iowa","chickasaw",2017,175
"1673",-92.0743179321289,43.08642578125,773,25474,"iowa","chickasaw",2018,160
"1674",-92.0743179321289,43.08642578125,773,25474,"iowa","chickasaw",2019,207
"1675",-92.0743179321289,43.08642578125,773,25474,"iowa","chickasaw",2020,134
"1676",-92.0743179321289,43.08642578125,773,25474,"iowa","chickasaw",2021,156
"1677",-92.0743179321289,43.08642578125,773,25474,"iowa","chickasaw",2022,143
"1678",-92.0743179321289,43.08642578125,773,25474,"iowa","chickasaw",2023,154
"1679",-92.0743179321289,43.08642578125,773,25474,"iowa","chickasaw",2024,173
"1680",-92.0743179321289,43.08642578125,773,25474,"iowa","chickasaw",2025,8
"1681",-92.0800476074219,42.9088096618652,773,25475,"iowa","chickasaw",2014,125
"1682",-92.0800476074219,42.9088096618652,773,25475,"iowa","chickasaw",2015,146
"1683",-92.0800476074219,42.9088096618652,773,25475,"iowa","chickasaw",2016,192
"1684",-92.0800476074219,42.9088096618652,773,25475,"iowa","chickasaw",2017,175
"1685",-92.0800476074219,42.9088096618652,773,25475,"iowa","chickasaw",2018,160
"1686",-92.0800476074219,42.9088096618652,773,25475,"iowa","chickasaw",2019,207
"1687",-92.0800476074219,42.9088096618652,773,25475,"iowa","chickasaw",2020,134
"1688",-92.0800476074219,42.9088096618652,773,25475,"iowa","chickasaw",2021,156
"1689",-92.0800476074219,42.9088096618652,773,25475,"iowa","chickasaw",2022,143
"1690",-92.0800476074219,42.9088096618652,773,25475,"iowa","chickasaw",2023,154
"1691",-92.0800476074219,42.9088096618652,773,25475,"iowa","chickasaw",2024,173
"1692",-92.0800476074219,42.9088096618652,773,25475,"iowa","chickasaw",2025,8
"1693",-92.5498733520508,42.9088096618652,773,25476,"iowa","chickasaw",2014,125
"1694",-92.5498733520508,42.9088096618652,773,25476,"iowa","chickasaw",2015,146
"1695",-92.5498733520508,42.9088096618652,773,25476,"iowa","chickasaw",2016,192
"1696",-92.5498733520508,42.9088096618652,773,25476,"iowa","chickasaw",2017,175
"1697",-92.5498733520508,42.9088096618652,773,25476,"iowa","chickasaw",2018,160
"1698",-92.5498733520508,42.9088096618652,773,25476,"iowa","chickasaw",2019,207
"1699",-92.5498733520508,42.9088096618652,773,25476,"iowa","chickasaw",2020,134
"1700",-92.5498733520508,42.9088096618652,773,25476,"iowa","chickasaw",2021,156
"1701",-92.5498733520508,42.9088096618652,773,25476,"iowa","chickasaw",2022,143
"1702",-92.5498733520508,42.9088096618652,773,25476,"iowa","chickasaw",2023,154
"1703",-92.5498733520508,42.9088096618652,773,25476,"iowa","chickasaw",2024,173
"1704",-92.5498733520508,42.9088096618652,773,25476,"iowa","chickasaw",2025,8
"1705",-92.5556030273438,43.2239379882812,773,25477,"iowa","chickasaw",2014,125
"1706",-92.5556030273438,43.2239379882812,773,25477,"iowa","chickasaw",2015,146
"1707",-92.5556030273438,43.2239379882812,773,25477,"iowa","chickasaw",2016,192
"1708",-92.5556030273438,43.2239379882812,773,25477,"iowa","chickasaw",2017,175
"1709",-92.5556030273438,43.2239379882812,773,25477,"iowa","chickasaw",2018,160
"1710",-92.5556030273438,43.2239379882812,773,25477,"iowa","chickasaw",2019,207
"1711",-92.5556030273438,43.2239379882812,773,25477,"iowa","chickasaw",2020,134
"1712",-92.5556030273438,43.2239379882812,773,25477,"iowa","chickasaw",2021,156
"1713",-92.5556030273438,43.2239379882812,773,25477,"iowa","chickasaw",2022,143
"1714",-92.5556030273438,43.2239379882812,773,25477,"iowa","chickasaw",2023,154
"1715",-92.5556030273438,43.2239379882812,773,25477,"iowa","chickasaw",2024,173
"1716",-92.5556030273438,43.2239379882812,773,25477,"iowa","chickasaw",2025,8
"1717",-93.5640106201172,41.1612892150879,774,25479,"iowa","clarke",2014,212
"1718",-93.5640106201172,41.1612892150879,774,25479,"iowa","clarke",2015,214
"1719",-93.5640106201172,41.1612892150879,774,25479,"iowa","clarke",2016,202
"1720",-93.5640106201172,41.1612892150879,774,25479,"iowa","clarke",2017,210
"1721",-93.5640106201172,41.1612892150879,774,25479,"iowa","clarke",2018,206
"1722",-93.5640106201172,41.1612892150879,774,25479,"iowa","clarke",2019,208
"1723",-93.5640106201172,41.1612892150879,774,25479,"iowa","clarke",2020,146
"1724",-93.5640106201172,41.1612892150879,774,25479,"iowa","clarke",2021,206
"1725",-93.5640106201172,41.1612892150879,774,25479,"iowa","clarke",2022,175
"1726",-93.5640106201172,41.1612892150879,774,25479,"iowa","clarke",2023,188
"1727",-93.5640106201172,41.1612892150879,774,25479,"iowa","clarke",2024,206
"1728",-93.5640106201172,41.1612892150879,774,25479,"iowa","clarke",2025,8
"1729",-93.5640106201172,40.9034576416016,774,25480,"iowa","clarke",2014,212
"1730",-93.5640106201172,40.9034576416016,774,25480,"iowa","clarke",2015,214
"1731",-93.5640106201172,40.9034576416016,774,25480,"iowa","clarke",2016,202
"1732",-93.5640106201172,40.9034576416016,774,25480,"iowa","clarke",2017,210
"1733",-93.5640106201172,40.9034576416016,774,25480,"iowa","clarke",2018,206
"1734",-93.5640106201172,40.9034576416016,774,25480,"iowa","clarke",2019,208
"1735",-93.5640106201172,40.9034576416016,774,25480,"iowa","clarke",2020,146
"1736",-93.5640106201172,40.9034576416016,774,25480,"iowa","clarke",2021,206
"1737",-93.5640106201172,40.9034576416016,774,25480,"iowa","clarke",2022,175
"1738",-93.5640106201172,40.9034576416016,774,25480,"iowa","clarke",2023,188
"1739",-93.5640106201172,40.9034576416016,774,25480,"iowa","clarke",2024,206
"1740",-93.5640106201172,40.9034576416016,774,25480,"iowa","clarke",2025,8
"1741",-94.0166473388672,40.9034576416016,774,25481,"iowa","clarke",2014,212
"1742",-94.0166473388672,40.9034576416016,774,25481,"iowa","clarke",2015,214
"1743",-94.0166473388672,40.9034576416016,774,25481,"iowa","clarke",2016,202
"1744",-94.0166473388672,40.9034576416016,774,25481,"iowa","clarke",2017,210
"1745",-94.0166473388672,40.9034576416016,774,25481,"iowa","clarke",2018,206
"1746",-94.0166473388672,40.9034576416016,774,25481,"iowa","clarke",2019,208
"1747",-94.0166473388672,40.9034576416016,774,25481,"iowa","clarke",2020,146
"1748",-94.0166473388672,40.9034576416016,774,25481,"iowa","clarke",2021,206
"1749",-94.0166473388672,40.9034576416016,774,25481,"iowa","clarke",2022,175
"1750",-94.0166473388672,40.9034576416016,774,25481,"iowa","clarke",2023,188
"1751",-94.0166473388672,40.9034576416016,774,25481,"iowa","clarke",2024,206
"1752",-94.0166473388672,40.9034576416016,774,25481,"iowa","clarke",2025,8
"1753",-94.0166473388672,41.1612892150879,774,25482,"iowa","clarke",2014,212
"1754",-94.0166473388672,41.1612892150879,774,25482,"iowa","clarke",2015,214
"1755",-94.0166473388672,41.1612892150879,774,25482,"iowa","clarke",2016,202
"1756",-94.0166473388672,41.1612892150879,774,25482,"iowa","clarke",2017,210
"1757",-94.0166473388672,41.1612892150879,774,25482,"iowa","clarke",2018,206
"1758",-94.0166473388672,41.1612892150879,774,25482,"iowa","clarke",2019,208
"1759",-94.0166473388672,41.1612892150879,774,25482,"iowa","clarke",2020,146
"1760",-94.0166473388672,41.1612892150879,774,25482,"iowa","clarke",2021,206
"1761",-94.0166473388672,41.1612892150879,774,25482,"iowa","clarke",2022,175
"1762",-94.0166473388672,41.1612892150879,774,25482,"iowa","clarke",2023,188
"1763",-94.0166473388672,41.1612892150879,774,25482,"iowa","clarke",2024,206
"1764",-94.0166473388672,41.1612892150879,774,25482,"iowa","clarke",2025,8
"1765",-93.8046493530273,41.1670188903809,774,25483,"iowa","clarke",2014,212
"1766",-93.8046493530273,41.1670188903809,774,25483,"iowa","clarke",2015,214
"1767",-93.8046493530273,41.1670188903809,774,25483,"iowa","clarke",2016,202
"1768",-93.8046493530273,41.1670188903809,774,25483,"iowa","clarke",2017,210
"1769",-93.8046493530273,41.1670188903809,774,25483,"iowa","clarke",2018,206
"1770",-93.8046493530273,41.1670188903809,774,25483,"iowa","clarke",2019,208
"1771",-93.8046493530273,41.1670188903809,774,25483,"iowa","clarke",2020,146
"1772",-93.8046493530273,41.1670188903809,774,25483,"iowa","clarke",2021,206
"1773",-93.8046493530273,41.1670188903809,774,25483,"iowa","clarke",2022,175
"1774",-93.8046493530273,41.1670188903809,774,25483,"iowa","clarke",2023,188
"1775",-93.8046493530273,41.1670188903809,774,25483,"iowa","clarke",2024,206
"1776",-93.8046493530273,41.1670188903809,774,25483,"iowa","clarke",2025,8
"1777",-93.5640106201172,41.1612892150879,774,25484,"iowa","clarke",2014,212
"1778",-93.5640106201172,41.1612892150879,774,25484,"iowa","clarke",2015,214
"1779",-93.5640106201172,41.1612892150879,774,25484,"iowa","clarke",2016,202
"1780",-93.5640106201172,41.1612892150879,774,25484,"iowa","clarke",2017,210
"1781",-93.5640106201172,41.1612892150879,774,25484,"iowa","clarke",2018,206
"1782",-93.5640106201172,41.1612892150879,774,25484,"iowa","clarke",2019,208
"1783",-93.5640106201172,41.1612892150879,774,25484,"iowa","clarke",2020,146
"1784",-93.5640106201172,41.1612892150879,774,25484,"iowa","clarke",2021,206
"1785",-93.5640106201172,41.1612892150879,774,25484,"iowa","clarke",2022,175
"1786",-93.5640106201172,41.1612892150879,774,25484,"iowa","clarke",2023,188
"1787",-93.5640106201172,41.1612892150879,774,25484,"iowa","clarke",2024,206
"1788",-93.5640106201172,41.1612892150879,774,25484,"iowa","clarke",2025,8
"1789",-95.3974685668945,42.9145393371582,775,25486,"iowa","clay",2014,301
"1790",-95.3974685668945,42.9145393371582,775,25486,"iowa","clay",2015,304
"1791",-95.3974685668945,42.9145393371582,775,25486,"iowa","clay",2016,247
"1792",-95.3974685668945,42.9145393371582,775,25486,"iowa","clay",2017,342
"1793",-95.3974685668945,42.9145393371582,775,25486,"iowa","clay",2018,343
"1794",-95.3974685668945,42.9145393371582,775,25486,"iowa","clay",2019,339
"1795",-95.3974685668945,42.9145393371582,775,25486,"iowa","clay",2020,281
"1796",-95.3974685668945,42.9145393371582,775,25486,"iowa","clay",2021,296
"1797",-95.3974685668945,42.9145393371582,775,25486,"iowa","clay",2022,314
"1798",-95.3974685668945,42.9145393371582,775,25486,"iowa","clay",2023,294
"1799",-95.3974685668945,42.9145393371582,775,25486,"iowa","clay",2024,308
"1800",-95.3974685668945,42.9145393371582,775,25486,"iowa","clay",2025,11
"1801",-95.3917388916016,43.2640419006348,775,25487,"iowa","clay",2014,301
"1802",-95.3917388916016,43.2640419006348,775,25487,"iowa","clay",2015,304
"1803",-95.3917388916016,43.2640419006348,775,25487,"iowa","clay",2016,247
"1804",-95.3917388916016,43.2640419006348,775,25487,"iowa","clay",2017,342
"1805",-95.3917388916016,43.2640419006348,775,25487,"iowa","clay",2018,343
"1806",-95.3917388916016,43.2640419006348,775,25487,"iowa","clay",2019,339
"1807",-95.3917388916016,43.2640419006348,775,25487,"iowa","clay",2020,281
"1808",-95.3917388916016,43.2640419006348,775,25487,"iowa","clay",2021,296
"1809",-95.3917388916016,43.2640419006348,775,25487,"iowa","clay",2022,314
"1810",-95.3917388916016,43.2640419006348,775,25487,"iowa","clay",2023,294
"1811",-95.3917388916016,43.2640419006348,775,25487,"iowa","clay",2024,308
"1812",-95.3917388916016,43.2640419006348,775,25487,"iowa","clay",2025,11
"1813",-94.9219207763672,43.2640419006348,775,25488,"iowa","clay",2014,301
"1814",-94.9219207763672,43.2640419006348,775,25488,"iowa","clay",2015,304
"1815",-94.9219207763672,43.2640419006348,775,25488,"iowa","clay",2016,247
"1816",-94.9219207763672,43.2640419006348,775,25488,"iowa","clay",2017,342
"1817",-94.9219207763672,43.2640419006348,775,25488,"iowa","clay",2018,343
"1818",-94.9219207763672,43.2640419006348,775,25488,"iowa","clay",2019,339
"1819",-94.9219207763672,43.2640419006348,775,25488,"iowa","clay",2020,281
"1820",-94.9219207763672,43.2640419006348,775,25488,"iowa","clay",2021,296
"1821",-94.9219207763672,43.2640419006348,775,25488,"iowa","clay",2022,314
"1822",-94.9219207763672,43.2640419006348,775,25488,"iowa","clay",2023,294
"1823",-94.9219207763672,43.2640419006348,775,25488,"iowa","clay",2024,308
"1824",-94.9219207763672,43.2640419006348,775,25488,"iowa","clay",2025,11
"1825",-94.9219207763672,42.9202690124512,775,25489,"iowa","clay",2014,301
"1826",-94.9219207763672,42.9202690124512,775,25489,"iowa","clay",2015,304
"1827",-94.9219207763672,42.9202690124512,775,25489,"iowa","clay",2016,247
"1828",-94.9219207763672,42.9202690124512,775,25489,"iowa","clay",2017,342
"1829",-94.9219207763672,42.9202690124512,775,25489,"iowa","clay",2018,343
"1830",-94.9219207763672,42.9202690124512,775,25489,"iowa","clay",2019,339
"1831",-94.9219207763672,42.9202690124512,775,25489,"iowa","clay",2020,281
"1832",-94.9219207763672,42.9202690124512,775,25489,"iowa","clay",2021,296
"1833",-94.9219207763672,42.9202690124512,775,25489,"iowa","clay",2022,314
"1834",-94.9219207763672,42.9202690124512,775,25489,"iowa","clay",2023,294
"1835",-94.9219207763672,42.9202690124512,775,25489,"iowa","clay",2024,308
"1836",-94.9219207763672,42.9202690124512,775,25489,"iowa","clay",2025,11
"1837",-95.3974685668945,42.9145393371582,775,25490,"iowa","clay",2014,301
"1838",-95.3974685668945,42.9145393371582,775,25490,"iowa","clay",2015,304
"1839",-95.3974685668945,42.9145393371582,775,25490,"iowa","clay",2016,247
"1840",-95.3974685668945,42.9145393371582,775,25490,"iowa","clay",2017,342
"1841",-95.3974685668945,42.9145393371582,775,25490,"iowa","clay",2018,343
"1842",-95.3974685668945,42.9145393371582,775,25490,"iowa","clay",2019,339
"1843",-95.3974685668945,42.9145393371582,775,25490,"iowa","clay",2020,281
"1844",-95.3974685668945,42.9145393371582,775,25490,"iowa","clay",2021,296
"1845",-95.3974685668945,42.9145393371582,775,25490,"iowa","clay",2022,314
"1846",-95.3974685668945,42.9145393371582,775,25490,"iowa","clay",2023,294
"1847",-95.3974685668945,42.9145393371582,775,25490,"iowa","clay",2024,308
"1848",-95.3974685668945,42.9145393371582,775,25490,"iowa","clay",2025,11
"1849",-91.598762512207,42.6452484130859,776,25492,"iowa","clayton",2014,265
"1850",-91.598762512207,42.6452484130859,776,25492,"iowa","clayton",2015,317
"1851",-91.598762512207,42.6452484130859,776,25492,"iowa","clayton",2016,312
"1852",-91.598762512207,42.6452484130859,776,25492,"iowa","clayton",2017,306
"1853",-91.598762512207,42.6452484130859,776,25492,"iowa","clayton",2018,327
"1854",-91.598762512207,42.6452484130859,776,25492,"iowa","clayton",2019,296
"1855",-91.598762512207,42.6452484130859,776,25492,"iowa","clayton",2020,309
"1856",-91.598762512207,42.6452484130859,776,25492,"iowa","clayton",2021,315
"1857",-91.598762512207,42.6452484130859,776,25492,"iowa","clayton",2022,295
"1858",-91.598762512207,42.6452484130859,776,25492,"iowa","clayton",2023,286
"1859",-91.598762512207,42.6452484130859,776,25492,"iowa","clayton",2024,309
"1860",-91.598762512207,42.6452484130859,776,25492,"iowa","clayton",2025,21
"1861",-91.598762512207,43.08642578125,776,25493,"iowa","clayton",2014,265
"1862",-91.598762512207,43.08642578125,776,25493,"iowa","clayton",2015,317
"1863",-91.598762512207,43.08642578125,776,25493,"iowa","clayton",2016,312
"1864",-91.598762512207,43.08642578125,776,25493,"iowa","clayton",2017,306
"1865",-91.598762512207,43.08642578125,776,25493,"iowa","clayton",2018,327
"1866",-91.598762512207,43.08642578125,776,25493,"iowa","clayton",2019,296
"1867",-91.598762512207,43.08642578125,776,25493,"iowa","clayton",2020,309
"1868",-91.598762512207,43.08642578125,776,25493,"iowa","clayton",2021,315
"1869",-91.598762512207,43.08642578125,776,25493,"iowa","clayton",2022,295
"1870",-91.598762512207,43.08642578125,776,25493,"iowa","clayton",2023,286
"1871",-91.598762512207,43.08642578125,776,25493,"iowa","clayton",2024,309
"1872",-91.598762512207,43.08642578125,776,25493,"iowa","clayton",2025,21
"1873",-91.1747741699219,43.08642578125,776,25494,"iowa","clayton",2014,265
"1874",-91.1747741699219,43.08642578125,776,25494,"iowa","clayton",2015,317
"1875",-91.1747741699219,43.08642578125,776,25494,"iowa","clayton",2016,312
"1876",-91.1747741699219,43.08642578125,776,25494,"iowa","clayton",2017,306
"1877",-91.1747741699219,43.08642578125,776,25494,"iowa","clayton",2018,327
"1878",-91.1747741699219,43.08642578125,776,25494,"iowa","clayton",2019,296
"1879",-91.1747741699219,43.08642578125,776,25494,"iowa","clayton",2020,309
"1880",-91.1747741699219,43.08642578125,776,25494,"iowa","clayton",2021,315
"1881",-91.1747741699219,43.08642578125,776,25494,"iowa","clayton",2022,295
"1882",-91.1747741699219,43.08642578125,776,25494,"iowa","clayton",2023,286
"1883",-91.1747741699219,43.08642578125,776,25494,"iowa","clayton",2024,309
"1884",-91.1747741699219,43.08642578125,776,25494,"iowa","clayton",2025,21
"1885",-91.15185546875,42.9947547912598,776,25495,"iowa","clayton",2014,265
"1886",-91.15185546875,42.9947547912598,776,25495,"iowa","clayton",2015,317
"1887",-91.15185546875,42.9947547912598,776,25495,"iowa","clayton",2016,312
"1888",-91.15185546875,42.9947547912598,776,25495,"iowa","clayton",2017,306
"1889",-91.15185546875,42.9947547912598,776,25495,"iowa","clayton",2018,327
"1890",-91.15185546875,42.9947547912598,776,25495,"iowa","clayton",2019,296
"1891",-91.15185546875,42.9947547912598,776,25495,"iowa","clayton",2020,309
"1892",-91.15185546875,42.9947547912598,776,25495,"iowa","clayton",2021,315
"1893",-91.15185546875,42.9947547912598,776,25495,"iowa","clayton",2022,295
"1894",-91.15185546875,42.9947547912598,776,25495,"iowa","clayton",2023,286
"1895",-91.15185546875,42.9947547912598,776,25495,"iowa","clayton",2024,309
"1896",-91.15185546875,42.9947547912598,776,25495,"iowa","clayton",2025,21
"1897",-91.1289367675781,42.9202690124512,776,25496,"iowa","clayton",2014,265
"1898",-91.1289367675781,42.9202690124512,776,25496,"iowa","clayton",2015,317
"1899",-91.1289367675781,42.9202690124512,776,25496,"iowa","clayton",2016,312
"1900",-91.1289367675781,42.9202690124512,776,25496,"iowa","clayton",2017,306
"1901",-91.1289367675781,42.9202690124512,776,25496,"iowa","clayton",2018,327
"1902",-91.1289367675781,42.9202690124512,776,25496,"iowa","clayton",2019,296
"1903",-91.1289367675781,42.9202690124512,776,25496,"iowa","clayton",2020,309
"1904",-91.1289367675781,42.9202690124512,776,25496,"iowa","clayton",2021,315
"1905",-91.1289367675781,42.9202690124512,776,25496,"iowa","clayton",2022,295
"1906",-91.1289367675781,42.9202690124512,776,25496,"iowa","clayton",2023,286
"1907",-91.1289367675781,42.9202690124512,776,25496,"iowa","clayton",2024,309
"1908",-91.1289367675781,42.9202690124512,776,25496,"iowa","clayton",2025,21
"1909",-91.0888290405273,42.8744316101074,776,25497,"iowa","clayton",2014,265
"1910",-91.0888290405273,42.8744316101074,776,25497,"iowa","clayton",2015,317
"1911",-91.0888290405273,42.8744316101074,776,25497,"iowa","clayton",2016,312
"1912",-91.0888290405273,42.8744316101074,776,25497,"iowa","clayton",2017,306
"1913",-91.0888290405273,42.8744316101074,776,25497,"iowa","clayton",2018,327
"1914",-91.0888290405273,42.8744316101074,776,25497,"iowa","clayton",2019,296
"1915",-91.0888290405273,42.8744316101074,776,25497,"iowa","clayton",2020,309
"1916",-91.0888290405273,42.8744316101074,776,25497,"iowa","clayton",2021,315
"1917",-91.0888290405273,42.8744316101074,776,25497,"iowa","clayton",2022,295
"1918",-91.0888290405273,42.8744316101074,776,25497,"iowa","clayton",2023,286
"1919",-91.0888290405273,42.8744316101074,776,25497,"iowa","clayton",2024,309
"1920",-91.0888290405273,42.8744316101074,776,25497,"iowa","clayton",2025,21
"1921",-91.0716400146484,42.7884902954102,776,25498,"iowa","clayton",2014,265
"1922",-91.0716400146484,42.7884902954102,776,25498,"iowa","clayton",2015,317
"1923",-91.0716400146484,42.7884902954102,776,25498,"iowa","clayton",2016,312
"1924",-91.0716400146484,42.7884902954102,776,25498,"iowa","clayton",2017,306
"1925",-91.0716400146484,42.7884902954102,776,25498,"iowa","clayton",2018,327
"1926",-91.0716400146484,42.7884902954102,776,25498,"iowa","clayton",2019,296
"1927",-91.0716400146484,42.7884902954102,776,25498,"iowa","clayton",2020,309
"1928",-91.0716400146484,42.7884902954102,776,25498,"iowa","clayton",2021,315
"1929",-91.0716400146484,42.7884902954102,776,25498,"iowa","clayton",2022,295
"1930",-91.0716400146484,42.7884902954102,776,25498,"iowa","clayton",2023,286
"1931",-91.0716400146484,42.7884902954102,776,25498,"iowa","clayton",2024,309
"1932",-91.0716400146484,42.7884902954102,776,25498,"iowa","clayton",2025,21
"1933",-91.0601806640625,42.7541122436523,776,25499,"iowa","clayton",2014,265
"1934",-91.0601806640625,42.7541122436523,776,25499,"iowa","clayton",2015,317
"1935",-91.0601806640625,42.7541122436523,776,25499,"iowa","clayton",2016,312
"1936",-91.0601806640625,42.7541122436523,776,25499,"iowa","clayton",2017,306
"1937",-91.0601806640625,42.7541122436523,776,25499,"iowa","clayton",2018,327
"1938",-91.0601806640625,42.7541122436523,776,25499,"iowa","clayton",2019,296
"1939",-91.0601806640625,42.7541122436523,776,25499,"iowa","clayton",2020,309
"1940",-91.0601806640625,42.7541122436523,776,25499,"iowa","clayton",2021,315
"1941",-91.0601806640625,42.7541122436523,776,25499,"iowa","clayton",2022,295
"1942",-91.0601806640625,42.7541122436523,776,25499,"iowa","clayton",2023,286
"1943",-91.0601806640625,42.7541122436523,776,25499,"iowa","clayton",2024,309
"1944",-91.0601806640625,42.7541122436523,776,25499,"iowa","clayton",2025,21
"1945",-91.0086135864258,42.7311935424805,776,25500,"iowa","clayton",2014,265
"1946",-91.0086135864258,42.7311935424805,776,25500,"iowa","clayton",2015,317
"1947",-91.0086135864258,42.7311935424805,776,25500,"iowa","clayton",2016,312
"1948",-91.0086135864258,42.7311935424805,776,25500,"iowa","clayton",2017,306
"1949",-91.0086135864258,42.7311935424805,776,25500,"iowa","clayton",2018,327
"1950",-91.0086135864258,42.7311935424805,776,25500,"iowa","clayton",2019,296
"1951",-91.0086135864258,42.7311935424805,776,25500,"iowa","clayton",2020,309
"1952",-91.0086135864258,42.7311935424805,776,25500,"iowa","clayton",2021,315
"1953",-91.0086135864258,42.7311935424805,776,25500,"iowa","clayton",2022,295
"1954",-91.0086135864258,42.7311935424805,776,25500,"iowa","clayton",2023,286
"1955",-91.0086135864258,42.7311935424805,776,25500,"iowa","clayton",2024,309
"1956",-91.0086135864258,42.7311935424805,776,25500,"iowa","clayton",2025,21
"1957",-90.9570465087891,42.7025451660156,776,25501,"iowa","clayton",2014,265
"1958",-90.9570465087891,42.7025451660156,776,25501,"iowa","clayton",2015,317
"1959",-90.9570465087891,42.7025451660156,776,25501,"iowa","clayton",2016,312
"1960",-90.9570465087891,42.7025451660156,776,25501,"iowa","clayton",2017,306
"1961",-90.9570465087891,42.7025451660156,776,25501,"iowa","clayton",2018,327
"1962",-90.9570465087891,42.7025451660156,776,25501,"iowa","clayton",2019,296
"1963",-90.9570465087891,42.7025451660156,776,25501,"iowa","clayton",2020,309
"1964",-90.9570465087891,42.7025451660156,776,25501,"iowa","clayton",2021,315
"1965",-90.9570465087891,42.7025451660156,776,25501,"iowa","clayton",2022,295
"1966",-90.9570465087891,42.7025451660156,776,25501,"iowa","clayton",2023,286
"1967",-90.9570465087891,42.7025451660156,776,25501,"iowa","clayton",2024,309
"1968",-90.9570465087891,42.7025451660156,776,25501,"iowa","clayton",2025,21
"1969",-90.8997573852539,42.6910858154297,776,25502,"iowa","clayton",2014,265
"1970",-90.8997573852539,42.6910858154297,776,25502,"iowa","clayton",2015,317
"1971",-90.8997573852539,42.6910858154297,776,25502,"iowa","clayton",2016,312
"1972",-90.8997573852539,42.6910858154297,776,25502,"iowa","clayton",2017,306
"1973",-90.8997573852539,42.6910858154297,776,25502,"iowa","clayton",2018,327
"1974",-90.8997573852539,42.6910858154297,776,25502,"iowa","clayton",2019,296
"1975",-90.8997573852539,42.6910858154297,776,25502,"iowa","clayton",2020,309
"1976",-90.8997573852539,42.6910858154297,776,25502,"iowa","clayton",2021,315
"1977",-90.8997573852539,42.6910858154297,776,25502,"iowa","clayton",2022,295
"1978",-90.8997573852539,42.6910858154297,776,25502,"iowa","clayton",2023,286
"1979",-90.8997573852539,42.6910858154297,776,25502,"iowa","clayton",2024,309
"1980",-90.8997573852539,42.6910858154297,776,25502,"iowa","clayton",2025,21
"1981",-90.8768310546875,42.6796264648438,776,25503,"iowa","clayton",2014,265
"1982",-90.8768310546875,42.6796264648438,776,25503,"iowa","clayton",2015,317
"1983",-90.8768310546875,42.6796264648438,776,25503,"iowa","clayton",2016,312
"1984",-90.8768310546875,42.6796264648438,776,25503,"iowa","clayton",2017,306
"1985",-90.8768310546875,42.6796264648438,776,25503,"iowa","clayton",2018,327
"1986",-90.8768310546875,42.6796264648438,776,25503,"iowa","clayton",2019,296
"1987",-90.8768310546875,42.6796264648438,776,25503,"iowa","clayton",2020,309
"1988",-90.8768310546875,42.6796264648438,776,25503,"iowa","clayton",2021,315
"1989",-90.8768310546875,42.6796264648438,776,25503,"iowa","clayton",2022,295
"1990",-90.8768310546875,42.6796264648438,776,25503,"iowa","clayton",2023,286
"1991",-90.8768310546875,42.6796264648438,776,25503,"iowa","clayton",2024,309
"1992",-90.8768310546875,42.6796264648438,776,25503,"iowa","clayton",2025,21
"1993",-90.8711013793945,42.6567077636719,776,25504,"iowa","clayton",2014,265
"1994",-90.8711013793945,42.6567077636719,776,25504,"iowa","clayton",2015,317
"1995",-90.8711013793945,42.6567077636719,776,25504,"iowa","clayton",2016,312
"1996",-90.8711013793945,42.6567077636719,776,25504,"iowa","clayton",2017,306
"1997",-90.8711013793945,42.6567077636719,776,25504,"iowa","clayton",2018,327
"1998",-90.8711013793945,42.6567077636719,776,25504,"iowa","clayton",2019,296
"1999",-90.8711013793945,42.6567077636719,776,25504,"iowa","clayton",2020,309
"2000",-90.8711013793945,42.6567077636719,776,25504,"iowa","clayton",2021,315
"2001",-90.8711013793945,42.6567077636719,776,25504,"iowa","clayton",2022,295
"2002",-90.8711013793945,42.6567077636719,776,25504,"iowa","clayton",2023,286
"2003",-90.8711013793945,42.6567077636719,776,25504,"iowa","clayton",2024,309
"2004",-90.8711013793945,42.6567077636719,776,25504,"iowa","clayton",2025,21
"2005",-90.888298034668,42.6452484130859,776,25505,"iowa","clayton",2014,265
"2006",-90.888298034668,42.6452484130859,776,25505,"iowa","clayton",2015,317
"2007",-90.888298034668,42.6452484130859,776,25505,"iowa","clayton",2016,312
"2008",-90.888298034668,42.6452484130859,776,25505,"iowa","clayton",2017,306
"2009",-90.888298034668,42.6452484130859,776,25505,"iowa","clayton",2018,327
"2010",-90.888298034668,42.6452484130859,776,25505,"iowa","clayton",2019,296
"2011",-90.888298034668,42.6452484130859,776,25505,"iowa","clayton",2020,309
"2012",-90.888298034668,42.6452484130859,776,25505,"iowa","clayton",2021,315
"2013",-90.888298034668,42.6452484130859,776,25505,"iowa","clayton",2022,295
"2014",-90.888298034668,42.6452484130859,776,25505,"iowa","clayton",2023,286
"2015",-90.888298034668,42.6452484130859,776,25505,"iowa","clayton",2024,309
"2016",-90.888298034668,42.6452484130859,776,25505,"iowa","clayton",2025,21
"2017",-91.1232070922852,42.6452484130859,776,25506,"iowa","clayton",2014,265
"2018",-91.1232070922852,42.6452484130859,776,25506,"iowa","clayton",2015,317
"2019",-91.1232070922852,42.6452484130859,776,25506,"iowa","clayton",2016,312
"2020",-91.1232070922852,42.6452484130859,776,25506,"iowa","clayton",2017,306
"2021",-91.1232070922852,42.6452484130859,776,25506,"iowa","clayton",2018,327
"2022",-91.1232070922852,42.6452484130859,776,25506,"iowa","clayton",2019,296
"2023",-91.1232070922852,42.6452484130859,776,25506,"iowa","clayton",2020,309
"2024",-91.1232070922852,42.6452484130859,776,25506,"iowa","clayton",2021,315
"2025",-91.1232070922852,42.6452484130859,776,25506,"iowa","clayton",2022,295
"2026",-91.1232070922852,42.6452484130859,776,25506,"iowa","clayton",2023,286
"2027",-91.1232070922852,42.6452484130859,776,25506,"iowa","clayton",2024,309
"2028",-91.1232070922852,42.6452484130859,776,25506,"iowa","clayton",2025,21
"2029",-91.598762512207,42.6452484130859,776,25507,"iowa","clayton",2014,265
"2030",-91.598762512207,42.6452484130859,776,25507,"iowa","clayton",2015,317
"2031",-91.598762512207,42.6452484130859,776,25507,"iowa","clayton",2016,312
"2032",-91.598762512207,42.6452484130859,776,25507,"iowa","clayton",2017,306
"2033",-91.598762512207,42.6452484130859,776,25507,"iowa","clayton",2018,327
"2034",-91.598762512207,42.6452484130859,776,25507,"iowa","clayton",2019,296
"2035",-91.598762512207,42.6452484130859,776,25507,"iowa","clayton",2020,309
"2036",-91.598762512207,42.6452484130859,776,25507,"iowa","clayton",2021,315
"2037",-91.598762512207,42.6452484130859,776,25507,"iowa","clayton",2022,295
"2038",-91.598762512207,42.6452484130859,776,25507,"iowa","clayton",2023,286
"2039",-91.598762512207,42.6452484130859,776,25507,"iowa","clayton",2024,309
"2040",-91.598762512207,42.6452484130859,776,25507,"iowa","clayton",2025,21
"2041",-90.8768310546875,42.0379104614258,777,25509,"iowa","clinton",2014,1019
"2042",-90.8768310546875,42.0379104614258,777,25509,"iowa","clinton",2015,945
"2043",-90.8768310546875,42.0379104614258,777,25509,"iowa","clinton",2016,963
"2044",-90.8768310546875,42.0379104614258,777,25509,"iowa","clinton",2017,949
"2045",-90.8768310546875,42.0379104614258,777,25509,"iowa","clinton",2018,832
"2046",-90.8768310546875,42.0379104614258,777,25509,"iowa","clinton",2019,762
"2047",-90.8768310546875,42.0379104614258,777,25509,"iowa","clinton",2020,598
"2048",-90.8768310546875,42.0379104614258,777,25509,"iowa","clinton",2021,668
"2049",-90.8768310546875,42.0379104614258,777,25509,"iowa","clinton",2022,636
"2050",-90.8768310546875,42.0379104614258,777,25509,"iowa","clinton",2023,633
"2051",-90.8768310546875,42.0379104614258,777,25509,"iowa","clinton",2024,611
"2052",-90.8768310546875,42.0379104614258,777,25509,"iowa","clinton",2025,44
"2053",-90.1491775512695,42.0379104614258,777,25510,"iowa","clinton",2014,1019
"2054",-90.1491775512695,42.0379104614258,777,25510,"iowa","clinton",2015,945
"2055",-90.1491775512695,42.0379104614258,777,25510,"iowa","clinton",2016,963
"2056",-90.1491775512695,42.0379104614258,777,25510,"iowa","clinton",2017,949
"2057",-90.1491775512695,42.0379104614258,777,25510,"iowa","clinton",2018,832
"2058",-90.1491775512695,42.0379104614258,777,25510,"iowa","clinton",2019,762
"2059",-90.1491775512695,42.0379104614258,777,25510,"iowa","clinton",2020,598
"2060",-90.1491775512695,42.0379104614258,777,25510,"iowa","clinton",2021,668
"2061",-90.1491775512695,42.0379104614258,777,25510,"iowa","clinton",2022,636
"2062",-90.1491775512695,42.0379104614258,777,25510,"iowa","clinton",2023,633
"2063",-90.1491775512695,42.0379104614258,777,25510,"iowa","clinton",2024,611
"2064",-90.1491775512695,42.0379104614258,777,25510,"iowa","clinton",2025,44
"2065",-90.1377182006836,42.0092658996582,777,25511,"iowa","clinton",2014,1019
"2066",-90.1377182006836,42.0092658996582,777,25511,"iowa","clinton",2015,945
"2067",-90.1377182006836,42.0092658996582,777,25511,"iowa","clinton",2016,963
"2068",-90.1377182006836,42.0092658996582,777,25511,"iowa","clinton",2017,949
"2069",-90.1377182006836,42.0092658996582,777,25511,"iowa","clinton",2018,832
"2070",-90.1377182006836,42.0092658996582,777,25511,"iowa","clinton",2019,762
"2071",-90.1377182006836,42.0092658996582,777,25511,"iowa","clinton",2020,598
"2072",-90.1377182006836,42.0092658996582,777,25511,"iowa","clinton",2021,668
"2073",-90.1377182006836,42.0092658996582,777,25511,"iowa","clinton",2022,636
"2074",-90.1377182006836,42.0092658996582,777,25511,"iowa","clinton",2023,633
"2075",-90.1377182006836,42.0092658996582,777,25511,"iowa","clinton",2024,611
"2076",-90.1377182006836,42.0092658996582,777,25511,"iowa","clinton",2025,44
"2077",-90.1491775512695,41.9634284973145,777,25512,"iowa","clinton",2014,1019
"2078",-90.1491775512695,41.9634284973145,777,25512,"iowa","clinton",2015,945
"2079",-90.1491775512695,41.9634284973145,777,25512,"iowa","clinton",2016,963
"2080",-90.1491775512695,41.9634284973145,777,25512,"iowa","clinton",2017,949
"2081",-90.1491775512695,41.9634284973145,777,25512,"iowa","clinton",2018,832
"2082",-90.1491775512695,41.9634284973145,777,25512,"iowa","clinton",2019,762
"2083",-90.1491775512695,41.9634284973145,777,25512,"iowa","clinton",2020,598
"2084",-90.1491775512695,41.9634284973145,777,25512,"iowa","clinton",2021,668
"2085",-90.1491775512695,41.9634284973145,777,25512,"iowa","clinton",2022,636
"2086",-90.1491775512695,41.9634284973145,777,25512,"iowa","clinton",2023,633
"2087",-90.1491775512695,41.9634284973145,777,25512,"iowa","clinton",2024,611
"2088",-90.1491775512695,41.9634284973145,777,25512,"iowa","clinton",2025,44
"2089",-90.16064453125,41.9347801208496,777,25513,"iowa","clinton",2014,1019
"2090",-90.16064453125,41.9347801208496,777,25513,"iowa","clinton",2015,945
"2091",-90.16064453125,41.9347801208496,777,25513,"iowa","clinton",2016,963
"2092",-90.16064453125,41.9347801208496,777,25513,"iowa","clinton",2017,949
"2093",-90.16064453125,41.9347801208496,777,25513,"iowa","clinton",2018,832
"2094",-90.16064453125,41.9347801208496,777,25513,"iowa","clinton",2019,762
"2095",-90.16064453125,41.9347801208496,777,25513,"iowa","clinton",2020,598
"2096",-90.16064453125,41.9347801208496,777,25513,"iowa","clinton",2021,668
"2097",-90.16064453125,41.9347801208496,777,25513,"iowa","clinton",2022,636
"2098",-90.16064453125,41.9347801208496,777,25513,"iowa","clinton",2023,633
"2099",-90.16064453125,41.9347801208496,777,25513,"iowa","clinton",2024,611
"2100",-90.16064453125,41.9347801208496,777,25513,"iowa","clinton",2025,44
"2101",-90.16064453125,41.8946723937988,777,25514,"iowa","clinton",2014,1019
"2102",-90.16064453125,41.8946723937988,777,25514,"iowa","clinton",2015,945
"2103",-90.16064453125,41.8946723937988,777,25514,"iowa","clinton",2016,963
"2104",-90.16064453125,41.8946723937988,777,25514,"iowa","clinton",2017,949
"2105",-90.16064453125,41.8946723937988,777,25514,"iowa","clinton",2018,832
"2106",-90.16064453125,41.8946723937988,777,25514,"iowa","clinton",2019,762
"2107",-90.16064453125,41.8946723937988,777,25514,"iowa","clinton",2020,598
"2108",-90.16064453125,41.8946723937988,777,25514,"iowa","clinton",2021,668
"2109",-90.16064453125,41.8946723937988,777,25514,"iowa","clinton",2022,636
"2110",-90.16064453125,41.8946723937988,777,25514,"iowa","clinton",2023,633
"2111",-90.16064453125,41.8946723937988,777,25514,"iowa","clinton",2024,611
"2112",-90.16064453125,41.8946723937988,777,25514,"iowa","clinton",2025,44
"2113",-90.1778259277344,41.8373794555664,777,25515,"iowa","clinton",2014,1019
"2114",-90.1778259277344,41.8373794555664,777,25515,"iowa","clinton",2015,945
"2115",-90.1778259277344,41.8373794555664,777,25515,"iowa","clinton",2016,963
"2116",-90.1778259277344,41.8373794555664,777,25515,"iowa","clinton",2017,949
"2117",-90.1778259277344,41.8373794555664,777,25515,"iowa","clinton",2018,832
"2118",-90.1778259277344,41.8373794555664,777,25515,"iowa","clinton",2019,762
"2119",-90.1778259277344,41.8373794555664,777,25515,"iowa","clinton",2020,598
"2120",-90.1778259277344,41.8373794555664,777,25515,"iowa","clinton",2021,668
"2121",-90.1778259277344,41.8373794555664,777,25515,"iowa","clinton",2022,636
"2122",-90.1778259277344,41.8373794555664,777,25515,"iowa","clinton",2023,633
"2123",-90.1778259277344,41.8373794555664,777,25515,"iowa","clinton",2024,611
"2124",-90.1778259277344,41.8373794555664,777,25515,"iowa","clinton",2025,44
"2125",-90.1892852783203,41.8201904296875,777,25516,"iowa","clinton",2014,1019
"2126",-90.1892852783203,41.8201904296875,777,25516,"iowa","clinton",2015,945
"2127",-90.1892852783203,41.8201904296875,777,25516,"iowa","clinton",2016,963
"2128",-90.1892852783203,41.8201904296875,777,25516,"iowa","clinton",2017,949
"2129",-90.1892852783203,41.8201904296875,777,25516,"iowa","clinton",2018,832
"2130",-90.1892852783203,41.8201904296875,777,25516,"iowa","clinton",2019,762
"2131",-90.1892852783203,41.8201904296875,777,25516,"iowa","clinton",2020,598
"2132",-90.1892852783203,41.8201904296875,777,25516,"iowa","clinton",2021,668
"2133",-90.1892852783203,41.8201904296875,777,25516,"iowa","clinton",2022,636
"2134",-90.1892852783203,41.8201904296875,777,25516,"iowa","clinton",2023,633
"2135",-90.1892852783203,41.8201904296875,777,25516,"iowa","clinton",2024,611
"2136",-90.1892852783203,41.8201904296875,777,25516,"iowa","clinton",2025,44
"2137",-90.240852355957,41.7915420532227,777,25517,"iowa","clinton",2014,1019
"2138",-90.240852355957,41.7915420532227,777,25517,"iowa","clinton",2015,945
"2139",-90.240852355957,41.7915420532227,777,25517,"iowa","clinton",2016,963
"2140",-90.240852355957,41.7915420532227,777,25517,"iowa","clinton",2017,949
"2141",-90.240852355957,41.7915420532227,777,25517,"iowa","clinton",2018,832
"2142",-90.240852355957,41.7915420532227,777,25517,"iowa","clinton",2019,762
"2143",-90.240852355957,41.7915420532227,777,25517,"iowa","clinton",2020,598
"2144",-90.240852355957,41.7915420532227,777,25517,"iowa","clinton",2021,668
"2145",-90.240852355957,41.7915420532227,777,25517,"iowa","clinton",2022,636
"2146",-90.240852355957,41.7915420532227,777,25517,"iowa","clinton",2023,633
"2147",-90.240852355957,41.7915420532227,777,25517,"iowa","clinton",2024,611
"2148",-90.240852355957,41.7915420532227,777,25517,"iowa","clinton",2025,44
"2149",-90.2695007324219,41.7800827026367,777,25518,"iowa","clinton",2014,1019
"2150",-90.2695007324219,41.7800827026367,777,25518,"iowa","clinton",2015,945
"2151",-90.2695007324219,41.7800827026367,777,25518,"iowa","clinton",2016,963
"2152",-90.2695007324219,41.7800827026367,777,25518,"iowa","clinton",2017,949
"2153",-90.2695007324219,41.7800827026367,777,25518,"iowa","clinton",2018,832
"2154",-90.2695007324219,41.7800827026367,777,25518,"iowa","clinton",2019,762
"2155",-90.2695007324219,41.7800827026367,777,25518,"iowa","clinton",2020,598
"2156",-90.2695007324219,41.7800827026367,777,25518,"iowa","clinton",2021,668
"2157",-90.2695007324219,41.7800827026367,777,25518,"iowa","clinton",2022,636
"2158",-90.2695007324219,41.7800827026367,777,25518,"iowa","clinton",2023,633
"2159",-90.2695007324219,41.7800827026367,777,25518,"iowa","clinton",2024,611
"2160",-90.2695007324219,41.7800827026367,777,25518,"iowa","clinton",2025,44
"2161",-90.3038787841797,41.7571640014648,777,25519,"iowa","clinton",2014,1019
"2162",-90.3038787841797,41.7571640014648,777,25519,"iowa","clinton",2015,945
"2163",-90.3038787841797,41.7571640014648,777,25519,"iowa","clinton",2016,963
"2164",-90.3038787841797,41.7571640014648,777,25519,"iowa","clinton",2017,949
"2165",-90.3038787841797,41.7571640014648,777,25519,"iowa","clinton",2018,832
"2166",-90.3038787841797,41.7571640014648,777,25519,"iowa","clinton",2019,762
"2167",-90.3038787841797,41.7571640014648,777,25519,"iowa","clinton",2020,598
"2168",-90.3038787841797,41.7571640014648,777,25519,"iowa","clinton",2021,668
"2169",-90.3038787841797,41.7571640014648,777,25519,"iowa","clinton",2022,636
"2170",-90.3038787841797,41.7571640014648,777,25519,"iowa","clinton",2023,633
"2171",-90.3038787841797,41.7571640014648,777,25519,"iowa","clinton",2024,611
"2172",-90.3038787841797,41.7571640014648,777,25519,"iowa","clinton",2025,44
"2173",-90.3210678100586,41.722785949707,777,25520,"iowa","clinton",2014,1019
"2174",-90.3210678100586,41.722785949707,777,25520,"iowa","clinton",2015,945
"2175",-90.3210678100586,41.722785949707,777,25520,"iowa","clinton",2016,963
"2176",-90.3210678100586,41.722785949707,777,25520,"iowa","clinton",2017,949
"2177",-90.3210678100586,41.722785949707,777,25520,"iowa","clinton",2018,832
"2178",-90.3210678100586,41.722785949707,777,25520,"iowa","clinton",2019,762
"2179",-90.3210678100586,41.722785949707,777,25520,"iowa","clinton",2020,598
"2180",-90.3210678100586,41.722785949707,777,25520,"iowa","clinton",2021,668
"2181",-90.3210678100586,41.722785949707,777,25520,"iowa","clinton",2022,636
"2182",-90.3210678100586,41.722785949707,777,25520,"iowa","clinton",2023,633
"2183",-90.3210678100586,41.722785949707,777,25520,"iowa","clinton",2024,611
"2184",-90.3210678100586,41.722785949707,777,25520,"iowa","clinton",2025,44
"2185",-90.3669052124023,41.7457046508789,777,25521,"iowa","clinton",2014,1019
"2186",-90.3669052124023,41.7457046508789,777,25521,"iowa","clinton",2015,945
"2187",-90.3669052124023,41.7457046508789,777,25521,"iowa","clinton",2016,963
"2188",-90.3669052124023,41.7457046508789,777,25521,"iowa","clinton",2017,949
"2189",-90.3669052124023,41.7457046508789,777,25521,"iowa","clinton",2018,832
"2190",-90.3669052124023,41.7457046508789,777,25521,"iowa","clinton",2019,762
"2191",-90.3669052124023,41.7457046508789,777,25521,"iowa","clinton",2020,598
"2192",-90.3669052124023,41.7457046508789,777,25521,"iowa","clinton",2021,668
"2193",-90.3669052124023,41.7457046508789,777,25521,"iowa","clinton",2022,636
"2194",-90.3669052124023,41.7457046508789,777,25521,"iowa","clinton",2023,633
"2195",-90.3669052124023,41.7457046508789,777,25521,"iowa","clinton",2024,611
"2196",-90.3669052124023,41.7457046508789,777,25521,"iowa","clinton",2025,44
"2197",-90.3955535888672,41.7514343261719,777,25522,"iowa","clinton",2014,1019
"2198",-90.3955535888672,41.7514343261719,777,25522,"iowa","clinton",2015,945
"2199",-90.3955535888672,41.7514343261719,777,25522,"iowa","clinton",2016,963
"2200",-90.3955535888672,41.7514343261719,777,25522,"iowa","clinton",2017,949
"2201",-90.3955535888672,41.7514343261719,777,25522,"iowa","clinton",2018,832
"2202",-90.3955535888672,41.7514343261719,777,25522,"iowa","clinton",2019,762
"2203",-90.3955535888672,41.7514343261719,777,25522,"iowa","clinton",2020,598
"2204",-90.3955535888672,41.7514343261719,777,25522,"iowa","clinton",2021,668
"2205",-90.3955535888672,41.7514343261719,777,25522,"iowa","clinton",2022,636
"2206",-90.3955535888672,41.7514343261719,777,25522,"iowa","clinton",2023,633
"2207",-90.3955535888672,41.7514343261719,777,25522,"iowa","clinton",2024,611
"2208",-90.3955535888672,41.7514343261719,777,25522,"iowa","clinton",2025,44
"2209",-90.4184646606445,41.7800827026367,777,25523,"iowa","clinton",2014,1019
"2210",-90.4184646606445,41.7800827026367,777,25523,"iowa","clinton",2015,945
"2211",-90.4184646606445,41.7800827026367,777,25523,"iowa","clinton",2016,963
"2212",-90.4184646606445,41.7800827026367,777,25523,"iowa","clinton",2017,949
"2213",-90.4184646606445,41.7800827026367,777,25523,"iowa","clinton",2018,832
"2214",-90.4184646606445,41.7800827026367,777,25523,"iowa","clinton",2019,762
"2215",-90.4184646606445,41.7800827026367,777,25523,"iowa","clinton",2020,598
"2216",-90.4184646606445,41.7800827026367,777,25523,"iowa","clinton",2021,668
"2217",-90.4184646606445,41.7800827026367,777,25523,"iowa","clinton",2022,636
"2218",-90.4184646606445,41.7800827026367,777,25523,"iowa","clinton",2023,633
"2219",-90.4184646606445,41.7800827026367,777,25523,"iowa","clinton",2024,611
"2220",-90.4184646606445,41.7800827026367,777,25523,"iowa","clinton",2025,44
"2221",-90.429931640625,41.7800827026367,777,25524,"iowa","clinton",2014,1019
"2222",-90.429931640625,41.7800827026367,777,25524,"iowa","clinton",2015,945
"2223",-90.429931640625,41.7800827026367,777,25524,"iowa","clinton",2016,963
"2224",-90.429931640625,41.7800827026367,777,25524,"iowa","clinton",2017,949
"2225",-90.429931640625,41.7800827026367,777,25524,"iowa","clinton",2018,832
"2226",-90.429931640625,41.7800827026367,777,25524,"iowa","clinton",2019,762
"2227",-90.429931640625,41.7800827026367,777,25524,"iowa","clinton",2020,598
"2228",-90.429931640625,41.7800827026367,777,25524,"iowa","clinton",2021,668
"2229",-90.429931640625,41.7800827026367,777,25524,"iowa","clinton",2022,636
"2230",-90.429931640625,41.7800827026367,777,25524,"iowa","clinton",2023,633
"2231",-90.429931640625,41.7800827026367,777,25524,"iowa","clinton",2024,611
"2232",-90.429931640625,41.7800827026367,777,25524,"iowa","clinton",2025,44
"2233",-90.4471206665039,41.7743530273438,777,25525,"iowa","clinton",2014,1019
"2234",-90.4471206665039,41.7743530273438,777,25525,"iowa","clinton",2015,945
"2235",-90.4471206665039,41.7743530273438,777,25525,"iowa","clinton",2016,963
"2236",-90.4471206665039,41.7743530273438,777,25525,"iowa","clinton",2017,949
"2237",-90.4471206665039,41.7743530273438,777,25525,"iowa","clinton",2018,832
"2238",-90.4471206665039,41.7743530273438,777,25525,"iowa","clinton",2019,762
"2239",-90.4471206665039,41.7743530273438,777,25525,"iowa","clinton",2020,598
"2240",-90.4471206665039,41.7743530273438,777,25525,"iowa","clinton",2021,668
"2241",-90.4471206665039,41.7743530273438,777,25525,"iowa","clinton",2022,636
"2242",-90.4471206665039,41.7743530273438,777,25525,"iowa","clinton",2023,633
"2243",-90.4471206665039,41.7743530273438,777,25525,"iowa","clinton",2024,611
"2244",-90.4471206665039,41.7743530273438,777,25525,"iowa","clinton",2025,44
"2245",-90.4585723876953,41.7800827026367,777,25526,"iowa","clinton",2014,1019
"2246",-90.4585723876953,41.7800827026367,777,25526,"iowa","clinton",2015,945
"2247",-90.4585723876953,41.7800827026367,777,25526,"iowa","clinton",2016,963
"2248",-90.4585723876953,41.7800827026367,777,25526,"iowa","clinton",2017,949
"2249",-90.4585723876953,41.7800827026367,777,25526,"iowa","clinton",2018,832
"2250",-90.4585723876953,41.7800827026367,777,25526,"iowa","clinton",2019,762
"2251",-90.4585723876953,41.7800827026367,777,25526,"iowa","clinton",2020,598
"2252",-90.4585723876953,41.7800827026367,777,25526,"iowa","clinton",2021,668
"2253",-90.4585723876953,41.7800827026367,777,25526,"iowa","clinton",2022,636
"2254",-90.4585723876953,41.7800827026367,777,25526,"iowa","clinton",2023,633
"2255",-90.4585723876953,41.7800827026367,777,25526,"iowa","clinton",2024,611
"2256",-90.4585723876953,41.7800827026367,777,25526,"iowa","clinton",2025,44
"2257",-90.4585723876953,41.7915420532227,777,25527,"iowa","clinton",2014,1019
"2258",-90.4585723876953,41.7915420532227,777,25527,"iowa","clinton",2015,945
"2259",-90.4585723876953,41.7915420532227,777,25527,"iowa","clinton",2016,963
"2260",-90.4585723876953,41.7915420532227,777,25527,"iowa","clinton",2017,949
"2261",-90.4585723876953,41.7915420532227,777,25527,"iowa","clinton",2018,832
"2262",-90.4585723876953,41.7915420532227,777,25527,"iowa","clinton",2019,762
"2263",-90.4585723876953,41.7915420532227,777,25527,"iowa","clinton",2020,598
"2264",-90.4585723876953,41.7915420532227,777,25527,"iowa","clinton",2021,668
"2265",-90.4585723876953,41.7915420532227,777,25527,"iowa","clinton",2022,636
"2266",-90.4585723876953,41.7915420532227,777,25527,"iowa","clinton",2023,633
"2267",-90.4585723876953,41.7915420532227,777,25527,"iowa","clinton",2024,611
"2268",-90.4585723876953,41.7915420532227,777,25527,"iowa","clinton",2025,44
"2269",-90.4700393676758,41.7972717285156,777,25528,"iowa","clinton",2014,1019
"2270",-90.4700393676758,41.7972717285156,777,25528,"iowa","clinton",2015,945
"2271",-90.4700393676758,41.7972717285156,777,25528,"iowa","clinton",2016,963
"2272",-90.4700393676758,41.7972717285156,777,25528,"iowa","clinton",2017,949
"2273",-90.4700393676758,41.7972717285156,777,25528,"iowa","clinton",2018,832
"2274",-90.4700393676758,41.7972717285156,777,25528,"iowa","clinton",2019,762
"2275",-90.4700393676758,41.7972717285156,777,25528,"iowa","clinton",2020,598
"2276",-90.4700393676758,41.7972717285156,777,25528,"iowa","clinton",2021,668
"2277",-90.4700393676758,41.7972717285156,777,25528,"iowa","clinton",2022,636
"2278",-90.4700393676758,41.7972717285156,777,25528,"iowa","clinton",2023,633
"2279",-90.4700393676758,41.7972717285156,777,25528,"iowa","clinton",2024,611
"2280",-90.4700393676758,41.7972717285156,777,25528,"iowa","clinton",2025,44
"2281",-90.4872283935547,41.7915420532227,777,25529,"iowa","clinton",2014,1019
"2282",-90.4872283935547,41.7915420532227,777,25529,"iowa","clinton",2015,945
"2283",-90.4872283935547,41.7915420532227,777,25529,"iowa","clinton",2016,963
"2284",-90.4872283935547,41.7915420532227,777,25529,"iowa","clinton",2017,949
"2285",-90.4872283935547,41.7915420532227,777,25529,"iowa","clinton",2018,832
"2286",-90.4872283935547,41.7915420532227,777,25529,"iowa","clinton",2019,762
"2287",-90.4872283935547,41.7915420532227,777,25529,"iowa","clinton",2020,598
"2288",-90.4872283935547,41.7915420532227,777,25529,"iowa","clinton",2021,668
"2289",-90.4872283935547,41.7915420532227,777,25529,"iowa","clinton",2022,636
"2290",-90.4872283935547,41.7915420532227,777,25529,"iowa","clinton",2023,633
"2291",-90.4872283935547,41.7915420532227,777,25529,"iowa","clinton",2024,611
"2292",-90.4872283935547,41.7915420532227,777,25529,"iowa","clinton",2025,44
"2293",-90.4986801147461,41.7800827026367,777,25530,"iowa","clinton",2014,1019
"2294",-90.4986801147461,41.7800827026367,777,25530,"iowa","clinton",2015,945
"2295",-90.4986801147461,41.7800827026367,777,25530,"iowa","clinton",2016,963
"2296",-90.4986801147461,41.7800827026367,777,25530,"iowa","clinton",2017,949
"2297",-90.4986801147461,41.7800827026367,777,25530,"iowa","clinton",2018,832
"2298",-90.4986801147461,41.7800827026367,777,25530,"iowa","clinton",2019,762
"2299",-90.4986801147461,41.7800827026367,777,25530,"iowa","clinton",2020,598
"2300",-90.4986801147461,41.7800827026367,777,25530,"iowa","clinton",2021,668
"2301",-90.4986801147461,41.7800827026367,777,25530,"iowa","clinton",2022,636
"2302",-90.4986801147461,41.7800827026367,777,25530,"iowa","clinton",2023,633
"2303",-90.4986801147461,41.7800827026367,777,25530,"iowa","clinton",2024,611
"2304",-90.4986801147461,41.7800827026367,777,25530,"iowa","clinton",2025,44
"2305",-90.5330657958984,41.7915420532227,777,25531,"iowa","clinton",2014,1019
"2306",-90.5330657958984,41.7915420532227,777,25531,"iowa","clinton",2015,945
"2307",-90.5330657958984,41.7915420532227,777,25531,"iowa","clinton",2016,963
"2308",-90.5330657958984,41.7915420532227,777,25531,"iowa","clinton",2017,949
"2309",-90.5330657958984,41.7915420532227,777,25531,"iowa","clinton",2018,832
"2310",-90.5330657958984,41.7915420532227,777,25531,"iowa","clinton",2019,762
"2311",-90.5330657958984,41.7915420532227,777,25531,"iowa","clinton",2020,598
"2312",-90.5330657958984,41.7915420532227,777,25531,"iowa","clinton",2021,668
"2313",-90.5330657958984,41.7915420532227,777,25531,"iowa","clinton",2022,636
"2314",-90.5330657958984,41.7915420532227,777,25531,"iowa","clinton",2023,633
"2315",-90.5330657958984,41.7915420532227,777,25531,"iowa","clinton",2024,611
"2316",-90.5330657958984,41.7915420532227,777,25531,"iowa","clinton",2025,44
"2317",-90.5502471923828,41.7800827026367,777,25532,"iowa","clinton",2014,1019
"2318",-90.5502471923828,41.7800827026367,777,25532,"iowa","clinton",2015,945
"2319",-90.5502471923828,41.7800827026367,777,25532,"iowa","clinton",2016,963
"2320",-90.5502471923828,41.7800827026367,777,25532,"iowa","clinton",2017,949
"2321",-90.5502471923828,41.7800827026367,777,25532,"iowa","clinton",2018,832
"2322",-90.5502471923828,41.7800827026367,777,25532,"iowa","clinton",2019,762
"2323",-90.5502471923828,41.7800827026367,777,25532,"iowa","clinton",2020,598
"2324",-90.5502471923828,41.7800827026367,777,25532,"iowa","clinton",2021,668
"2325",-90.5502471923828,41.7800827026367,777,25532,"iowa","clinton",2022,636
"2326",-90.5502471923828,41.7800827026367,777,25532,"iowa","clinton",2023,633
"2327",-90.5502471923828,41.7800827026367,777,25532,"iowa","clinton",2024,611
"2328",-90.5502471923828,41.7800827026367,777,25532,"iowa","clinton",2025,44
"2329",-90.5617141723633,41.7743530273438,777,25533,"iowa","clinton",2014,1019
"2330",-90.5617141723633,41.7743530273438,777,25533,"iowa","clinton",2015,945
"2331",-90.5617141723633,41.7743530273438,777,25533,"iowa","clinton",2016,963
"2332",-90.5617141723633,41.7743530273438,777,25533,"iowa","clinton",2017,949
"2333",-90.5617141723633,41.7743530273438,777,25533,"iowa","clinton",2018,832
"2334",-90.5617141723633,41.7743530273438,777,25533,"iowa","clinton",2019,762
"2335",-90.5617141723633,41.7743530273438,777,25533,"iowa","clinton",2020,598
"2336",-90.5617141723633,41.7743530273438,777,25533,"iowa","clinton",2021,668
"2337",-90.5617141723633,41.7743530273438,777,25533,"iowa","clinton",2022,636
"2338",-90.5617141723633,41.7743530273438,777,25533,"iowa","clinton",2023,633
"2339",-90.5617141723633,41.7743530273438,777,25533,"iowa","clinton",2024,611
"2340",-90.5617141723633,41.7743530273438,777,25533,"iowa","clinton",2025,44
"2341",-90.5788955688477,41.7800827026367,777,25534,"iowa","clinton",2014,1019
"2342",-90.5788955688477,41.7800827026367,777,25534,"iowa","clinton",2015,945
"2343",-90.5788955688477,41.7800827026367,777,25534,"iowa","clinton",2016,963
"2344",-90.5788955688477,41.7800827026367,777,25534,"iowa","clinton",2017,949
"2345",-90.5788955688477,41.7800827026367,777,25534,"iowa","clinton",2018,832
"2346",-90.5788955688477,41.7800827026367,777,25534,"iowa","clinton",2019,762
"2347",-90.5788955688477,41.7800827026367,777,25534,"iowa","clinton",2020,598
"2348",-90.5788955688477,41.7800827026367,777,25534,"iowa","clinton",2021,668
"2349",-90.5788955688477,41.7800827026367,777,25534,"iowa","clinton",2022,636
"2350",-90.5788955688477,41.7800827026367,777,25534,"iowa","clinton",2023,633
"2351",-90.5788955688477,41.7800827026367,777,25534,"iowa","clinton",2024,611
"2352",-90.5788955688477,41.7800827026367,777,25534,"iowa","clinton",2025,44
"2353",-90.607551574707,41.7800827026367,777,25535,"iowa","clinton",2014,1019
"2354",-90.607551574707,41.7800827026367,777,25535,"iowa","clinton",2015,945
"2355",-90.607551574707,41.7800827026367,777,25535,"iowa","clinton",2016,963
"2356",-90.607551574707,41.7800827026367,777,25535,"iowa","clinton",2017,949
"2357",-90.607551574707,41.7800827026367,777,25535,"iowa","clinton",2018,832
"2358",-90.607551574707,41.7800827026367,777,25535,"iowa","clinton",2019,762
"2359",-90.607551574707,41.7800827026367,777,25535,"iowa","clinton",2020,598
"2360",-90.607551574707,41.7800827026367,777,25535,"iowa","clinton",2021,668
"2361",-90.607551574707,41.7800827026367,777,25535,"iowa","clinton",2022,636
"2362",-90.607551574707,41.7800827026367,777,25535,"iowa","clinton",2023,633
"2363",-90.607551574707,41.7800827026367,777,25535,"iowa","clinton",2024,611
"2364",-90.607551574707,41.7800827026367,777,25535,"iowa","clinton",2025,44
"2365",-90.6361923217773,41.7800827026367,777,25536,"iowa","clinton",2014,1019
"2366",-90.6361923217773,41.7800827026367,777,25536,"iowa","clinton",2015,945
"2367",-90.6361923217773,41.7800827026367,777,25536,"iowa","clinton",2016,963
"2368",-90.6361923217773,41.7800827026367,777,25536,"iowa","clinton",2017,949
"2369",-90.6361923217773,41.7800827026367,777,25536,"iowa","clinton",2018,832
"2370",-90.6361923217773,41.7800827026367,777,25536,"iowa","clinton",2019,762
"2371",-90.6361923217773,41.7800827026367,777,25536,"iowa","clinton",2020,598
"2372",-90.6361923217773,41.7800827026367,777,25536,"iowa","clinton",2021,668
"2373",-90.6361923217773,41.7800827026367,777,25536,"iowa","clinton",2022,636
"2374",-90.6361923217773,41.7800827026367,777,25536,"iowa","clinton",2023,633
"2375",-90.6361923217773,41.7800827026367,777,25536,"iowa","clinton",2024,611
"2376",-90.6361923217773,41.7800827026367,777,25536,"iowa","clinton",2025,44
"2377",-90.6591110229492,41.7743530273438,777,25537,"iowa","clinton",2014,1019
"2378",-90.6591110229492,41.7743530273438,777,25537,"iowa","clinton",2015,945
"2379",-90.6591110229492,41.7743530273438,777,25537,"iowa","clinton",2016,963
"2380",-90.6591110229492,41.7743530273438,777,25537,"iowa","clinton",2017,949
"2381",-90.6591110229492,41.7743530273438,777,25537,"iowa","clinton",2018,832
"2382",-90.6591110229492,41.7743530273438,777,25537,"iowa","clinton",2019,762
"2383",-90.6591110229492,41.7743530273438,777,25537,"iowa","clinton",2020,598
"2384",-90.6591110229492,41.7743530273438,777,25537,"iowa","clinton",2021,668
"2385",-90.6591110229492,41.7743530273438,777,25537,"iowa","clinton",2022,636
"2386",-90.6591110229492,41.7743530273438,777,25537,"iowa","clinton",2023,633
"2387",-90.6591110229492,41.7743530273438,777,25537,"iowa","clinton",2024,611
"2388",-90.6591110229492,41.7743530273438,777,25537,"iowa","clinton",2025,44
"2389",-90.6820297241211,41.7628936767578,777,25538,"iowa","clinton",2014,1019
"2390",-90.6820297241211,41.7628936767578,777,25538,"iowa","clinton",2015,945
"2391",-90.6820297241211,41.7628936767578,777,25538,"iowa","clinton",2016,963
"2392",-90.6820297241211,41.7628936767578,777,25538,"iowa","clinton",2017,949
"2393",-90.6820297241211,41.7628936767578,777,25538,"iowa","clinton",2018,832
"2394",-90.6820297241211,41.7628936767578,777,25538,"iowa","clinton",2019,762
"2395",-90.6820297241211,41.7628936767578,777,25538,"iowa","clinton",2020,598
"2396",-90.6820297241211,41.7628936767578,777,25538,"iowa","clinton",2021,668
"2397",-90.6820297241211,41.7628936767578,777,25538,"iowa","clinton",2022,636
"2398",-90.6820297241211,41.7628936767578,777,25538,"iowa","clinton",2023,633
"2399",-90.6820297241211,41.7628936767578,777,25538,"iowa","clinton",2024,611
"2400",-90.6820297241211,41.7628936767578,777,25538,"iowa","clinton",2025,44
"2401",-90.7221374511719,41.7514343261719,777,25539,"iowa","clinton",2014,1019
"2402",-90.7221374511719,41.7514343261719,777,25539,"iowa","clinton",2015,945
"2403",-90.7221374511719,41.7514343261719,777,25539,"iowa","clinton",2016,963
"2404",-90.7221374511719,41.7514343261719,777,25539,"iowa","clinton",2017,949
"2405",-90.7221374511719,41.7514343261719,777,25539,"iowa","clinton",2018,832
"2406",-90.7221374511719,41.7514343261719,777,25539,"iowa","clinton",2019,762
"2407",-90.7221374511719,41.7514343261719,777,25539,"iowa","clinton",2020,598
"2408",-90.7221374511719,41.7514343261719,777,25539,"iowa","clinton",2021,668
"2409",-90.7221374511719,41.7514343261719,777,25539,"iowa","clinton",2022,636
"2410",-90.7221374511719,41.7514343261719,777,25539,"iowa","clinton",2023,633
"2411",-90.7221374511719,41.7514343261719,777,25539,"iowa","clinton",2024,611
"2412",-90.7221374511719,41.7514343261719,777,25539,"iowa","clinton",2025,44
"2413",-90.7278671264648,41.7514343261719,777,25540,"iowa","clinton",2014,1019
"2414",-90.7278671264648,41.7514343261719,777,25540,"iowa","clinton",2015,945
"2415",-90.7278671264648,41.7514343261719,777,25540,"iowa","clinton",2016,963
"2416",-90.7278671264648,41.7514343261719,777,25540,"iowa","clinton",2017,949
"2417",-90.7278671264648,41.7514343261719,777,25540,"iowa","clinton",2018,832
"2418",-90.7278671264648,41.7514343261719,777,25540,"iowa","clinton",2019,762
"2419",-90.7278671264648,41.7514343261719,777,25540,"iowa","clinton",2020,598
"2420",-90.7278671264648,41.7514343261719,777,25540,"iowa","clinton",2021,668
"2421",-90.7278671264648,41.7514343261719,777,25540,"iowa","clinton",2022,636
"2422",-90.7278671264648,41.7514343261719,777,25540,"iowa","clinton",2023,633
"2423",-90.7278671264648,41.7514343261719,777,25540,"iowa","clinton",2024,611
"2424",-90.7278671264648,41.7514343261719,777,25540,"iowa","clinton",2025,44
"2425",-90.7622451782227,41.7800827026367,777,25541,"iowa","clinton",2014,1019
"2426",-90.7622451782227,41.7800827026367,777,25541,"iowa","clinton",2015,945
"2427",-90.7622451782227,41.7800827026367,777,25541,"iowa","clinton",2016,963
"2428",-90.7622451782227,41.7800827026367,777,25541,"iowa","clinton",2017,949
"2429",-90.7622451782227,41.7800827026367,777,25541,"iowa","clinton",2018,832
"2430",-90.7622451782227,41.7800827026367,777,25541,"iowa","clinton",2019,762
"2431",-90.7622451782227,41.7800827026367,777,25541,"iowa","clinton",2020,598
"2432",-90.7622451782227,41.7800827026367,777,25541,"iowa","clinton",2021,668
"2433",-90.7622451782227,41.7800827026367,777,25541,"iowa","clinton",2022,636
"2434",-90.7622451782227,41.7800827026367,777,25541,"iowa","clinton",2023,633
"2435",-90.7622451782227,41.7800827026367,777,25541,"iowa","clinton",2024,611
"2436",-90.7622451782227,41.7800827026367,777,25541,"iowa","clinton",2025,44
"2437",-90.8768310546875,41.7800827026367,777,25542,"iowa","clinton",2014,1019
"2438",-90.8768310546875,41.7800827026367,777,25542,"iowa","clinton",2015,945
"2439",-90.8768310546875,41.7800827026367,777,25542,"iowa","clinton",2016,963
"2440",-90.8768310546875,41.7800827026367,777,25542,"iowa","clinton",2017,949
"2441",-90.8768310546875,41.7800827026367,777,25542,"iowa","clinton",2018,832
"2442",-90.8768310546875,41.7800827026367,777,25542,"iowa","clinton",2019,762
"2443",-90.8768310546875,41.7800827026367,777,25542,"iowa","clinton",2020,598
"2444",-90.8768310546875,41.7800827026367,777,25542,"iowa","clinton",2021,668
"2445",-90.8768310546875,41.7800827026367,777,25542,"iowa","clinton",2022,636
"2446",-90.8768310546875,41.7800827026367,777,25542,"iowa","clinton",2023,633
"2447",-90.8768310546875,41.7800827026367,777,25542,"iowa","clinton",2024,611
"2448",-90.8768310546875,41.7800827026367,777,25542,"iowa","clinton",2025,44
"2449",-90.882568359375,41.9519729614258,777,25543,"iowa","clinton",2014,1019
"2450",-90.882568359375,41.9519729614258,777,25543,"iowa","clinton",2015,945
"2451",-90.882568359375,41.9519729614258,777,25543,"iowa","clinton",2016,963
"2452",-90.882568359375,41.9519729614258,777,25543,"iowa","clinton",2017,949
"2453",-90.882568359375,41.9519729614258,777,25543,"iowa","clinton",2018,832
"2454",-90.882568359375,41.9519729614258,777,25543,"iowa","clinton",2019,762
"2455",-90.882568359375,41.9519729614258,777,25543,"iowa","clinton",2020,598
"2456",-90.882568359375,41.9519729614258,777,25543,"iowa","clinton",2021,668
"2457",-90.882568359375,41.9519729614258,777,25543,"iowa","clinton",2022,636
"2458",-90.882568359375,41.9519729614258,777,25543,"iowa","clinton",2023,633
"2459",-90.882568359375,41.9519729614258,777,25543,"iowa","clinton",2024,611
"2460",-90.882568359375,41.9519729614258,777,25543,"iowa","clinton",2025,44
"2461",-90.8768310546875,42.0379104614258,777,25544,"iowa","clinton",2014,1019
"2462",-90.8768310546875,42.0379104614258,777,25544,"iowa","clinton",2015,945
"2463",-90.8768310546875,42.0379104614258,777,25544,"iowa","clinton",2016,963
"2464",-90.8768310546875,42.0379104614258,777,25544,"iowa","clinton",2017,949
"2465",-90.8768310546875,42.0379104614258,777,25544,"iowa","clinton",2018,832
"2466",-90.8768310546875,42.0379104614258,777,25544,"iowa","clinton",2019,762
"2467",-90.8768310546875,42.0379104614258,777,25544,"iowa","clinton",2020,598
"2468",-90.8768310546875,42.0379104614258,777,25544,"iowa","clinton",2021,668
"2469",-90.8768310546875,42.0379104614258,777,25544,"iowa","clinton",2022,636
"2470",-90.8768310546875,42.0379104614258,777,25544,"iowa","clinton",2023,633
"2471",-90.8768310546875,42.0379104614258,777,25544,"iowa","clinton",2024,611
"2472",-90.8768310546875,42.0379104614258,777,25544,"iowa","clinton",2025,44
"2473",-95.0995407104492,42.2040710449219,778,25546,"iowa","crawford",2014,241
"2474",-95.0995407104492,42.2040710449219,778,25546,"iowa","crawford",2015,233
"2475",-95.0995407104492,42.2040710449219,778,25546,"iowa","crawford",2016,224
"2476",-95.0995407104492,42.2040710449219,778,25546,"iowa","crawford",2017,274
"2477",-95.0995407104492,42.2040710449219,778,25546,"iowa","crawford",2018,230
"2478",-95.0995407104492,42.2040710449219,778,25546,"iowa","crawford",2019,262
"2479",-95.0995407104492,42.2040710449219,778,25546,"iowa","crawford",2020,188
"2480",-95.0995407104492,42.2040710449219,778,25546,"iowa","crawford",2021,219
"2481",-95.0995407104492,42.2040710449219,778,25546,"iowa","crawford",2022,186
"2482",-95.0995407104492,42.2040710449219,778,25546,"iowa","crawford",2023,204
"2483",-95.0995407104492,42.2040710449219,778,25546,"iowa","crawford",2024,236
"2484",-95.0995407104492,42.2040710449219,778,25546,"iowa","crawford",2025,18
"2485",-95.1052627563477,41.8602981567383,778,25547,"iowa","crawford",2014,241
"2486",-95.1052627563477,41.8602981567383,778,25547,"iowa","crawford",2015,233
"2487",-95.1052627563477,41.8602981567383,778,25547,"iowa","crawford",2016,224
"2488",-95.1052627563477,41.8602981567383,778,25547,"iowa","crawford",2017,274
"2489",-95.1052627563477,41.8602981567383,778,25547,"iowa","crawford",2018,230
"2490",-95.1052627563477,41.8602981567383,778,25547,"iowa","crawford",2019,262
"2491",-95.1052627563477,41.8602981567383,778,25547,"iowa","crawford",2020,188
"2492",-95.1052627563477,41.8602981567383,778,25547,"iowa","crawford",2021,219
"2493",-95.1052627563477,41.8602981567383,778,25547,"iowa","crawford",2022,186
"2494",-95.1052627563477,41.8602981567383,778,25547,"iowa","crawford",2023,204
"2495",-95.1052627563477,41.8602981567383,778,25547,"iowa","crawford",2024,236
"2496",-95.1052627563477,41.8602981567383,778,25547,"iowa","crawford",2025,18
"2497",-95.5578994750977,41.8602981567383,778,25548,"iowa","crawford",2014,241
"2498",-95.5578994750977,41.8602981567383,778,25548,"iowa","crawford",2015,233
"2499",-95.5578994750977,41.8602981567383,778,25548,"iowa","crawford",2016,224
"2500",-95.5578994750977,41.8602981567383,778,25548,"iowa","crawford",2017,274
"2501",-95.5578994750977,41.8602981567383,778,25548,"iowa","crawford",2018,230
"2502",-95.5578994750977,41.8602981567383,778,25548,"iowa","crawford",2019,262
"2503",-95.5578994750977,41.8602981567383,778,25548,"iowa","crawford",2020,188
"2504",-95.5578994750977,41.8602981567383,778,25548,"iowa","crawford",2021,219
"2505",-95.5578994750977,41.8602981567383,778,25548,"iowa","crawford",2022,186
"2506",-95.5578994750977,41.8602981567383,778,25548,"iowa","crawford",2023,204
"2507",-95.5578994750977,41.8602981567383,778,25548,"iowa","crawford",2024,236
"2508",-95.5578994750977,41.8602981567383,778,25548,"iowa","crawford",2025,18
"2509",-95.6782150268555,41.8602981567383,778,25549,"iowa","crawford",2014,241
"2510",-95.6782150268555,41.8602981567383,778,25549,"iowa","crawford",2015,233
"2511",-95.6782150268555,41.8602981567383,778,25549,"iowa","crawford",2016,224
"2512",-95.6782150268555,41.8602981567383,778,25549,"iowa","crawford",2017,274
"2513",-95.6782150268555,41.8602981567383,778,25549,"iowa","crawford",2018,230
"2514",-95.6782150268555,41.8602981567383,778,25549,"iowa","crawford",2019,262
"2515",-95.6782150268555,41.8602981567383,778,25549,"iowa","crawford",2020,188
"2516",-95.6782150268555,41.8602981567383,778,25549,"iowa","crawford",2021,219
"2517",-95.6782150268555,41.8602981567383,778,25549,"iowa","crawford",2022,186
"2518",-95.6782150268555,41.8602981567383,778,25549,"iowa","crawford",2023,204
"2519",-95.6782150268555,41.8602981567383,778,25549,"iowa","crawford",2024,236
"2520",-95.6782150268555,41.8602981567383,778,25549,"iowa","crawford",2025,18
"2521",-95.672492980957,42.2040710449219,778,25550,"iowa","crawford",2014,241
"2522",-95.672492980957,42.2040710449219,778,25550,"iowa","crawford",2015,233
"2523",-95.672492980957,42.2040710449219,778,25550,"iowa","crawford",2016,224
"2524",-95.672492980957,42.2040710449219,778,25550,"iowa","crawford",2017,274
"2525",-95.672492980957,42.2040710449219,778,25550,"iowa","crawford",2018,230
"2526",-95.672492980957,42.2040710449219,778,25550,"iowa","crawford",2019,262
"2527",-95.672492980957,42.2040710449219,778,25550,"iowa","crawford",2020,188
"2528",-95.672492980957,42.2040710449219,778,25550,"iowa","crawford",2021,219
"2529",-95.672492980957,42.2040710449219,778,25550,"iowa","crawford",2022,186
"2530",-95.672492980957,42.2040710449219,778,25550,"iowa","crawford",2023,204
"2531",-95.672492980957,42.2040710449219,778,25550,"iowa","crawford",2024,236
"2532",-95.672492980957,42.2040710449219,778,25550,"iowa","crawford",2025,18
"2533",-95.3401794433594,42.2040710449219,778,25551,"iowa","crawford",2014,241
"2534",-95.3401794433594,42.2040710449219,778,25551,"iowa","crawford",2015,233
"2535",-95.3401794433594,42.2040710449219,778,25551,"iowa","crawford",2016,224
"2536",-95.3401794433594,42.2040710449219,778,25551,"iowa","crawford",2017,274
"2537",-95.3401794433594,42.2040710449219,778,25551,"iowa","crawford",2018,230
"2538",-95.3401794433594,42.2040710449219,778,25551,"iowa","crawford",2019,262
"2539",-95.3401794433594,42.2040710449219,778,25551,"iowa","crawford",2020,188
"2540",-95.3401794433594,42.2040710449219,778,25551,"iowa","crawford",2021,219
"2541",-95.3401794433594,42.2040710449219,778,25551,"iowa","crawford",2022,186
"2542",-95.3401794433594,42.2040710449219,778,25551,"iowa","crawford",2023,204
"2543",-95.3401794433594,42.2040710449219,778,25551,"iowa","crawford",2024,236
"2544",-95.3401794433594,42.2040710449219,778,25551,"iowa","crawford",2025,18
"2545",-95.0995407104492,42.2040710449219,778,25552,"iowa","crawford",2014,241
"2546",-95.0995407104492,42.2040710449219,778,25552,"iowa","crawford",2015,233
"2547",-95.0995407104492,42.2040710449219,778,25552,"iowa","crawford",2016,224
"2548",-95.0995407104492,42.2040710449219,778,25552,"iowa","crawford",2017,274
"2549",-95.0995407104492,42.2040710449219,778,25552,"iowa","crawford",2018,230
"2550",-95.0995407104492,42.2040710449219,778,25552,"iowa","crawford",2019,262
"2551",-95.0995407104492,42.2040710449219,778,25552,"iowa","crawford",2020,188
"2552",-95.0995407104492,42.2040710449219,778,25552,"iowa","crawford",2021,219
"2553",-95.0995407104492,42.2040710449219,778,25552,"iowa","crawford",2022,186
"2554",-95.0995407104492,42.2040710449219,778,25552,"iowa","crawford",2023,204
"2555",-95.0995407104492,42.2040710449219,778,25552,"iowa","crawford",2024,236
"2556",-95.0995407104492,42.2040710449219,778,25552,"iowa","crawford",2025,18
"2557",-94.1713409423828,41.8660278320312,779,25554,"iowa","dallas",2014,988
"2558",-94.1713409423828,41.8660278320312,779,25554,"iowa","dallas",2015,1080
"2559",-94.1713409423828,41.8660278320312,779,25554,"iowa","dallas",2016,1165
"2560",-94.1713409423828,41.8660278320312,779,25554,"iowa","dallas",2017,1126
"2561",-94.1713409423828,41.8660278320312,779,25554,"iowa","dallas",2018,1374
"2562",-94.1713409423828,41.8660278320312,779,25554,"iowa","dallas",2019,1348
"2563",-94.1713409423828,41.8660278320312,779,25554,"iowa","dallas",2020,1021
"2564",-94.1713409423828,41.8660278320312,779,25554,"iowa","dallas",2021,1267
"2565",-94.1713409423828,41.8660278320312,779,25554,"iowa","dallas",2022,1313
"2566",-94.1713409423828,41.8660278320312,779,25554,"iowa","dallas",2023,1337
"2567",-94.1713409423828,41.8660278320312,779,25554,"iowa","dallas",2024,1366
"2568",-94.1713409423828,41.8660278320312,779,25554,"iowa","dallas",2025,89
"2569",-93.8161087036133,41.8602981567383,779,25555,"iowa","dallas",2014,988
"2570",-93.8161087036133,41.8602981567383,779,25555,"iowa","dallas",2015,1080
"2571",-93.8161087036133,41.8602981567383,779,25555,"iowa","dallas",2016,1165
"2572",-93.8161087036133,41.8602981567383,779,25555,"iowa","dallas",2017,1126
"2573",-93.8161087036133,41.8602981567383,779,25555,"iowa","dallas",2018,1374
"2574",-93.8161087036133,41.8602981567383,779,25555,"iowa","dallas",2019,1348
"2575",-93.8161087036133,41.8602981567383,779,25555,"iowa","dallas",2020,1021
"2576",-93.8161087036133,41.8602981567383,779,25555,"iowa","dallas",2021,1267
"2577",-93.8161087036133,41.8602981567383,779,25555,"iowa","dallas",2022,1313
"2578",-93.8161087036133,41.8602981567383,779,25555,"iowa","dallas",2023,1337
"2579",-93.8161087036133,41.8602981567383,779,25555,"iowa","dallas",2024,1366
"2580",-93.8161087036133,41.8602981567383,779,25555,"iowa","dallas",2025,89
"2581",-93.8218383789062,41.6081924438477,779,25556,"iowa","dallas",2014,988
"2582",-93.8218383789062,41.6081924438477,779,25556,"iowa","dallas",2015,1080
"2583",-93.8218383789062,41.6081924438477,779,25556,"iowa","dallas",2016,1165
"2584",-93.8218383789062,41.6081924438477,779,25556,"iowa","dallas",2017,1126
"2585",-93.8218383789062,41.6081924438477,779,25556,"iowa","dallas",2018,1374
"2586",-93.8218383789062,41.6081924438477,779,25556,"iowa","dallas",2019,1348
"2587",-93.8218383789062,41.6081924438477,779,25556,"iowa","dallas",2020,1021
"2588",-93.8218383789062,41.6081924438477,779,25556,"iowa","dallas",2021,1267
"2589",-93.8218383789062,41.6081924438477,779,25556,"iowa","dallas",2022,1313
"2590",-93.8218383789062,41.6081924438477,779,25556,"iowa","dallas",2023,1337
"2591",-93.8218383789062,41.6081924438477,779,25556,"iowa","dallas",2024,1366
"2592",-93.8218383789062,41.6081924438477,779,25556,"iowa","dallas",2025,89
"2593",-93.8046493530273,41.6081924438477,779,25557,"iowa","dallas",2014,988
"2594",-93.8046493530273,41.6081924438477,779,25557,"iowa","dallas",2015,1080
"2595",-93.8046493530273,41.6081924438477,779,25557,"iowa","dallas",2016,1165
"2596",-93.8046493530273,41.6081924438477,779,25557,"iowa","dallas",2017,1126
"2597",-93.8046493530273,41.6081924438477,779,25557,"iowa","dallas",2018,1374
"2598",-93.8046493530273,41.6081924438477,779,25557,"iowa","dallas",2019,1348
"2599",-93.8046493530273,41.6081924438477,779,25557,"iowa","dallas",2020,1021
"2600",-93.8046493530273,41.6081924438477,779,25557,"iowa","dallas",2021,1267
"2601",-93.8046493530273,41.6081924438477,779,25557,"iowa","dallas",2022,1313
"2602",-93.8046493530273,41.6081924438477,779,25557,"iowa","dallas",2023,1337
"2603",-93.8046493530273,41.6081924438477,779,25557,"iowa","dallas",2024,1366
"2604",-93.8046493530273,41.6081924438477,779,25557,"iowa","dallas",2025,89
"2605",-93.8046493530273,41.5107917785645,779,25558,"iowa","dallas",2014,988
"2606",-93.8046493530273,41.5107917785645,779,25558,"iowa","dallas",2015,1080
"2607",-93.8046493530273,41.5107917785645,779,25558,"iowa","dallas",2016,1165
"2608",-93.8046493530273,41.5107917785645,779,25558,"iowa","dallas",2017,1126
"2609",-93.8046493530273,41.5107917785645,779,25558,"iowa","dallas",2018,1374
"2610",-93.8046493530273,41.5107917785645,779,25558,"iowa","dallas",2019,1348
"2611",-93.8046493530273,41.5107917785645,779,25558,"iowa","dallas",2020,1021
"2612",-93.8046493530273,41.5107917785645,779,25558,"iowa","dallas",2021,1267
"2613",-93.8046493530273,41.5107917785645,779,25558,"iowa","dallas",2022,1313
"2614",-93.8046493530273,41.5107917785645,779,25558,"iowa","dallas",2023,1337
"2615",-93.8046493530273,41.5107917785645,779,25558,"iowa","dallas",2024,1366
"2616",-93.8046493530273,41.5107917785645,779,25558,"iowa","dallas",2025,89
"2617",-93.86767578125,41.5107917785645,779,25559,"iowa","dallas",2014,988
"2618",-93.86767578125,41.5107917785645,779,25559,"iowa","dallas",2015,1080
"2619",-93.86767578125,41.5107917785645,779,25559,"iowa","dallas",2016,1165
"2620",-93.86767578125,41.5107917785645,779,25559,"iowa","dallas",2017,1126
"2621",-93.86767578125,41.5107917785645,779,25559,"iowa","dallas",2018,1374
"2622",-93.86767578125,41.5107917785645,779,25559,"iowa","dallas",2019,1348
"2623",-93.86767578125,41.5107917785645,779,25559,"iowa","dallas",2020,1021
"2624",-93.86767578125,41.5107917785645,779,25559,"iowa","dallas",2021,1267
"2625",-93.86767578125,41.5107917785645,779,25559,"iowa","dallas",2022,1313
"2626",-93.86767578125,41.5107917785645,779,25559,"iowa","dallas",2023,1337
"2627",-93.86767578125,41.5107917785645,779,25559,"iowa","dallas",2024,1366
"2628",-93.86767578125,41.5107917785645,779,25559,"iowa","dallas",2025,89
"2629",-93.9937210083008,41.5050621032715,779,25560,"iowa","dallas",2014,988
"2630",-93.9937210083008,41.5050621032715,779,25560,"iowa","dallas",2015,1080
"2631",-93.9937210083008,41.5050621032715,779,25560,"iowa","dallas",2016,1165
"2632",-93.9937210083008,41.5050621032715,779,25560,"iowa","dallas",2017,1126
"2633",-93.9937210083008,41.5050621032715,779,25560,"iowa","dallas",2018,1374
"2634",-93.9937210083008,41.5050621032715,779,25560,"iowa","dallas",2019,1348
"2635",-93.9937210083008,41.5050621032715,779,25560,"iowa","dallas",2020,1021
"2636",-93.9937210083008,41.5050621032715,779,25560,"iowa","dallas",2021,1267
"2637",-93.9937210083008,41.5050621032715,779,25560,"iowa","dallas",2022,1313
"2638",-93.9937210083008,41.5050621032715,779,25560,"iowa","dallas",2023,1337
"2639",-93.9937210083008,41.5050621032715,779,25560,"iowa","dallas",2024,1366
"2640",-93.9937210083008,41.5050621032715,779,25560,"iowa","dallas",2025,89
"2641",-94.2458267211914,41.5050621032715,779,25561,"iowa","dallas",2014,988
"2642",-94.2458267211914,41.5050621032715,779,25561,"iowa","dallas",2015,1080
"2643",-94.2458267211914,41.5050621032715,779,25561,"iowa","dallas",2016,1165
"2644",-94.2458267211914,41.5050621032715,779,25561,"iowa","dallas",2017,1126
"2645",-94.2458267211914,41.5050621032715,779,25561,"iowa","dallas",2018,1374
"2646",-94.2458267211914,41.5050621032715,779,25561,"iowa","dallas",2019,1348
"2647",-94.2458267211914,41.5050621032715,779,25561,"iowa","dallas",2020,1021
"2648",-94.2458267211914,41.5050621032715,779,25561,"iowa","dallas",2021,1267
"2649",-94.2458267211914,41.5050621032715,779,25561,"iowa","dallas",2022,1313
"2650",-94.2458267211914,41.5050621032715,779,25561,"iowa","dallas",2023,1337
"2651",-94.2458267211914,41.5050621032715,779,25561,"iowa","dallas",2024,1366
"2652",-94.2458267211914,41.5050621032715,779,25561,"iowa","dallas",2025,89
"2653",-94.2458267211914,41.602466583252,779,25562,"iowa","dallas",2014,988
"2654",-94.2458267211914,41.602466583252,779,25562,"iowa","dallas",2015,1080
"2655",-94.2458267211914,41.602466583252,779,25562,"iowa","dallas",2016,1165
"2656",-94.2458267211914,41.602466583252,779,25562,"iowa","dallas",2017,1126
"2657",-94.2458267211914,41.602466583252,779,25562,"iowa","dallas",2018,1374
"2658",-94.2458267211914,41.602466583252,779,25562,"iowa","dallas",2019,1348
"2659",-94.2458267211914,41.602466583252,779,25562,"iowa","dallas",2020,1021
"2660",-94.2458267211914,41.602466583252,779,25562,"iowa","dallas",2021,1267
"2661",-94.2458267211914,41.602466583252,779,25562,"iowa","dallas",2022,1313
"2662",-94.2458267211914,41.602466583252,779,25562,"iowa","dallas",2023,1337
"2663",-94.2458267211914,41.602466583252,779,25562,"iowa","dallas",2024,1366
"2664",-94.2458267211914,41.602466583252,779,25562,"iowa","dallas",2025,89
"2665",-94.2859344482422,41.602466583252,779,25563,"iowa","dallas",2014,988
"2666",-94.2859344482422,41.602466583252,779,25563,"iowa","dallas",2015,1080
"2667",-94.2859344482422,41.602466583252,779,25563,"iowa","dallas",2016,1165
"2668",-94.2859344482422,41.602466583252,779,25563,"iowa","dallas",2017,1126
"2669",-94.2859344482422,41.602466583252,779,25563,"iowa","dallas",2018,1374
"2670",-94.2859344482422,41.602466583252,779,25563,"iowa","dallas",2019,1348
"2671",-94.2859344482422,41.602466583252,779,25563,"iowa","dallas",2020,1021
"2672",-94.2859344482422,41.602466583252,779,25563,"iowa","dallas",2021,1267
"2673",-94.2859344482422,41.602466583252,779,25563,"iowa","dallas",2022,1313
"2674",-94.2859344482422,41.602466583252,779,25563,"iowa","dallas",2023,1337
"2675",-94.2859344482422,41.602466583252,779,25563,"iowa","dallas",2024,1366
"2676",-94.2859344482422,41.602466583252,779,25563,"iowa","dallas",2025,89
"2677",-94.2916641235352,41.8660278320312,779,25564,"iowa","dallas",2014,988
"2678",-94.2916641235352,41.8660278320312,779,25564,"iowa","dallas",2015,1080
"2679",-94.2916641235352,41.8660278320312,779,25564,"iowa","dallas",2016,1165
"2680",-94.2916641235352,41.8660278320312,779,25564,"iowa","dallas",2017,1126
"2681",-94.2916641235352,41.8660278320312,779,25564,"iowa","dallas",2018,1374
"2682",-94.2916641235352,41.8660278320312,779,25564,"iowa","dallas",2019,1348
"2683",-94.2916641235352,41.8660278320312,779,25564,"iowa","dallas",2020,1021
"2684",-94.2916641235352,41.8660278320312,779,25564,"iowa","dallas",2021,1267
"2685",-94.2916641235352,41.8660278320312,779,25564,"iowa","dallas",2022,1313
"2686",-94.2916641235352,41.8660278320312,779,25564,"iowa","dallas",2023,1337
"2687",-94.2916641235352,41.8660278320312,779,25564,"iowa","dallas",2024,1366
"2688",-94.2916641235352,41.8660278320312,779,25564,"iowa","dallas",2025,89
"2689",-94.1713409423828,41.8660278320312,779,25565,"iowa","dallas",2014,988
"2690",-94.1713409423828,41.8660278320312,779,25565,"iowa","dallas",2015,1080
"2691",-94.1713409423828,41.8660278320312,779,25565,"iowa","dallas",2016,1165
"2692",-94.1713409423828,41.8660278320312,779,25565,"iowa","dallas",2017,1126
"2693",-94.1713409423828,41.8660278320312,779,25565,"iowa","dallas",2018,1374
"2694",-94.1713409423828,41.8660278320312,779,25565,"iowa","dallas",2019,1348
"2695",-94.1713409423828,41.8660278320312,779,25565,"iowa","dallas",2020,1021
"2696",-94.1713409423828,41.8660278320312,779,25565,"iowa","dallas",2021,1267
"2697",-94.1713409423828,41.8660278320312,779,25565,"iowa","dallas",2022,1313
"2698",-94.1713409423828,41.8660278320312,779,25565,"iowa","dallas",2023,1337
"2699",-94.1713409423828,41.8660278320312,779,25565,"iowa","dallas",2024,1366
"2700",-94.1713409423828,41.8660278320312,779,25565,"iowa","dallas",2025,89
"2701",-92.1717224121094,40.6169776916504,780,25567,"iowa","davis",2014,108
"2702",-92.1717224121094,40.6169776916504,780,25567,"iowa","davis",2015,112
"2703",-92.1717224121094,40.6169776916504,780,25567,"iowa","davis",2016,94
"2704",-92.1717224121094,40.6169776916504,780,25567,"iowa","davis",2017,81
"2705",-92.1717224121094,40.6169776916504,780,25567,"iowa","davis",2018,117
"2706",-92.1717224121094,40.6169776916504,780,25567,"iowa","davis",2019,91
"2707",-92.1717224121094,40.6169776916504,780,25567,"iowa","davis",2020,101
"2708",-92.1717224121094,40.6169776916504,780,25567,"iowa","davis",2021,89
"2709",-92.1717224121094,40.6169776916504,780,25567,"iowa","davis",2022,99
"2710",-92.1717224121094,40.6169776916504,780,25567,"iowa","davis",2023,121
"2711",-92.1717224121094,40.6169776916504,780,25567,"iowa","davis",2024,84
"2712",-92.1717224121094,40.6169776916504,780,25567,"iowa","davis",2025,4
"2713",-92.3436126708984,40.6112480163574,780,25568,"iowa","davis",2014,108
"2714",-92.3436126708984,40.6112480163574,780,25568,"iowa","davis",2015,112
"2715",-92.3436126708984,40.6112480163574,780,25568,"iowa","davis",2016,94
"2716",-92.3436126708984,40.6112480163574,780,25568,"iowa","davis",2017,81
"2717",-92.3436126708984,40.6112480163574,780,25568,"iowa","davis",2018,117
"2718",-92.3436126708984,40.6112480163574,780,25568,"iowa","davis",2019,91
"2719",-92.3436126708984,40.6112480163574,780,25568,"iowa","davis",2020,101
"2720",-92.3436126708984,40.6112480163574,780,25568,"iowa","davis",2021,89
"2721",-92.3436126708984,40.6112480163574,780,25568,"iowa","davis",2022,99
"2722",-92.3436126708984,40.6112480163574,780,25568,"iowa","davis",2023,121
"2723",-92.3436126708984,40.6112480163574,780,25568,"iowa","davis",2024,84
"2724",-92.3436126708984,40.6112480163574,780,25568,"iowa","davis",2025,4
"2725",-92.6300888061523,40.6055183410645,780,25569,"iowa","davis",2014,108
"2726",-92.6300888061523,40.6055183410645,780,25569,"iowa","davis",2015,112
"2727",-92.6300888061523,40.6055183410645,780,25569,"iowa","davis",2016,94
"2728",-92.6300888061523,40.6055183410645,780,25569,"iowa","davis",2017,81
"2729",-92.6300888061523,40.6055183410645,780,25569,"iowa","davis",2018,117
"2730",-92.6300888061523,40.6055183410645,780,25569,"iowa","davis",2019,91
"2731",-92.6300888061523,40.6055183410645,780,25569,"iowa","davis",2020,101
"2732",-92.6300888061523,40.6055183410645,780,25569,"iowa","davis",2021,89
"2733",-92.6300888061523,40.6055183410645,780,25569,"iowa","davis",2022,99
"2734",-92.6300888061523,40.6055183410645,780,25569,"iowa","davis",2023,121
"2735",-92.6300888061523,40.6055183410645,780,25569,"iowa","davis",2024,84
"2736",-92.6300888061523,40.6055183410645,780,25569,"iowa","davis",2025,4
"2737",-92.6300888061523,40.9034576416016,780,25570,"iowa","davis",2014,108
"2738",-92.6300888061523,40.9034576416016,780,25570,"iowa","davis",2015,112
"2739",-92.6300888061523,40.9034576416016,780,25570,"iowa","davis",2016,94
"2740",-92.6300888061523,40.9034576416016,780,25570,"iowa","davis",2017,81
"2741",-92.6300888061523,40.9034576416016,780,25570,"iowa","davis",2018,117
"2742",-92.6300888061523,40.9034576416016,780,25570,"iowa","davis",2019,91
"2743",-92.6300888061523,40.9034576416016,780,25570,"iowa","davis",2020,101
"2744",-92.6300888061523,40.9034576416016,780,25570,"iowa","davis",2021,89
"2745",-92.6300888061523,40.9034576416016,780,25570,"iowa","davis",2022,99
"2746",-92.6300888061523,40.9034576416016,780,25570,"iowa","davis",2023,121
"2747",-92.6300888061523,40.9034576416016,780,25570,"iowa","davis",2024,84
"2748",-92.6300888061523,40.9034576416016,780,25570,"iowa","davis",2025,4
"2749",-92.1717224121094,40.9034576416016,780,25571,"iowa","davis",2014,108
"2750",-92.1717224121094,40.9034576416016,780,25571,"iowa","davis",2015,112
"2751",-92.1717224121094,40.9034576416016,780,25571,"iowa","davis",2016,94
"2752",-92.1717224121094,40.9034576416016,780,25571,"iowa","davis",2017,81
"2753",-92.1717224121094,40.9034576416016,780,25571,"iowa","davis",2018,117
"2754",-92.1717224121094,40.9034576416016,780,25571,"iowa","davis",2019,91
"2755",-92.1717224121094,40.9034576416016,780,25571,"iowa","davis",2020,101
"2756",-92.1717224121094,40.9034576416016,780,25571,"iowa","davis",2021,89
"2757",-92.1717224121094,40.9034576416016,780,25571,"iowa","davis",2022,99
"2758",-92.1717224121094,40.9034576416016,780,25571,"iowa","davis",2023,121
"2759",-92.1717224121094,40.9034576416016,780,25571,"iowa","davis",2024,84
"2760",-92.1717224121094,40.9034576416016,780,25571,"iowa","davis",2025,4
"2761",-92.1717224121094,40.6169776916504,780,25572,"iowa","davis",2014,108
"2762",-92.1717224121094,40.6169776916504,780,25572,"iowa","davis",2015,112
"2763",-92.1717224121094,40.6169776916504,780,25572,"iowa","davis",2016,94
"2764",-92.1717224121094,40.6169776916504,780,25572,"iowa","davis",2017,81
"2765",-92.1717224121094,40.6169776916504,780,25572,"iowa","davis",2018,117
"2766",-92.1717224121094,40.6169776916504,780,25572,"iowa","davis",2019,91
"2767",-92.1717224121094,40.6169776916504,780,25572,"iowa","davis",2020,101
"2768",-92.1717224121094,40.6169776916504,780,25572,"iowa","davis",2021,89
"2769",-92.1717224121094,40.6169776916504,780,25572,"iowa","davis",2022,99
"2770",-92.1717224121094,40.6169776916504,780,25572,"iowa","davis",2023,121
"2771",-92.1717224121094,40.6169776916504,780,25572,"iowa","davis",2024,84
"2772",-92.1717224121094,40.6169776916504,780,25572,"iowa","davis",2025,4
"2773",-93.5640106201172,40.9034576416016,781,25574,"iowa","decatur",2014,95
"2774",-93.5640106201172,40.9034576416016,781,25574,"iowa","decatur",2015,81
"2775",-93.5640106201172,40.9034576416016,781,25574,"iowa","decatur",2016,108
"2776",-93.5640106201172,40.9034576416016,781,25574,"iowa","decatur",2017,98
"2777",-93.5640106201172,40.9034576416016,781,25574,"iowa","decatur",2018,103
"2778",-93.5640106201172,40.9034576416016,781,25574,"iowa","decatur",2019,121
"2779",-93.5640106201172,40.9034576416016,781,25574,"iowa","decatur",2020,115
"2780",-93.5640106201172,40.9034576416016,781,25574,"iowa","decatur",2021,134
"2781",-93.5640106201172,40.9034576416016,781,25574,"iowa","decatur",2022,135
"2782",-93.5640106201172,40.9034576416016,781,25574,"iowa","decatur",2023,112
"2783",-93.5640106201172,40.9034576416016,781,25574,"iowa","decatur",2024,117
"2784",-93.5640106201172,40.9034576416016,781,25574,"iowa","decatur",2025,11
"2785",-93.5697402954102,40.5997886657715,781,25575,"iowa","decatur",2014,95
"2786",-93.5697402954102,40.5997886657715,781,25575,"iowa","decatur",2015,81
"2787",-93.5697402954102,40.5997886657715,781,25575,"iowa","decatur",2016,108
"2788",-93.5697402954102,40.5997886657715,781,25575,"iowa","decatur",2017,98
"2789",-93.5697402954102,40.5997886657715,781,25575,"iowa","decatur",2018,103
"2790",-93.5697402954102,40.5997886657715,781,25575,"iowa","decatur",2019,121
"2791",-93.5697402954102,40.5997886657715,781,25575,"iowa","decatur",2020,115
"2792",-93.5697402954102,40.5997886657715,781,25575,"iowa","decatur",2021,134
"2793",-93.5697402954102,40.5997886657715,781,25575,"iowa","decatur",2022,135
"2794",-93.5697402954102,40.5997886657715,781,25575,"iowa","decatur",2023,112
"2795",-93.5697402954102,40.5997886657715,781,25575,"iowa","decatur",2024,117
"2796",-93.5697402954102,40.5997886657715,781,25575,"iowa","decatur",2025,11
"2797",-93.7760009765625,40.5997886657715,781,25576,"iowa","decatur",2014,95
"2798",-93.7760009765625,40.5997886657715,781,25576,"iowa","decatur",2015,81
"2799",-93.7760009765625,40.5997886657715,781,25576,"iowa","decatur",2016,108
"2800",-93.7760009765625,40.5997886657715,781,25576,"iowa","decatur",2017,98
"2801",-93.7760009765625,40.5997886657715,781,25576,"iowa","decatur",2018,103
"2802",-93.7760009765625,40.5997886657715,781,25576,"iowa","decatur",2019,121
"2803",-93.7760009765625,40.5997886657715,781,25576,"iowa","decatur",2020,115
"2804",-93.7760009765625,40.5997886657715,781,25576,"iowa","decatur",2021,134
"2805",-93.7760009765625,40.5997886657715,781,25576,"iowa","decatur",2022,135
"2806",-93.7760009765625,40.5997886657715,781,25576,"iowa","decatur",2023,112
"2807",-93.7760009765625,40.5997886657715,781,25576,"iowa","decatur",2024,117
"2808",-93.7760009765625,40.5997886657715,781,25576,"iowa","decatur",2025,11
"2809",-94.0166473388672,40.5997886657715,781,25577,"iowa","decatur",2014,95
"2810",-94.0166473388672,40.5997886657715,781,25577,"iowa","decatur",2015,81
"2811",-94.0166473388672,40.5997886657715,781,25577,"iowa","decatur",2016,108
"2812",-94.0166473388672,40.5997886657715,781,25577,"iowa","decatur",2017,98
"2813",-94.0166473388672,40.5997886657715,781,25577,"iowa","decatur",2018,103
"2814",-94.0166473388672,40.5997886657715,781,25577,"iowa","decatur",2019,121
"2815",-94.0166473388672,40.5997886657715,781,25577,"iowa","decatur",2020,115
"2816",-94.0166473388672,40.5997886657715,781,25577,"iowa","decatur",2021,134
"2817",-94.0166473388672,40.5997886657715,781,25577,"iowa","decatur",2022,135
"2818",-94.0166473388672,40.5997886657715,781,25577,"iowa","decatur",2023,112
"2819",-94.0166473388672,40.5997886657715,781,25577,"iowa","decatur",2024,117
"2820",-94.0166473388672,40.5997886657715,781,25577,"iowa","decatur",2025,11
"2821",-94.0166473388672,40.9034576416016,781,25578,"iowa","decatur",2014,95
"2822",-94.0166473388672,40.9034576416016,781,25578,"iowa","decatur",2015,81
"2823",-94.0166473388672,40.9034576416016,781,25578,"iowa","decatur",2016,108
"2824",-94.0166473388672,40.9034576416016,781,25578,"iowa","decatur",2017,98
"2825",-94.0166473388672,40.9034576416016,781,25578,"iowa","decatur",2018,103
"2826",-94.0166473388672,40.9034576416016,781,25578,"iowa","decatur",2019,121
"2827",-94.0166473388672,40.9034576416016,781,25578,"iowa","decatur",2020,115
"2828",-94.0166473388672,40.9034576416016,781,25578,"iowa","decatur",2021,134
"2829",-94.0166473388672,40.9034576416016,781,25578,"iowa","decatur",2022,135
"2830",-94.0166473388672,40.9034576416016,781,25578,"iowa","decatur",2023,112
"2831",-94.0166473388672,40.9034576416016,781,25578,"iowa","decatur",2024,117
"2832",-94.0166473388672,40.9034576416016,781,25578,"iowa","decatur",2025,11
"2833",-93.5640106201172,40.9034576416016,781,25579,"iowa","decatur",2014,95
"2834",-93.5640106201172,40.9034576416016,781,25579,"iowa","decatur",2015,81
"2835",-93.5640106201172,40.9034576416016,781,25579,"iowa","decatur",2016,108
"2836",-93.5640106201172,40.9034576416016,781,25579,"iowa","decatur",2017,98
"2837",-93.5640106201172,40.9034576416016,781,25579,"iowa","decatur",2018,103
"2838",-93.5640106201172,40.9034576416016,781,25579,"iowa","decatur",2019,121
"2839",-93.5640106201172,40.9034576416016,781,25579,"iowa","decatur",2020,115
"2840",-93.5640106201172,40.9034576416016,781,25579,"iowa","decatur",2021,134
"2841",-93.5640106201172,40.9034576416016,781,25579,"iowa","decatur",2022,135
"2842",-93.5640106201172,40.9034576416016,781,25579,"iowa","decatur",2023,112
"2843",-93.5640106201172,40.9034576416016,781,25579,"iowa","decatur",2024,117
"2844",-93.5640106201172,40.9034576416016,781,25579,"iowa","decatur",2025,11
"2845",-91.598762512207,42.6452484130859,782,25581,"iowa","delaware",2014,285
"2846",-91.598762512207,42.6452484130859,782,25581,"iowa","delaware",2015,272
"2847",-91.598762512207,42.6452484130859,782,25581,"iowa","delaware",2016,264
"2848",-91.598762512207,42.6452484130859,782,25581,"iowa","delaware",2017,218
"2849",-91.598762512207,42.6452484130859,782,25581,"iowa","delaware",2018,271
"2850",-91.598762512207,42.6452484130859,782,25581,"iowa","delaware",2019,230
"2851",-91.598762512207,42.6452484130859,782,25581,"iowa","delaware",2020,240
"2852",-91.598762512207,42.6452484130859,782,25581,"iowa","delaware",2021,221
"2853",-91.598762512207,42.6452484130859,782,25581,"iowa","delaware",2022,241
"2854",-91.598762512207,42.6452484130859,782,25581,"iowa","delaware",2023,249
"2855",-91.598762512207,42.6452484130859,782,25581,"iowa","delaware",2024,245
"2856",-91.598762512207,42.6452484130859,782,25581,"iowa","delaware",2025,11
"2857",-91.1232070922852,42.6452484130859,782,25582,"iowa","delaware",2014,285
"2858",-91.1232070922852,42.6452484130859,782,25582,"iowa","delaware",2015,272
"2859",-91.1232070922852,42.6452484130859,782,25582,"iowa","delaware",2016,264
"2860",-91.1232070922852,42.6452484130859,782,25582,"iowa","delaware",2017,218
"2861",-91.1232070922852,42.6452484130859,782,25582,"iowa","delaware",2018,271
"2862",-91.1232070922852,42.6452484130859,782,25582,"iowa","delaware",2019,230
"2863",-91.1232070922852,42.6452484130859,782,25582,"iowa","delaware",2020,240
"2864",-91.1232070922852,42.6452484130859,782,25582,"iowa","delaware",2021,221
"2865",-91.1232070922852,42.6452484130859,782,25582,"iowa","delaware",2022,241
"2866",-91.1232070922852,42.6452484130859,782,25582,"iowa","delaware",2023,249
"2867",-91.1232070922852,42.6452484130859,782,25582,"iowa","delaware",2024,245
"2868",-91.1232070922852,42.6452484130859,782,25582,"iowa","delaware",2025,11
"2869",-91.1232070922852,42.4905471801758,782,25583,"iowa","delaware",2014,285
"2870",-91.1232070922852,42.4905471801758,782,25583,"iowa","delaware",2015,272
"2871",-91.1232070922852,42.4905471801758,782,25583,"iowa","delaware",2016,264
"2872",-91.1232070922852,42.4905471801758,782,25583,"iowa","delaware",2017,218
"2873",-91.1232070922852,42.4905471801758,782,25583,"iowa","delaware",2018,271
"2874",-91.1232070922852,42.4905471801758,782,25583,"iowa","delaware",2019,230
"2875",-91.1232070922852,42.4905471801758,782,25583,"iowa","delaware",2020,240
"2876",-91.1232070922852,42.4905471801758,782,25583,"iowa","delaware",2021,221
"2877",-91.1232070922852,42.4905471801758,782,25583,"iowa","delaware",2022,241
"2878",-91.1232070922852,42.4905471801758,782,25583,"iowa","delaware",2023,249
"2879",-91.1232070922852,42.4905471801758,782,25583,"iowa","delaware",2024,245
"2880",-91.1232070922852,42.4905471801758,782,25583,"iowa","delaware",2025,11
"2881",-91.1174774169922,42.4848213195801,782,25584,"iowa","delaware",2014,285
"2882",-91.1174774169922,42.4848213195801,782,25584,"iowa","delaware",2015,272
"2883",-91.1174774169922,42.4848213195801,782,25584,"iowa","delaware",2016,264
"2884",-91.1174774169922,42.4848213195801,782,25584,"iowa","delaware",2017,218
"2885",-91.1174774169922,42.4848213195801,782,25584,"iowa","delaware",2018,271
"2886",-91.1174774169922,42.4848213195801,782,25584,"iowa","delaware",2019,230
"2887",-91.1174774169922,42.4848213195801,782,25584,"iowa","delaware",2020,240
"2888",-91.1174774169922,42.4848213195801,782,25584,"iowa","delaware",2021,221
"2889",-91.1174774169922,42.4848213195801,782,25584,"iowa","delaware",2022,241
"2890",-91.1174774169922,42.4848213195801,782,25584,"iowa","delaware",2023,249
"2891",-91.1174774169922,42.4848213195801,782,25584,"iowa","delaware",2024,245
"2892",-91.1174774169922,42.4848213195801,782,25584,"iowa","delaware",2025,11
"2893",-91.1174774169922,42.3014755249023,782,25585,"iowa","delaware",2014,285
"2894",-91.1174774169922,42.3014755249023,782,25585,"iowa","delaware",2015,272
"2895",-91.1174774169922,42.3014755249023,782,25585,"iowa","delaware",2016,264
"2896",-91.1174774169922,42.3014755249023,782,25585,"iowa","delaware",2017,218
"2897",-91.1174774169922,42.3014755249023,782,25585,"iowa","delaware",2018,271
"2898",-91.1174774169922,42.3014755249023,782,25585,"iowa","delaware",2019,230
"2899",-91.1174774169922,42.3014755249023,782,25585,"iowa","delaware",2020,240
"2900",-91.1174774169922,42.3014755249023,782,25585,"iowa","delaware",2021,221
"2901",-91.1174774169922,42.3014755249023,782,25585,"iowa","delaware",2022,241
"2902",-91.1174774169922,42.3014755249023,782,25585,"iowa","delaware",2023,249
"2903",-91.1174774169922,42.3014755249023,782,25585,"iowa","delaware",2024,245
"2904",-91.1174774169922,42.3014755249023,782,25585,"iowa","delaware",2025,11
"2905",-91.3523941040039,42.3014755249023,782,25586,"iowa","delaware",2014,285
"2906",-91.3523941040039,42.3014755249023,782,25586,"iowa","delaware",2015,272
"2907",-91.3523941040039,42.3014755249023,782,25586,"iowa","delaware",2016,264
"2908",-91.3523941040039,42.3014755249023,782,25586,"iowa","delaware",2017,218
"2909",-91.3523941040039,42.3014755249023,782,25586,"iowa","delaware",2018,271
"2910",-91.3523941040039,42.3014755249023,782,25586,"iowa","delaware",2019,230
"2911",-91.3523941040039,42.3014755249023,782,25586,"iowa","delaware",2020,240
"2912",-91.3523941040039,42.3014755249023,782,25586,"iowa","delaware",2021,221
"2913",-91.3523941040039,42.3014755249023,782,25586,"iowa","delaware",2022,241
"2914",-91.3523941040039,42.3014755249023,782,25586,"iowa","delaware",2023,249
"2915",-91.3523941040039,42.3014755249023,782,25586,"iowa","delaware",2024,245
"2916",-91.3523941040039,42.3014755249023,782,25586,"iowa","delaware",2025,11
"2917",-91.5873031616211,42.3014755249023,782,25587,"iowa","delaware",2014,285
"2918",-91.5873031616211,42.3014755249023,782,25587,"iowa","delaware",2015,272
"2919",-91.5873031616211,42.3014755249023,782,25587,"iowa","delaware",2016,264
"2920",-91.5873031616211,42.3014755249023,782,25587,"iowa","delaware",2017,218
"2921",-91.5873031616211,42.3014755249023,782,25587,"iowa","delaware",2018,271
"2922",-91.5873031616211,42.3014755249023,782,25587,"iowa","delaware",2019,230
"2923",-91.5873031616211,42.3014755249023,782,25587,"iowa","delaware",2020,240
"2924",-91.5873031616211,42.3014755249023,782,25587,"iowa","delaware",2021,221
"2925",-91.5873031616211,42.3014755249023,782,25587,"iowa","delaware",2022,241
"2926",-91.5873031616211,42.3014755249023,782,25587,"iowa","delaware",2023,249
"2927",-91.5873031616211,42.3014755249023,782,25587,"iowa","delaware",2024,245
"2928",-91.5873031616211,42.3014755249023,782,25587,"iowa","delaware",2025,11
"2929",-91.5815734863281,42.4848213195801,782,25588,"iowa","delaware",2014,285
"2930",-91.5815734863281,42.4848213195801,782,25588,"iowa","delaware",2015,272
"2931",-91.5815734863281,42.4848213195801,782,25588,"iowa","delaware",2016,264
"2932",-91.5815734863281,42.4848213195801,782,25588,"iowa","delaware",2017,218
"2933",-91.5815734863281,42.4848213195801,782,25588,"iowa","delaware",2018,271
"2934",-91.5815734863281,42.4848213195801,782,25588,"iowa","delaware",2019,230
"2935",-91.5815734863281,42.4848213195801,782,25588,"iowa","delaware",2020,240
"2936",-91.5815734863281,42.4848213195801,782,25588,"iowa","delaware",2021,221
"2937",-91.5815734863281,42.4848213195801,782,25588,"iowa","delaware",2022,241
"2938",-91.5815734863281,42.4848213195801,782,25588,"iowa","delaware",2023,249
"2939",-91.5815734863281,42.4848213195801,782,25588,"iowa","delaware",2024,245
"2940",-91.5815734863281,42.4848213195801,782,25588,"iowa","delaware",2025,11
"2941",-91.598762512207,42.4848213195801,782,25589,"iowa","delaware",2014,285
"2942",-91.598762512207,42.4848213195801,782,25589,"iowa","delaware",2015,272
"2943",-91.598762512207,42.4848213195801,782,25589,"iowa","delaware",2016,264
"2944",-91.598762512207,42.4848213195801,782,25589,"iowa","delaware",2017,218
"2945",-91.598762512207,42.4848213195801,782,25589,"iowa","delaware",2018,271
"2946",-91.598762512207,42.4848213195801,782,25589,"iowa","delaware",2019,230
"2947",-91.598762512207,42.4848213195801,782,25589,"iowa","delaware",2020,240
"2948",-91.598762512207,42.4848213195801,782,25589,"iowa","delaware",2021,221
"2949",-91.598762512207,42.4848213195801,782,25589,"iowa","delaware",2022,241
"2950",-91.598762512207,42.4848213195801,782,25589,"iowa","delaware",2023,249
"2951",-91.598762512207,42.4848213195801,782,25589,"iowa","delaware",2024,245
"2952",-91.598762512207,42.4848213195801,782,25589,"iowa","delaware",2025,11
"2953",-91.598762512207,42.6452484130859,782,25590,"iowa","delaware",2014,285
"2954",-91.598762512207,42.6452484130859,782,25590,"iowa","delaware",2015,272
"2955",-91.598762512207,42.6452484130859,782,25590,"iowa","delaware",2016,264
"2956",-91.598762512207,42.6452484130859,782,25590,"iowa","delaware",2017,218
"2957",-91.598762512207,42.6452484130859,782,25590,"iowa","delaware",2018,271
"2958",-91.598762512207,42.6452484130859,782,25590,"iowa","delaware",2019,230
"2959",-91.598762512207,42.6452484130859,782,25590,"iowa","delaware",2020,240
"2960",-91.598762512207,42.6452484130859,782,25590,"iowa","delaware",2021,221
"2961",-91.598762512207,42.6452484130859,782,25590,"iowa","delaware",2022,241
"2962",-91.598762512207,42.6452484130859,782,25590,"iowa","delaware",2023,249
"2963",-91.598762512207,42.6452484130859,782,25590,"iowa","delaware",2024,245
"2964",-91.598762512207,42.6452484130859,782,25590,"iowa","delaware",2025,11
"2965",-90.9513168334961,41.0810737609863,783,25592,"iowa","des moines",2014,894
"2966",-90.9513168334961,41.0810737609863,783,25592,"iowa","des moines",2015,920
"2967",-90.9513168334961,41.0810737609863,783,25592,"iowa","des moines",2016,864
"2968",-90.9513168334961,41.0810737609863,783,25592,"iowa","des moines",2017,863
"2969",-90.9513168334961,41.0810737609863,783,25592,"iowa","des moines",2018,894
"2970",-90.9513168334961,41.0810737609863,783,25592,"iowa","des moines",2019,873
"2971",-90.9513168334961,41.0810737609863,783,25592,"iowa","des moines",2020,761
"2972",-90.9513168334961,41.0810737609863,783,25592,"iowa","des moines",2021,819
"2973",-90.9513168334961,41.0810737609863,783,25592,"iowa","des moines",2022,822
"2974",-90.9513168334961,41.0810737609863,783,25592,"iowa","des moines",2023,759
"2975",-90.9513168334961,41.0810737609863,783,25592,"iowa","des moines",2024,788
"2976",-90.9513168334961,41.0810737609863,783,25592,"iowa","des moines",2025,35
"2977",-90.9455871582031,41.0696144104004,783,25593,"iowa","des moines",2014,894
"2978",-90.9455871582031,41.0696144104004,783,25593,"iowa","des moines",2015,920
"2979",-90.9455871582031,41.0696144104004,783,25593,"iowa","des moines",2016,864
"2980",-90.9455871582031,41.0696144104004,783,25593,"iowa","des moines",2017,863
"2981",-90.9455871582031,41.0696144104004,783,25593,"iowa","des moines",2018,894
"2982",-90.9455871582031,41.0696144104004,783,25593,"iowa","des moines",2019,873
"2983",-90.9455871582031,41.0696144104004,783,25593,"iowa","des moines",2020,761
"2984",-90.9455871582031,41.0696144104004,783,25593,"iowa","des moines",2021,819
"2985",-90.9455871582031,41.0696144104004,783,25593,"iowa","des moines",2022,822
"2986",-90.9455871582031,41.0696144104004,783,25593,"iowa","des moines",2023,759
"2987",-90.9455871582031,41.0696144104004,783,25593,"iowa","des moines",2024,788
"2988",-90.9455871582031,41.0696144104004,783,25593,"iowa","des moines",2025,35
"2989",-90.9513168334961,40.966480255127,783,25594,"iowa","des moines",2014,894
"2990",-90.9513168334961,40.966480255127,783,25594,"iowa","des moines",2015,920
"2991",-90.9513168334961,40.966480255127,783,25594,"iowa","des moines",2016,864
"2992",-90.9513168334961,40.966480255127,783,25594,"iowa","des moines",2017,863
"2993",-90.9513168334961,40.966480255127,783,25594,"iowa","des moines",2018,894
"2994",-90.9513168334961,40.966480255127,783,25594,"iowa","des moines",2019,873
"2995",-90.9513168334961,40.966480255127,783,25594,"iowa","des moines",2020,761
"2996",-90.9513168334961,40.966480255127,783,25594,"iowa","des moines",2021,819
"2997",-90.9513168334961,40.966480255127,783,25594,"iowa","des moines",2022,822
"2998",-90.9513168334961,40.966480255127,783,25594,"iowa","des moines",2023,759
"2999",-90.9513168334961,40.966480255127,783,25594,"iowa","des moines",2024,788
"3000",-90.9513168334961,40.966480255127,783,25594,"iowa","des moines",2025,35
"3001",-90.9742431640625,40.9321060180664,783,25595,"iowa","des moines",2014,894
"3002",-90.9742431640625,40.9321060180664,783,25595,"iowa","des moines",2015,920
"3003",-90.9742431640625,40.9321060180664,783,25595,"iowa","des moines",2016,864
"3004",-90.9742431640625,40.9321060180664,783,25595,"iowa","des moines",2017,863
"3005",-90.9742431640625,40.9321060180664,783,25595,"iowa","des moines",2018,894
"3006",-90.9742431640625,40.9321060180664,783,25595,"iowa","des moines",2019,873
"3007",-90.9742431640625,40.9321060180664,783,25595,"iowa","des moines",2020,761
"3008",-90.9742431640625,40.9321060180664,783,25595,"iowa","des moines",2021,819
"3009",-90.9742431640625,40.9321060180664,783,25595,"iowa","des moines",2022,822
"3010",-90.9742431640625,40.9321060180664,783,25595,"iowa","des moines",2023,759
"3011",-90.9742431640625,40.9321060180664,783,25595,"iowa","des moines",2024,788
"3012",-90.9742431640625,40.9321060180664,783,25595,"iowa","des moines",2025,35
"3013",-91.0429916381836,40.8748092651367,783,25596,"iowa","des moines",2014,894
"3014",-91.0429916381836,40.8748092651367,783,25596,"iowa","des moines",2015,920
"3015",-91.0429916381836,40.8748092651367,783,25596,"iowa","des moines",2016,864
"3016",-91.0429916381836,40.8748092651367,783,25596,"iowa","des moines",2017,863
"3017",-91.0429916381836,40.8748092651367,783,25596,"iowa","des moines",2018,894
"3018",-91.0429916381836,40.8748092651367,783,25596,"iowa","des moines",2019,873
"3019",-91.0429916381836,40.8748092651367,783,25596,"iowa","des moines",2020,761
"3020",-91.0429916381836,40.8748092651367,783,25596,"iowa","des moines",2021,819
"3021",-91.0429916381836,40.8748092651367,783,25596,"iowa","des moines",2022,822
"3022",-91.0429916381836,40.8748092651367,783,25596,"iowa","des moines",2023,759
"3023",-91.0429916381836,40.8748092651367,783,25596,"iowa","des moines",2024,788
"3024",-91.0429916381836,40.8748092651367,783,25596,"iowa","des moines",2025,35
"3025",-91.0888290405273,40.8232421875,783,25597,"iowa","des moines",2014,894
"3026",-91.0888290405273,40.8232421875,783,25597,"iowa","des moines",2015,920
"3027",-91.0888290405273,40.8232421875,783,25597,"iowa","des moines",2016,864
"3028",-91.0888290405273,40.8232421875,783,25597,"iowa","des moines",2017,863
"3029",-91.0888290405273,40.8232421875,783,25597,"iowa","des moines",2018,894
"3030",-91.0888290405273,40.8232421875,783,25597,"iowa","des moines",2019,873
"3031",-91.0888290405273,40.8232421875,783,25597,"iowa","des moines",2020,761
"3032",-91.0888290405273,40.8232421875,783,25597,"iowa","des moines",2021,819
"3033",-91.0888290405273,40.8232421875,783,25597,"iowa","des moines",2022,822
"3034",-91.0888290405273,40.8232421875,783,25597,"iowa","des moines",2023,759
"3035",-91.0888290405273,40.8232421875,783,25597,"iowa","des moines",2024,788
"3036",-91.0888290405273,40.8232421875,783,25597,"iowa","des moines",2025,35
"3037",-91.1002883911133,40.7544898986816,783,25598,"iowa","des moines",2014,894
"3038",-91.1002883911133,40.7544898986816,783,25598,"iowa","des moines",2015,920
"3039",-91.1002883911133,40.7544898986816,783,25598,"iowa","des moines",2016,864
"3040",-91.1002883911133,40.7544898986816,783,25598,"iowa","des moines",2017,863
"3041",-91.1002883911133,40.7544898986816,783,25598,"iowa","des moines",2018,894
"3042",-91.1002883911133,40.7544898986816,783,25598,"iowa","des moines",2019,873
"3043",-91.1002883911133,40.7544898986816,783,25598,"iowa","des moines",2020,761
"3044",-91.1002883911133,40.7544898986816,783,25598,"iowa","des moines",2021,819
"3045",-91.1002883911133,40.7544898986816,783,25598,"iowa","des moines",2022,822
"3046",-91.1002883911133,40.7544898986816,783,25598,"iowa","des moines",2023,759
"3047",-91.1002883911133,40.7544898986816,783,25598,"iowa","des moines",2024,788
"3048",-91.1002883911133,40.7544898986816,783,25598,"iowa","des moines",2025,35
"3049",-91.1117477416992,40.7086524963379,783,25599,"iowa","des moines",2014,894
"3050",-91.1117477416992,40.7086524963379,783,25599,"iowa","des moines",2015,920
"3051",-91.1117477416992,40.7086524963379,783,25599,"iowa","des moines",2016,864
"3052",-91.1117477416992,40.7086524963379,783,25599,"iowa","des moines",2017,863
"3053",-91.1117477416992,40.7086524963379,783,25599,"iowa","des moines",2018,894
"3054",-91.1117477416992,40.7086524963379,783,25599,"iowa","des moines",2019,873
"3055",-91.1117477416992,40.7086524963379,783,25599,"iowa","des moines",2020,761
"3056",-91.1117477416992,40.7086524963379,783,25599,"iowa","des moines",2021,819
"3057",-91.1117477416992,40.7086524963379,783,25599,"iowa","des moines",2022,822
"3058",-91.1117477416992,40.7086524963379,783,25599,"iowa","des moines",2023,759
"3059",-91.1117477416992,40.7086524963379,783,25599,"iowa","des moines",2024,788
"3060",-91.1117477416992,40.7086524963379,783,25599,"iowa","des moines",2025,35
"3061",-91.1403961181641,40.7258415222168,783,25600,"iowa","des moines",2014,894
"3062",-91.1403961181641,40.7258415222168,783,25600,"iowa","des moines",2015,920
"3063",-91.1403961181641,40.7258415222168,783,25600,"iowa","des moines",2016,864
"3064",-91.1403961181641,40.7258415222168,783,25600,"iowa","des moines",2017,863
"3065",-91.1403961181641,40.7258415222168,783,25600,"iowa","des moines",2018,894
"3066",-91.1403961181641,40.7258415222168,783,25600,"iowa","des moines",2019,873
"3067",-91.1403961181641,40.7258415222168,783,25600,"iowa","des moines",2020,761
"3068",-91.1403961181641,40.7258415222168,783,25600,"iowa","des moines",2021,819
"3069",-91.1403961181641,40.7258415222168,783,25600,"iowa","des moines",2022,822
"3070",-91.1403961181641,40.7258415222168,783,25600,"iowa","des moines",2023,759
"3071",-91.1403961181641,40.7258415222168,783,25600,"iowa","des moines",2024,788
"3072",-91.1403961181641,40.7258415222168,783,25600,"iowa","des moines",2025,35
"3073",-91.15185546875,40.7315711975098,783,25601,"iowa","des moines",2014,894
"3074",-91.15185546875,40.7315711975098,783,25601,"iowa","des moines",2015,920
"3075",-91.15185546875,40.7315711975098,783,25601,"iowa","des moines",2016,864
"3076",-91.15185546875,40.7315711975098,783,25601,"iowa","des moines",2017,863
"3077",-91.15185546875,40.7315711975098,783,25601,"iowa","des moines",2018,894
"3078",-91.15185546875,40.7315711975098,783,25601,"iowa","des moines",2019,873
"3079",-91.15185546875,40.7315711975098,783,25601,"iowa","des moines",2020,761
"3080",-91.15185546875,40.7315711975098,783,25601,"iowa","des moines",2021,819
"3081",-91.15185546875,40.7315711975098,783,25601,"iowa","des moines",2022,822
"3082",-91.15185546875,40.7315711975098,783,25601,"iowa","des moines",2023,759
"3083",-91.15185546875,40.7315711975098,783,25601,"iowa","des moines",2024,788
"3084",-91.15185546875,40.7315711975098,783,25601,"iowa","des moines",2025,35
"3085",-91.1633148193359,40.7315711975098,783,25602,"iowa","des moines",2014,894
"3086",-91.1633148193359,40.7315711975098,783,25602,"iowa","des moines",2015,920
"3087",-91.1633148193359,40.7315711975098,783,25602,"iowa","des moines",2016,864
"3088",-91.1633148193359,40.7315711975098,783,25602,"iowa","des moines",2017,863
"3089",-91.1633148193359,40.7315711975098,783,25602,"iowa","des moines",2018,894
"3090",-91.1633148193359,40.7315711975098,783,25602,"iowa","des moines",2019,873
"3091",-91.1633148193359,40.7315711975098,783,25602,"iowa","des moines",2020,761
"3092",-91.1633148193359,40.7315711975098,783,25602,"iowa","des moines",2021,819
"3093",-91.1633148193359,40.7315711975098,783,25602,"iowa","des moines",2022,822
"3094",-91.1633148193359,40.7315711975098,783,25602,"iowa","des moines",2023,759
"3095",-91.1633148193359,40.7315711975098,783,25602,"iowa","des moines",2024,788
"3096",-91.1633148193359,40.7315711975098,783,25602,"iowa","des moines",2025,35
"3097",-91.1862335205078,40.7315711975098,783,25603,"iowa","des moines",2014,894
"3098",-91.1862335205078,40.7315711975098,783,25603,"iowa","des moines",2015,920
"3099",-91.1862335205078,40.7315711975098,783,25603,"iowa","des moines",2016,864
"3100",-91.1862335205078,40.7315711975098,783,25603,"iowa","des moines",2017,863
"3101",-91.1862335205078,40.7315711975098,783,25603,"iowa","des moines",2018,894
"3102",-91.1862335205078,40.7315711975098,783,25603,"iowa","des moines",2019,873
"3103",-91.1862335205078,40.7315711975098,783,25603,"iowa","des moines",2020,761
"3104",-91.1862335205078,40.7315711975098,783,25603,"iowa","des moines",2021,819
"3105",-91.1862335205078,40.7315711975098,783,25603,"iowa","des moines",2022,822
"3106",-91.1862335205078,40.7315711975098,783,25603,"iowa","des moines",2023,759
"3107",-91.1862335205078,40.7315711975098,783,25603,"iowa","des moines",2024,788
"3108",-91.1862335205078,40.7315711975098,783,25603,"iowa","des moines",2025,35
"3109",-91.2148818969727,40.7373008728027,783,25604,"iowa","des moines",2014,894
"3110",-91.2148818969727,40.7373008728027,783,25604,"iowa","des moines",2015,920
"3111",-91.2148818969727,40.7373008728027,783,25604,"iowa","des moines",2016,864
"3112",-91.2148818969727,40.7373008728027,783,25604,"iowa","des moines",2017,863
"3113",-91.2148818969727,40.7373008728027,783,25604,"iowa","des moines",2018,894
"3114",-91.2148818969727,40.7373008728027,783,25604,"iowa","des moines",2019,873
"3115",-91.2148818969727,40.7373008728027,783,25604,"iowa","des moines",2020,761
"3116",-91.2148818969727,40.7373008728027,783,25604,"iowa","des moines",2021,819
"3117",-91.2148818969727,40.7373008728027,783,25604,"iowa","des moines",2022,822
"3118",-91.2148818969727,40.7373008728027,783,25604,"iowa","des moines",2023,759
"3119",-91.2148818969727,40.7373008728027,783,25604,"iowa","des moines",2024,788
"3120",-91.2148818969727,40.7373008728027,783,25604,"iowa","des moines",2025,35
"3121",-91.23779296875,40.7602157592773,783,25605,"iowa","des moines",2014,894
"3122",-91.23779296875,40.7602157592773,783,25605,"iowa","des moines",2015,920
"3123",-91.23779296875,40.7602157592773,783,25605,"iowa","des moines",2016,864
"3124",-91.23779296875,40.7602157592773,783,25605,"iowa","des moines",2017,863
"3125",-91.23779296875,40.7602157592773,783,25605,"iowa","des moines",2018,894
"3126",-91.23779296875,40.7602157592773,783,25605,"iowa","des moines",2019,873
"3127",-91.23779296875,40.7602157592773,783,25605,"iowa","des moines",2020,761
"3128",-91.23779296875,40.7602157592773,783,25605,"iowa","des moines",2021,819
"3129",-91.23779296875,40.7602157592773,783,25605,"iowa","des moines",2022,822
"3130",-91.23779296875,40.7602157592773,783,25605,"iowa","des moines",2023,759
"3131",-91.23779296875,40.7602157592773,783,25605,"iowa","des moines",2024,788
"3132",-91.23779296875,40.7602157592773,783,25605,"iowa","des moines",2025,35
"3133",-91.2664489746094,40.7602157592773,783,25606,"iowa","des moines",2014,894
"3134",-91.2664489746094,40.7602157592773,783,25606,"iowa","des moines",2015,920
"3135",-91.2664489746094,40.7602157592773,783,25606,"iowa","des moines",2016,864
"3136",-91.2664489746094,40.7602157592773,783,25606,"iowa","des moines",2017,863
"3137",-91.2664489746094,40.7602157592773,783,25606,"iowa","des moines",2018,894
"3138",-91.2664489746094,40.7602157592773,783,25606,"iowa","des moines",2019,873
"3139",-91.2664489746094,40.7602157592773,783,25606,"iowa","des moines",2020,761
"3140",-91.2664489746094,40.7602157592773,783,25606,"iowa","des moines",2021,819
"3141",-91.2664489746094,40.7602157592773,783,25606,"iowa","des moines",2022,822
"3142",-91.2664489746094,40.7602157592773,783,25606,"iowa","des moines",2023,759
"3143",-91.2664489746094,40.7602157592773,783,25606,"iowa","des moines",2024,788
"3144",-91.2664489746094,40.7602157592773,783,25606,"iowa","des moines",2025,35
"3145",-91.3008270263672,40.7774085998535,783,25607,"iowa","des moines",2014,894
"3146",-91.3008270263672,40.7774085998535,783,25607,"iowa","des moines",2015,920
"3147",-91.3008270263672,40.7774085998535,783,25607,"iowa","des moines",2016,864
"3148",-91.3008270263672,40.7774085998535,783,25607,"iowa","des moines",2017,863
"3149",-91.3008270263672,40.7774085998535,783,25607,"iowa","des moines",2018,894
"3150",-91.3008270263672,40.7774085998535,783,25607,"iowa","des moines",2019,873
"3151",-91.3008270263672,40.7774085998535,783,25607,"iowa","des moines",2020,761
"3152",-91.3008270263672,40.7774085998535,783,25607,"iowa","des moines",2021,819
"3153",-91.3008270263672,40.7774085998535,783,25607,"iowa","des moines",2022,822
"3154",-91.3008270263672,40.7774085998535,783,25607,"iowa","des moines",2023,759
"3155",-91.3008270263672,40.7774085998535,783,25607,"iowa","des moines",2024,788
"3156",-91.3008270263672,40.7774085998535,783,25607,"iowa","des moines",2025,35
"3157",-91.3065567016602,40.7945976257324,783,25608,"iowa","des moines",2014,894
"3158",-91.3065567016602,40.7945976257324,783,25608,"iowa","des moines",2015,920
"3159",-91.3065567016602,40.7945976257324,783,25608,"iowa","des moines",2016,864
"3160",-91.3065567016602,40.7945976257324,783,25608,"iowa","des moines",2017,863
"3161",-91.3065567016602,40.7945976257324,783,25608,"iowa","des moines",2018,894
"3162",-91.3065567016602,40.7945976257324,783,25608,"iowa","des moines",2019,873
"3163",-91.3065567016602,40.7945976257324,783,25608,"iowa","des moines",2020,761
"3164",-91.3065567016602,40.7945976257324,783,25608,"iowa","des moines",2021,819
"3165",-91.3065567016602,40.7945976257324,783,25608,"iowa","des moines",2022,822
"3166",-91.3065567016602,40.7945976257324,783,25608,"iowa","des moines",2023,759
"3167",-91.3065567016602,40.7945976257324,783,25608,"iowa","des moines",2024,788
"3168",-91.3065567016602,40.7945976257324,783,25608,"iowa","des moines",2025,35
"3169",-91.335205078125,40.8060531616211,783,25609,"iowa","des moines",2014,894
"3170",-91.335205078125,40.8060531616211,783,25609,"iowa","des moines",2015,920
"3171",-91.335205078125,40.8060531616211,783,25609,"iowa","des moines",2016,864
"3172",-91.335205078125,40.8060531616211,783,25609,"iowa","des moines",2017,863
"3173",-91.335205078125,40.8060531616211,783,25609,"iowa","des moines",2018,894
"3174",-91.335205078125,40.8060531616211,783,25609,"iowa","des moines",2019,873
"3175",-91.335205078125,40.8060531616211,783,25609,"iowa","des moines",2020,761
"3176",-91.335205078125,40.8060531616211,783,25609,"iowa","des moines",2021,819
"3177",-91.335205078125,40.8060531616211,783,25609,"iowa","des moines",2022,822
"3178",-91.335205078125,40.8060531616211,783,25609,"iowa","des moines",2023,759
"3179",-91.335205078125,40.8060531616211,783,25609,"iowa","des moines",2024,788
"3180",-91.335205078125,40.8060531616211,783,25609,"iowa","des moines",2025,35
"3181",-91.3581161499023,40.8175163269043,783,25610,"iowa","des moines",2014,894
"3182",-91.3581161499023,40.8175163269043,783,25610,"iowa","des moines",2015,920
"3183",-91.3581161499023,40.8175163269043,783,25610,"iowa","des moines",2016,864
"3184",-91.3581161499023,40.8175163269043,783,25610,"iowa","des moines",2017,863
"3185",-91.3581161499023,40.8175163269043,783,25610,"iowa","des moines",2018,894
"3186",-91.3581161499023,40.8175163269043,783,25610,"iowa","des moines",2019,873
"3187",-91.3581161499023,40.8175163269043,783,25610,"iowa","des moines",2020,761
"3188",-91.3581161499023,40.8175163269043,783,25610,"iowa","des moines",2021,819
"3189",-91.3581161499023,40.8175163269043,783,25610,"iowa","des moines",2022,822
"3190",-91.3581161499023,40.8175163269043,783,25610,"iowa","des moines",2023,759
"3191",-91.3581161499023,40.8175163269043,783,25610,"iowa","des moines",2024,788
"3192",-91.3581161499023,40.8175163269043,783,25610,"iowa","des moines",2025,35
"3193",-91.3523941040039,41.0868034362793,783,25611,"iowa","des moines",2014,894
"3194",-91.3523941040039,41.0868034362793,783,25611,"iowa","des moines",2015,920
"3195",-91.3523941040039,41.0868034362793,783,25611,"iowa","des moines",2016,864
"3196",-91.3523941040039,41.0868034362793,783,25611,"iowa","des moines",2017,863
"3197",-91.3523941040039,41.0868034362793,783,25611,"iowa","des moines",2018,894
"3198",-91.3523941040039,41.0868034362793,783,25611,"iowa","des moines",2019,873
"3199",-91.3523941040039,41.0868034362793,783,25611,"iowa","des moines",2020,761
"3200",-91.3523941040039,41.0868034362793,783,25611,"iowa","des moines",2021,819
"3201",-91.3523941040039,41.0868034362793,783,25611,"iowa","des moines",2022,822
"3202",-91.3523941040039,41.0868034362793,783,25611,"iowa","des moines",2023,759
"3203",-91.3523941040039,41.0868034362793,783,25611,"iowa","des moines",2024,788
"3204",-91.3523941040039,41.0868034362793,783,25611,"iowa","des moines",2025,35
"3205",-90.9513168334961,41.0810737609863,783,25612,"iowa","des moines",2014,894
"3206",-90.9513168334961,41.0810737609863,783,25612,"iowa","des moines",2015,920
"3207",-90.9513168334961,41.0810737609863,783,25612,"iowa","des moines",2016,864
"3208",-90.9513168334961,41.0810737609863,783,25612,"iowa","des moines",2017,863
"3209",-90.9513168334961,41.0810737609863,783,25612,"iowa","des moines",2018,894
"3210",-90.9513168334961,41.0810737609863,783,25612,"iowa","des moines",2019,873
"3211",-90.9513168334961,41.0810737609863,783,25612,"iowa","des moines",2020,761
"3212",-90.9513168334961,41.0810737609863,783,25612,"iowa","des moines",2021,819
"3213",-90.9513168334961,41.0810737609863,783,25612,"iowa","des moines",2022,822
"3214",-90.9513168334961,41.0810737609863,783,25612,"iowa","des moines",2023,759
"3215",-90.9513168334961,41.0810737609863,783,25612,"iowa","des moines",2024,788
"3216",-90.9513168334961,41.0810737609863,783,25612,"iowa","des moines",2025,35
"3217",-95.3917388916016,43.2640419006348,784,25614,"iowa","dickinson",2014,231
"3218",-95.3917388916016,43.2640419006348,784,25614,"iowa","dickinson",2015,219
"3219",-95.3917388916016,43.2640419006348,784,25614,"iowa","dickinson",2016,255
"3220",-95.3917388916016,43.2640419006348,784,25614,"iowa","dickinson",2017,261
"3221",-95.3917388916016,43.2640419006348,784,25614,"iowa","dickinson",2018,246
"3222",-95.3917388916016,43.2640419006348,784,25614,"iowa","dickinson",2019,250
"3223",-95.3917388916016,43.2640419006348,784,25614,"iowa","dickinson",2020,250
"3224",-95.3917388916016,43.2640419006348,784,25614,"iowa","dickinson",2021,282
"3225",-95.3917388916016,43.2640419006348,784,25614,"iowa","dickinson",2022,296
"3226",-95.3917388916016,43.2640419006348,784,25614,"iowa","dickinson",2023,286
"3227",-95.3917388916016,43.2640419006348,784,25614,"iowa","dickinson",2024,262
"3228",-95.3917388916016,43.2640419006348,784,25614,"iowa","dickinson",2025,16
"3229",-95.3917388916016,43.5046844482422,784,25615,"iowa","dickinson",2014,231
"3230",-95.3917388916016,43.5046844482422,784,25615,"iowa","dickinson",2015,219
"3231",-95.3917388916016,43.5046844482422,784,25615,"iowa","dickinson",2016,255
"3232",-95.3917388916016,43.5046844482422,784,25615,"iowa","dickinson",2017,261
"3233",-95.3917388916016,43.5046844482422,784,25615,"iowa","dickinson",2018,246
"3234",-95.3917388916016,43.5046844482422,784,25615,"iowa","dickinson",2019,250
"3235",-95.3917388916016,43.5046844482422,784,25615,"iowa","dickinson",2020,250
"3236",-95.3917388916016,43.5046844482422,784,25615,"iowa","dickinson",2021,282
"3237",-95.3917388916016,43.5046844482422,784,25615,"iowa","dickinson",2022,296
"3238",-95.3917388916016,43.5046844482422,784,25615,"iowa","dickinson",2023,286
"3239",-95.3917388916016,43.5046844482422,784,25615,"iowa","dickinson",2024,262
"3240",-95.3917388916016,43.5046844482422,784,25615,"iowa","dickinson",2025,16
"3241",-94.9161911010742,43.5046844482422,784,25616,"iowa","dickinson",2014,231
"3242",-94.9161911010742,43.5046844482422,784,25616,"iowa","dickinson",2015,219
"3243",-94.9161911010742,43.5046844482422,784,25616,"iowa","dickinson",2016,255
"3244",-94.9161911010742,43.5046844482422,784,25616,"iowa","dickinson",2017,261
"3245",-94.9161911010742,43.5046844482422,784,25616,"iowa","dickinson",2018,246
"3246",-94.9161911010742,43.5046844482422,784,25616,"iowa","dickinson",2019,250
"3247",-94.9161911010742,43.5046844482422,784,25616,"iowa","dickinson",2020,250
"3248",-94.9161911010742,43.5046844482422,784,25616,"iowa","dickinson",2021,282
"3249",-94.9161911010742,43.5046844482422,784,25616,"iowa","dickinson",2022,296
"3250",-94.9161911010742,43.5046844482422,784,25616,"iowa","dickinson",2023,286
"3251",-94.9161911010742,43.5046844482422,784,25616,"iowa","dickinson",2024,262
"3252",-94.9161911010742,43.5046844482422,784,25616,"iowa","dickinson",2025,16
"3253",-94.9219207763672,43.2640419006348,784,25617,"iowa","dickinson",2014,231
"3254",-94.9219207763672,43.2640419006348,784,25617,"iowa","dickinson",2015,219
"3255",-94.9219207763672,43.2640419006348,784,25617,"iowa","dickinson",2016,255
"3256",-94.9219207763672,43.2640419006348,784,25617,"iowa","dickinson",2017,261
"3257",-94.9219207763672,43.2640419006348,784,25617,"iowa","dickinson",2018,246
"3258",-94.9219207763672,43.2640419006348,784,25617,"iowa","dickinson",2019,250
"3259",-94.9219207763672,43.2640419006348,784,25617,"iowa","dickinson",2020,250
"3260",-94.9219207763672,43.2640419006348,784,25617,"iowa","dickinson",2021,282
"3261",-94.9219207763672,43.2640419006348,784,25617,"iowa","dickinson",2022,296
"3262",-94.9219207763672,43.2640419006348,784,25617,"iowa","dickinson",2023,286
"3263",-94.9219207763672,43.2640419006348,784,25617,"iowa","dickinson",2024,262
"3264",-94.9219207763672,43.2640419006348,784,25617,"iowa","dickinson",2025,16
"3265",-95.3917388916016,43.2640419006348,784,25618,"iowa","dickinson",2014,231
"3266",-95.3917388916016,43.2640419006348,784,25618,"iowa","dickinson",2015,219
"3267",-95.3917388916016,43.2640419006348,784,25618,"iowa","dickinson",2016,255
"3268",-95.3917388916016,43.2640419006348,784,25618,"iowa","dickinson",2017,261
"3269",-95.3917388916016,43.2640419006348,784,25618,"iowa","dickinson",2018,246
"3270",-95.3917388916016,43.2640419006348,784,25618,"iowa","dickinson",2019,250
"3271",-95.3917388916016,43.2640419006348,784,25618,"iowa","dickinson",2020,250
"3272",-95.3917388916016,43.2640419006348,784,25618,"iowa","dickinson",2021,282
"3273",-95.3917388916016,43.2640419006348,784,25618,"iowa","dickinson",2022,296
"3274",-95.3917388916016,43.2640419006348,784,25618,"iowa","dickinson",2023,286
"3275",-95.3917388916016,43.2640419006348,784,25618,"iowa","dickinson",2024,262
"3276",-95.3917388916016,43.2640419006348,784,25618,"iowa","dickinson",2025,16
"3277",-90.8768310546875,42.6796264648438,785,25620,"iowa","dubuque",2014,1886
"3278",-90.8768310546875,42.6796264648438,785,25620,"iowa","dubuque",2015,1931
"3279",-90.8768310546875,42.6796264648438,785,25620,"iowa","dubuque",2016,1971
"3280",-90.8768310546875,42.6796264648438,785,25620,"iowa","dubuque",2017,1962
"3281",-90.8768310546875,42.6796264648438,785,25620,"iowa","dubuque",2018,2051
"3282",-90.8768310546875,42.6796264648438,785,25620,"iowa","dubuque",2019,2149
"3283",-90.8768310546875,42.6796264648438,785,25620,"iowa","dubuque",2020,1776
"3284",-90.8768310546875,42.6796264648438,785,25620,"iowa","dubuque",2021,1948
"3285",-90.8768310546875,42.6796264648438,785,25620,"iowa","dubuque",2022,1959
"3286",-90.8768310546875,42.6796264648438,785,25620,"iowa","dubuque",2023,1923
"3287",-90.8768310546875,42.6796264648438,785,25620,"iowa","dubuque",2024,1979
"3288",-90.8768310546875,42.6796264648438,785,25620,"iowa","dubuque",2025,125
"3289",-90.8195419311523,42.6681671142578,785,25621,"iowa","dubuque",2014,1886
"3290",-90.8195419311523,42.6681671142578,785,25621,"iowa","dubuque",2015,1931
"3291",-90.8195419311523,42.6681671142578,785,25621,"iowa","dubuque",2016,1971
"3292",-90.8195419311523,42.6681671142578,785,25621,"iowa","dubuque",2017,1962
"3293",-90.8195419311523,42.6681671142578,785,25621,"iowa","dubuque",2018,2051
"3294",-90.8195419311523,42.6681671142578,785,25621,"iowa","dubuque",2019,2149
"3295",-90.8195419311523,42.6681671142578,785,25621,"iowa","dubuque",2020,1776
"3296",-90.8195419311523,42.6681671142578,785,25621,"iowa","dubuque",2021,1948
"3297",-90.8195419311523,42.6681671142578,785,25621,"iowa","dubuque",2022,1959
"3298",-90.8195419311523,42.6681671142578,785,25621,"iowa","dubuque",2023,1923
"3299",-90.8195419311523,42.6681671142578,785,25621,"iowa","dubuque",2024,1979
"3300",-90.8195419311523,42.6681671142578,785,25621,"iowa","dubuque",2025,125
"3301",-90.7507858276367,42.6452484130859,785,25622,"iowa","dubuque",2014,1886
"3302",-90.7507858276367,42.6452484130859,785,25622,"iowa","dubuque",2015,1931
"3303",-90.7507858276367,42.6452484130859,785,25622,"iowa","dubuque",2016,1971
"3304",-90.7507858276367,42.6452484130859,785,25622,"iowa","dubuque",2017,1962
"3305",-90.7507858276367,42.6452484130859,785,25622,"iowa","dubuque",2018,2051
"3306",-90.7507858276367,42.6452484130859,785,25622,"iowa","dubuque",2019,2149
"3307",-90.7507858276367,42.6452484130859,785,25622,"iowa","dubuque",2020,1776
"3308",-90.7507858276367,42.6452484130859,785,25622,"iowa","dubuque",2021,1948
"3309",-90.7507858276367,42.6452484130859,785,25622,"iowa","dubuque",2022,1959
"3310",-90.7507858276367,42.6452484130859,785,25622,"iowa","dubuque",2023,1923
"3311",-90.7507858276367,42.6452484130859,785,25622,"iowa","dubuque",2024,1979
"3312",-90.7507858276367,42.6452484130859,785,25622,"iowa","dubuque",2025,125
"3313",-90.69921875,42.6108741760254,785,25623,"iowa","dubuque",2014,1886
"3314",-90.69921875,42.6108741760254,785,25623,"iowa","dubuque",2015,1931
"3315",-90.69921875,42.6108741760254,785,25623,"iowa","dubuque",2016,1971
"3316",-90.69921875,42.6108741760254,785,25623,"iowa","dubuque",2017,1962
"3317",-90.69921875,42.6108741760254,785,25623,"iowa","dubuque",2018,2051
"3318",-90.69921875,42.6108741760254,785,25623,"iowa","dubuque",2019,2149
"3319",-90.69921875,42.6108741760254,785,25623,"iowa","dubuque",2020,1776
"3320",-90.69921875,42.6108741760254,785,25623,"iowa","dubuque",2021,1948
"3321",-90.69921875,42.6108741760254,785,25623,"iowa","dubuque",2022,1959
"3322",-90.69921875,42.6108741760254,785,25623,"iowa","dubuque",2023,1923
"3323",-90.69921875,42.6108741760254,785,25623,"iowa","dubuque",2024,1979
"3324",-90.69921875,42.6108741760254,785,25623,"iowa","dubuque",2025,125
"3325",-90.6648406982422,42.5707626342773,785,25624,"iowa","dubuque",2014,1886
"3326",-90.6648406982422,42.5707626342773,785,25624,"iowa","dubuque",2015,1931
"3327",-90.6648406982422,42.5707626342773,785,25624,"iowa","dubuque",2016,1971
"3328",-90.6648406982422,42.5707626342773,785,25624,"iowa","dubuque",2017,1962
"3329",-90.6648406982422,42.5707626342773,785,25624,"iowa","dubuque",2018,2051
"3330",-90.6648406982422,42.5707626342773,785,25624,"iowa","dubuque",2019,2149
"3331",-90.6648406982422,42.5707626342773,785,25624,"iowa","dubuque",2020,1776
"3332",-90.6648406982422,42.5707626342773,785,25624,"iowa","dubuque",2021,1948
"3333",-90.6648406982422,42.5707626342773,785,25624,"iowa","dubuque",2022,1959
"3334",-90.6648406982422,42.5707626342773,785,25624,"iowa","dubuque",2023,1923
"3335",-90.6648406982422,42.5707626342773,785,25624,"iowa","dubuque",2024,1979
"3336",-90.6648406982422,42.5707626342773,785,25624,"iowa","dubuque",2025,125
"3337",-90.6591110229492,42.5421180725098,785,25625,"iowa","dubuque",2014,1886
"3338",-90.6591110229492,42.5421180725098,785,25625,"iowa","dubuque",2015,1931
"3339",-90.6591110229492,42.5421180725098,785,25625,"iowa","dubuque",2016,1971
"3340",-90.6591110229492,42.5421180725098,785,25625,"iowa","dubuque",2017,1962
"3341",-90.6591110229492,42.5421180725098,785,25625,"iowa","dubuque",2018,2051
"3342",-90.6591110229492,42.5421180725098,785,25625,"iowa","dubuque",2019,2149
"3343",-90.6591110229492,42.5421180725098,785,25625,"iowa","dubuque",2020,1776
"3344",-90.6591110229492,42.5421180725098,785,25625,"iowa","dubuque",2021,1948
"3345",-90.6591110229492,42.5421180725098,785,25625,"iowa","dubuque",2022,1959
"3346",-90.6591110229492,42.5421180725098,785,25625,"iowa","dubuque",2023,1923
"3347",-90.6591110229492,42.5421180725098,785,25625,"iowa","dubuque",2024,1979
"3348",-90.6591110229492,42.5421180725098,785,25625,"iowa","dubuque",2025,125
"3349",-90.6419219970703,42.507740020752,785,25626,"iowa","dubuque",2014,1886
"3350",-90.6419219970703,42.507740020752,785,25626,"iowa","dubuque",2015,1931
"3351",-90.6419219970703,42.507740020752,785,25626,"iowa","dubuque",2016,1971
"3352",-90.6419219970703,42.507740020752,785,25626,"iowa","dubuque",2017,1962
"3353",-90.6419219970703,42.507740020752,785,25626,"iowa","dubuque",2018,2051
"3354",-90.6419219970703,42.507740020752,785,25626,"iowa","dubuque",2019,2149
"3355",-90.6419219970703,42.507740020752,785,25626,"iowa","dubuque",2020,1776
"3356",-90.6419219970703,42.507740020752,785,25626,"iowa","dubuque",2021,1948
"3357",-90.6419219970703,42.507740020752,785,25626,"iowa","dubuque",2022,1959
"3358",-90.6419219970703,42.507740020752,785,25626,"iowa","dubuque",2023,1923
"3359",-90.6419219970703,42.507740020752,785,25626,"iowa","dubuque",2024,1979
"3360",-90.6419219970703,42.507740020752,785,25626,"iowa","dubuque",2025,125
"3361",-90.6476516723633,42.507740020752,785,25627,"iowa","dubuque",2014,1886
"3362",-90.6476516723633,42.507740020752,785,25627,"iowa","dubuque",2015,1931
"3363",-90.6476516723633,42.507740020752,785,25627,"iowa","dubuque",2016,1971
"3364",-90.6476516723633,42.507740020752,785,25627,"iowa","dubuque",2017,1962
"3365",-90.6476516723633,42.507740020752,785,25627,"iowa","dubuque",2018,2051
"3366",-90.6476516723633,42.507740020752,785,25627,"iowa","dubuque",2019,2149
"3367",-90.6476516723633,42.507740020752,785,25627,"iowa","dubuque",2020,1776
"3368",-90.6476516723633,42.507740020752,785,25627,"iowa","dubuque",2021,1948
"3369",-90.6476516723633,42.507740020752,785,25627,"iowa","dubuque",2022,1959
"3370",-90.6476516723633,42.507740020752,785,25627,"iowa","dubuque",2023,1923
"3371",-90.6476516723633,42.507740020752,785,25627,"iowa","dubuque",2024,1979
"3372",-90.6476516723633,42.507740020752,785,25627,"iowa","dubuque",2025,125
"3373",-90.6419219970703,42.4733619689941,785,25628,"iowa","dubuque",2014,1886
"3374",-90.6419219970703,42.4733619689941,785,25628,"iowa","dubuque",2015,1931
"3375",-90.6419219970703,42.4733619689941,785,25628,"iowa","dubuque",2016,1971
"3376",-90.6419219970703,42.4733619689941,785,25628,"iowa","dubuque",2017,1962
"3377",-90.6419219970703,42.4733619689941,785,25628,"iowa","dubuque",2018,2051
"3378",-90.6419219970703,42.4733619689941,785,25628,"iowa","dubuque",2019,2149
"3379",-90.6419219970703,42.4733619689941,785,25628,"iowa","dubuque",2020,1776
"3380",-90.6419219970703,42.4733619689941,785,25628,"iowa","dubuque",2021,1948
"3381",-90.6419219970703,42.4733619689941,785,25628,"iowa","dubuque",2022,1959
"3382",-90.6419219970703,42.4733619689941,785,25628,"iowa","dubuque",2023,1923
"3383",-90.6419219970703,42.4733619689941,785,25628,"iowa","dubuque",2024,1979
"3384",-90.6419219970703,42.4733619689941,785,25628,"iowa","dubuque",2025,125
"3385",-90.4814987182617,42.3874168395996,785,25629,"iowa","dubuque",2014,1886
"3386",-90.4814987182617,42.3874168395996,785,25629,"iowa","dubuque",2015,1931
"3387",-90.4814987182617,42.3874168395996,785,25629,"iowa","dubuque",2016,1971
"3388",-90.4814987182617,42.3874168395996,785,25629,"iowa","dubuque",2017,1962
"3389",-90.4814987182617,42.3874168395996,785,25629,"iowa","dubuque",2018,2051
"3390",-90.4814987182617,42.3874168395996,785,25629,"iowa","dubuque",2019,2149
"3391",-90.4814987182617,42.3874168395996,785,25629,"iowa","dubuque",2020,1776
"3392",-90.4814987182617,42.3874168395996,785,25629,"iowa","dubuque",2021,1948
"3393",-90.4814987182617,42.3874168395996,785,25629,"iowa","dubuque",2022,1959
"3394",-90.4814987182617,42.3874168395996,785,25629,"iowa","dubuque",2023,1923
"3395",-90.4814987182617,42.3874168395996,785,25629,"iowa","dubuque",2024,1979
"3396",-90.4814987182617,42.3874168395996,785,25629,"iowa","dubuque",2025,125
"3397",-90.6304626464844,42.3931465148926,785,25630,"iowa","dubuque",2014,1886
"3398",-90.6304626464844,42.3931465148926,785,25630,"iowa","dubuque",2015,1931
"3399",-90.6304626464844,42.3931465148926,785,25630,"iowa","dubuque",2016,1971
"3400",-90.6304626464844,42.3931465148926,785,25630,"iowa","dubuque",2017,1962
"3401",-90.6304626464844,42.3931465148926,785,25630,"iowa","dubuque",2018,2051
"3402",-90.6304626464844,42.3931465148926,785,25630,"iowa","dubuque",2019,2149
"3403",-90.6304626464844,42.3931465148926,785,25630,"iowa","dubuque",2020,1776
"3404",-90.6304626464844,42.3931465148926,785,25630,"iowa","dubuque",2021,1948
"3405",-90.6304626464844,42.3931465148926,785,25630,"iowa","dubuque",2022,1959
"3406",-90.6304626464844,42.3931465148926,785,25630,"iowa","dubuque",2023,1923
"3407",-90.6304626464844,42.3931465148926,785,25630,"iowa","dubuque",2024,1979
"3408",-90.6304626464844,42.3931465148926,785,25630,"iowa","dubuque",2025,125
"3409",-90.6419219970703,42.3014755249023,785,25631,"iowa","dubuque",2014,1886
"3410",-90.6419219970703,42.3014755249023,785,25631,"iowa","dubuque",2015,1931
"3411",-90.6419219970703,42.3014755249023,785,25631,"iowa","dubuque",2016,1971
"3412",-90.6419219970703,42.3014755249023,785,25631,"iowa","dubuque",2017,1962
"3413",-90.6419219970703,42.3014755249023,785,25631,"iowa","dubuque",2018,2051
"3414",-90.6419219970703,42.3014755249023,785,25631,"iowa","dubuque",2019,2149
"3415",-90.6419219970703,42.3014755249023,785,25631,"iowa","dubuque",2020,1776
"3416",-90.6419219970703,42.3014755249023,785,25631,"iowa","dubuque",2021,1948
"3417",-90.6419219970703,42.3014755249023,785,25631,"iowa","dubuque",2022,1959
"3418",-90.6419219970703,42.3014755249023,785,25631,"iowa","dubuque",2023,1923
"3419",-90.6419219970703,42.3014755249023,785,25631,"iowa","dubuque",2024,1979
"3420",-90.6419219970703,42.3014755249023,785,25631,"iowa","dubuque",2025,125
"3421",-90.8711013793945,42.3014755249023,785,25632,"iowa","dubuque",2014,1886
"3422",-90.8711013793945,42.3014755249023,785,25632,"iowa","dubuque",2015,1931
"3423",-90.8711013793945,42.3014755249023,785,25632,"iowa","dubuque",2016,1971
"3424",-90.8711013793945,42.3014755249023,785,25632,"iowa","dubuque",2017,1962
"3425",-90.8711013793945,42.3014755249023,785,25632,"iowa","dubuque",2018,2051
"3426",-90.8711013793945,42.3014755249023,785,25632,"iowa","dubuque",2019,2149
"3427",-90.8711013793945,42.3014755249023,785,25632,"iowa","dubuque",2020,1776
"3428",-90.8711013793945,42.3014755249023,785,25632,"iowa","dubuque",2021,1948
"3429",-90.8711013793945,42.3014755249023,785,25632,"iowa","dubuque",2022,1959
"3430",-90.8711013793945,42.3014755249023,785,25632,"iowa","dubuque",2023,1923
"3431",-90.8711013793945,42.3014755249023,785,25632,"iowa","dubuque",2024,1979
"3432",-90.8711013793945,42.3014755249023,785,25632,"iowa","dubuque",2025,125
"3433",-91.1174774169922,42.3014755249023,785,25633,"iowa","dubuque",2014,1886
"3434",-91.1174774169922,42.3014755249023,785,25633,"iowa","dubuque",2015,1931
"3435",-91.1174774169922,42.3014755249023,785,25633,"iowa","dubuque",2016,1971
"3436",-91.1174774169922,42.3014755249023,785,25633,"iowa","dubuque",2017,1962
"3437",-91.1174774169922,42.3014755249023,785,25633,"iowa","dubuque",2018,2051
"3438",-91.1174774169922,42.3014755249023,785,25633,"iowa","dubuque",2019,2149
"3439",-91.1174774169922,42.3014755249023,785,25633,"iowa","dubuque",2020,1776
"3440",-91.1174774169922,42.3014755249023,785,25633,"iowa","dubuque",2021,1948
"3441",-91.1174774169922,42.3014755249023,785,25633,"iowa","dubuque",2022,1959
"3442",-91.1174774169922,42.3014755249023,785,25633,"iowa","dubuque",2023,1923
"3443",-91.1174774169922,42.3014755249023,785,25633,"iowa","dubuque",2024,1979
"3444",-91.1174774169922,42.3014755249023,785,25633,"iowa","dubuque",2025,125
"3445",-91.1174774169922,42.4848213195801,785,25634,"iowa","dubuque",2014,1886
"3446",-91.1174774169922,42.4848213195801,785,25634,"iowa","dubuque",2015,1931
"3447",-91.1174774169922,42.4848213195801,785,25634,"iowa","dubuque",2016,1971
"3448",-91.1174774169922,42.4848213195801,785,25634,"iowa","dubuque",2017,1962
"3449",-91.1174774169922,42.4848213195801,785,25634,"iowa","dubuque",2018,2051
"3450",-91.1174774169922,42.4848213195801,785,25634,"iowa","dubuque",2019,2149
"3451",-91.1174774169922,42.4848213195801,785,25634,"iowa","dubuque",2020,1776
"3452",-91.1174774169922,42.4848213195801,785,25634,"iowa","dubuque",2021,1948
"3453",-91.1174774169922,42.4848213195801,785,25634,"iowa","dubuque",2022,1959
"3454",-91.1174774169922,42.4848213195801,785,25634,"iowa","dubuque",2023,1923
"3455",-91.1174774169922,42.4848213195801,785,25634,"iowa","dubuque",2024,1979
"3456",-91.1174774169922,42.4848213195801,785,25634,"iowa","dubuque",2025,125
"3457",-91.1232070922852,42.4905471801758,785,25635,"iowa","dubuque",2014,1886
"3458",-91.1232070922852,42.4905471801758,785,25635,"iowa","dubuque",2015,1931
"3459",-91.1232070922852,42.4905471801758,785,25635,"iowa","dubuque",2016,1971
"3460",-91.1232070922852,42.4905471801758,785,25635,"iowa","dubuque",2017,1962
"3461",-91.1232070922852,42.4905471801758,785,25635,"iowa","dubuque",2018,2051
"3462",-91.1232070922852,42.4905471801758,785,25635,"iowa","dubuque",2019,2149
"3463",-91.1232070922852,42.4905471801758,785,25635,"iowa","dubuque",2020,1776
"3464",-91.1232070922852,42.4905471801758,785,25635,"iowa","dubuque",2021,1948
"3465",-91.1232070922852,42.4905471801758,785,25635,"iowa","dubuque",2022,1959
"3466",-91.1232070922852,42.4905471801758,785,25635,"iowa","dubuque",2023,1923
"3467",-91.1232070922852,42.4905471801758,785,25635,"iowa","dubuque",2024,1979
"3468",-91.1232070922852,42.4905471801758,785,25635,"iowa","dubuque",2025,125
"3469",-91.1232070922852,42.6452484130859,785,25636,"iowa","dubuque",2014,1886
"3470",-91.1232070922852,42.6452484130859,785,25636,"iowa","dubuque",2015,1931
"3471",-91.1232070922852,42.6452484130859,785,25636,"iowa","dubuque",2016,1971
"3472",-91.1232070922852,42.6452484130859,785,25636,"iowa","dubuque",2017,1962
"3473",-91.1232070922852,42.6452484130859,785,25636,"iowa","dubuque",2018,2051
"3474",-91.1232070922852,42.6452484130859,785,25636,"iowa","dubuque",2019,2149
"3475",-91.1232070922852,42.6452484130859,785,25636,"iowa","dubuque",2020,1776
"3476",-91.1232070922852,42.6452484130859,785,25636,"iowa","dubuque",2021,1948
"3477",-91.1232070922852,42.6452484130859,785,25636,"iowa","dubuque",2022,1959
"3478",-91.1232070922852,42.6452484130859,785,25636,"iowa","dubuque",2023,1923
"3479",-91.1232070922852,42.6452484130859,785,25636,"iowa","dubuque",2024,1979
"3480",-91.1232070922852,42.6452484130859,785,25636,"iowa","dubuque",2025,125
"3481",-90.888298034668,42.6452484130859,785,25637,"iowa","dubuque",2014,1886
"3482",-90.888298034668,42.6452484130859,785,25637,"iowa","dubuque",2015,1931
"3483",-90.888298034668,42.6452484130859,785,25637,"iowa","dubuque",2016,1971
"3484",-90.888298034668,42.6452484130859,785,25637,"iowa","dubuque",2017,1962
"3485",-90.888298034668,42.6452484130859,785,25637,"iowa","dubuque",2018,2051
"3486",-90.888298034668,42.6452484130859,785,25637,"iowa","dubuque",2019,2149
"3487",-90.888298034668,42.6452484130859,785,25637,"iowa","dubuque",2020,1776
"3488",-90.888298034668,42.6452484130859,785,25637,"iowa","dubuque",2021,1948
"3489",-90.888298034668,42.6452484130859,785,25637,"iowa","dubuque",2022,1959
"3490",-90.888298034668,42.6452484130859,785,25637,"iowa","dubuque",2023,1923
"3491",-90.888298034668,42.6452484130859,785,25637,"iowa","dubuque",2024,1979
"3492",-90.888298034668,42.6452484130859,785,25637,"iowa","dubuque",2025,125
"3493",-90.8711013793945,42.6567077636719,785,25638,"iowa","dubuque",2014,1886
"3494",-90.8711013793945,42.6567077636719,785,25638,"iowa","dubuque",2015,1931
"3495",-90.8711013793945,42.6567077636719,785,25638,"iowa","dubuque",2016,1971
"3496",-90.8711013793945,42.6567077636719,785,25638,"iowa","dubuque",2017,1962
"3497",-90.8711013793945,42.6567077636719,785,25638,"iowa","dubuque",2018,2051
"3498",-90.8711013793945,42.6567077636719,785,25638,"iowa","dubuque",2019,2149
"3499",-90.8711013793945,42.6567077636719,785,25638,"iowa","dubuque",2020,1776
"3500",-90.8711013793945,42.6567077636719,785,25638,"iowa","dubuque",2021,1948
"3501",-90.8711013793945,42.6567077636719,785,25638,"iowa","dubuque",2022,1959
"3502",-90.8711013793945,42.6567077636719,785,25638,"iowa","dubuque",2023,1923
"3503",-90.8711013793945,42.6567077636719,785,25638,"iowa","dubuque",2024,1979
"3504",-90.8711013793945,42.6567077636719,785,25638,"iowa","dubuque",2025,125
"3505",-90.8768310546875,42.6796264648438,785,25639,"iowa","dubuque",2014,1886
"3506",-90.8768310546875,42.6796264648438,785,25639,"iowa","dubuque",2015,1931
"3507",-90.8768310546875,42.6796264648438,785,25639,"iowa","dubuque",2016,1971
"3508",-90.8768310546875,42.6796264648438,785,25639,"iowa","dubuque",2017,1962
"3509",-90.8768310546875,42.6796264648438,785,25639,"iowa","dubuque",2018,2051
"3510",-90.8768310546875,42.6796264648438,785,25639,"iowa","dubuque",2019,2149
"3511",-90.8768310546875,42.6796264648438,785,25639,"iowa","dubuque",2020,1776
"3512",-90.8768310546875,42.6796264648438,785,25639,"iowa","dubuque",2021,1948
"3513",-90.8768310546875,42.6796264648438,785,25639,"iowa","dubuque",2022,1959
"3514",-90.8768310546875,42.6796264648438,785,25639,"iowa","dubuque",2023,1923
"3515",-90.8768310546875,42.6796264648438,785,25639,"iowa","dubuque",2024,1979
"3516",-90.8768310546875,42.6796264648438,785,25639,"iowa","dubuque",2025,125
"3517",-94.8646240234375,43.5046844482422,786,25641,"iowa","emmet",2014,184
"3518",-94.8646240234375,43.5046844482422,786,25641,"iowa","emmet",2015,163
"3519",-94.8646240234375,43.5046844482422,786,25641,"iowa","emmet",2016,170
"3520",-94.8646240234375,43.5046844482422,786,25641,"iowa","emmet",2017,182
"3521",-94.8646240234375,43.5046844482422,786,25641,"iowa","emmet",2018,190
"3522",-94.8646240234375,43.5046844482422,786,25641,"iowa","emmet",2019,227
"3523",-94.8646240234375,43.5046844482422,786,25641,"iowa","emmet",2020,153
"3524",-94.8646240234375,43.5046844482422,786,25641,"iowa","emmet",2021,177
"3525",-94.8646240234375,43.5046844482422,786,25641,"iowa","emmet",2022,154
"3526",-94.8646240234375,43.5046844482422,786,25641,"iowa","emmet",2023,183
"3527",-94.8646240234375,43.5046844482422,786,25641,"iowa","emmet",2024,181
"3528",-94.8646240234375,43.5046844482422,786,25641,"iowa","emmet",2025,7
"3529",-94.4520874023438,43.5046844482422,786,25642,"iowa","emmet",2014,184
"3530",-94.4520874023438,43.5046844482422,786,25642,"iowa","emmet",2015,163
"3531",-94.4520874023438,43.5046844482422,786,25642,"iowa","emmet",2016,170
"3532",-94.4520874023438,43.5046844482422,786,25642,"iowa","emmet",2017,182
"3533",-94.4520874023438,43.5046844482422,786,25642,"iowa","emmet",2018,190
"3534",-94.4520874023438,43.5046844482422,786,25642,"iowa","emmet",2019,227
"3535",-94.4520874023438,43.5046844482422,786,25642,"iowa","emmet",2020,153
"3536",-94.4520874023438,43.5046844482422,786,25642,"iowa","emmet",2021,177
"3537",-94.4520874023438,43.5046844482422,786,25642,"iowa","emmet",2022,154
"3538",-94.4520874023438,43.5046844482422,786,25642,"iowa","emmet",2023,183
"3539",-94.4520874023438,43.5046844482422,786,25642,"iowa","emmet",2024,181
"3540",-94.4520874023438,43.5046844482422,786,25642,"iowa","emmet",2025,7
"3541",-94.4520874023438,43.2640419006348,786,25643,"iowa","emmet",2014,184
"3542",-94.4520874023438,43.2640419006348,786,25643,"iowa","emmet",2015,163
"3543",-94.4520874023438,43.2640419006348,786,25643,"iowa","emmet",2016,170
"3544",-94.4520874023438,43.2640419006348,786,25643,"iowa","emmet",2017,182
"3545",-94.4520874023438,43.2640419006348,786,25643,"iowa","emmet",2018,190
"3546",-94.4520874023438,43.2640419006348,786,25643,"iowa","emmet",2019,227
"3547",-94.4520874023438,43.2640419006348,786,25643,"iowa","emmet",2020,153
"3548",-94.4520874023438,43.2640419006348,786,25643,"iowa","emmet",2021,177
"3549",-94.4520874023438,43.2640419006348,786,25643,"iowa","emmet",2022,154
"3550",-94.4520874023438,43.2640419006348,786,25643,"iowa","emmet",2023,183
"3551",-94.4520874023438,43.2640419006348,786,25643,"iowa","emmet",2024,181
"3552",-94.4520874023438,43.2640419006348,786,25643,"iowa","emmet",2025,7
"3553",-94.9219207763672,43.2640419006348,786,25644,"iowa","emmet",2014,184
"3554",-94.9219207763672,43.2640419006348,786,25644,"iowa","emmet",2015,163
"3555",-94.9219207763672,43.2640419006348,786,25644,"iowa","emmet",2016,170
"3556",-94.9219207763672,43.2640419006348,786,25644,"iowa","emmet",2017,182
"3557",-94.9219207763672,43.2640419006348,786,25644,"iowa","emmet",2018,190
"3558",-94.9219207763672,43.2640419006348,786,25644,"iowa","emmet",2019,227
"3559",-94.9219207763672,43.2640419006348,786,25644,"iowa","emmet",2020,153
"3560",-94.9219207763672,43.2640419006348,786,25644,"iowa","emmet",2021,177
"3561",-94.9219207763672,43.2640419006348,786,25644,"iowa","emmet",2022,154
"3562",-94.9219207763672,43.2640419006348,786,25644,"iowa","emmet",2023,183
"3563",-94.9219207763672,43.2640419006348,786,25644,"iowa","emmet",2024,181
"3564",-94.9219207763672,43.2640419006348,786,25644,"iowa","emmet",2025,7
"3565",-94.9161911010742,43.5046844482422,786,25645,"iowa","emmet",2014,184
"3566",-94.9161911010742,43.5046844482422,786,25645,"iowa","emmet",2015,163
"3567",-94.9161911010742,43.5046844482422,786,25645,"iowa","emmet",2016,170
"3568",-94.9161911010742,43.5046844482422,786,25645,"iowa","emmet",2017,182
"3569",-94.9161911010742,43.5046844482422,786,25645,"iowa","emmet",2018,190
"3570",-94.9161911010742,43.5046844482422,786,25645,"iowa","emmet",2019,227
"3571",-94.9161911010742,43.5046844482422,786,25645,"iowa","emmet",2020,153
"3572",-94.9161911010742,43.5046844482422,786,25645,"iowa","emmet",2021,177
"3573",-94.9161911010742,43.5046844482422,786,25645,"iowa","emmet",2022,154
"3574",-94.9161911010742,43.5046844482422,786,25645,"iowa","emmet",2023,183
"3575",-94.9161911010742,43.5046844482422,786,25645,"iowa","emmet",2024,181
"3576",-94.9161911010742,43.5046844482422,786,25645,"iowa","emmet",2025,7
"3577",-94.8646240234375,43.5046844482422,786,25646,"iowa","emmet",2014,184
"3578",-94.8646240234375,43.5046844482422,786,25646,"iowa","emmet",2015,163
"3579",-94.8646240234375,43.5046844482422,786,25646,"iowa","emmet",2016,170
"3580",-94.8646240234375,43.5046844482422,786,25646,"iowa","emmet",2017,182
"3581",-94.8646240234375,43.5046844482422,786,25646,"iowa","emmet",2018,190
"3582",-94.8646240234375,43.5046844482422,786,25646,"iowa","emmet",2019,227
"3583",-94.8646240234375,43.5046844482422,786,25646,"iowa","emmet",2020,153
"3584",-94.8646240234375,43.5046844482422,786,25646,"iowa","emmet",2021,177
"3585",-94.8646240234375,43.5046844482422,786,25646,"iowa","emmet",2022,154
"3586",-94.8646240234375,43.5046844482422,786,25646,"iowa","emmet",2023,183
"3587",-94.8646240234375,43.5046844482422,786,25646,"iowa","emmet",2024,181
"3588",-94.8646240234375,43.5046844482422,786,25646,"iowa","emmet",2025,7
"3589",-91.598762512207,43.08642578125,787,25648,"iowa","fayette",2014,299
"3590",-91.598762512207,43.08642578125,787,25648,"iowa","fayette",2015,335
"3591",-91.598762512207,43.08642578125,787,25648,"iowa","fayette",2016,326
"3592",-91.598762512207,43.08642578125,787,25648,"iowa","fayette",2017,328
"3593",-91.598762512207,43.08642578125,787,25648,"iowa","fayette",2018,347
"3594",-91.598762512207,43.08642578125,787,25648,"iowa","fayette",2019,295
"3595",-91.598762512207,43.08642578125,787,25648,"iowa","fayette",2020,289
"3596",-91.598762512207,43.08642578125,787,25648,"iowa","fayette",2021,266
"3597",-91.598762512207,43.08642578125,787,25648,"iowa","fayette",2022,303
"3598",-91.598762512207,43.08642578125,787,25648,"iowa","fayette",2023,282
"3599",-91.598762512207,43.08642578125,787,25648,"iowa","fayette",2024,273
"3600",-91.598762512207,43.08642578125,787,25648,"iowa","fayette",2025,18
"3601",-91.598762512207,42.6452484130859,787,25649,"iowa","fayette",2014,299
"3602",-91.598762512207,42.6452484130859,787,25649,"iowa","fayette",2015,335
"3603",-91.598762512207,42.6452484130859,787,25649,"iowa","fayette",2016,326
"3604",-91.598762512207,42.6452484130859,787,25649,"iowa","fayette",2017,328
"3605",-91.598762512207,42.6452484130859,787,25649,"iowa","fayette",2018,347
"3606",-91.598762512207,42.6452484130859,787,25649,"iowa","fayette",2019,295
"3607",-91.598762512207,42.6452484130859,787,25649,"iowa","fayette",2020,289
"3608",-91.598762512207,42.6452484130859,787,25649,"iowa","fayette",2021,266
"3609",-91.598762512207,42.6452484130859,787,25649,"iowa","fayette",2022,303
"3610",-91.598762512207,42.6452484130859,787,25649,"iowa","fayette",2023,282
"3611",-91.598762512207,42.6452484130859,787,25649,"iowa","fayette",2024,273
"3612",-91.598762512207,42.6452484130859,787,25649,"iowa","fayette",2025,18
"3613",-92.0800476074219,42.6452484130859,787,25650,"iowa","fayette",2014,299
"3614",-92.0800476074219,42.6452484130859,787,25650,"iowa","fayette",2015,335
"3615",-92.0800476074219,42.6452484130859,787,25650,"iowa","fayette",2016,326
"3616",-92.0800476074219,42.6452484130859,787,25650,"iowa","fayette",2017,328
"3617",-92.0800476074219,42.6452484130859,787,25650,"iowa","fayette",2018,347
"3618",-92.0800476074219,42.6452484130859,787,25650,"iowa","fayette",2019,295
"3619",-92.0800476074219,42.6452484130859,787,25650,"iowa","fayette",2020,289
"3620",-92.0800476074219,42.6452484130859,787,25650,"iowa","fayette",2021,266
"3621",-92.0800476074219,42.6452484130859,787,25650,"iowa","fayette",2022,303
"3622",-92.0800476074219,42.6452484130859,787,25650,"iowa","fayette",2023,282
"3623",-92.0800476074219,42.6452484130859,787,25650,"iowa","fayette",2024,273
"3624",-92.0800476074219,42.6452484130859,787,25650,"iowa","fayette",2025,18
"3625",-92.0800476074219,42.9088096618652,787,25651,"iowa","fayette",2014,299
"3626",-92.0800476074219,42.9088096618652,787,25651,"iowa","fayette",2015,335
"3627",-92.0800476074219,42.9088096618652,787,25651,"iowa","fayette",2016,326
"3628",-92.0800476074219,42.9088096618652,787,25651,"iowa","fayette",2017,328
"3629",-92.0800476074219,42.9088096618652,787,25651,"iowa","fayette",2018,347
"3630",-92.0800476074219,42.9088096618652,787,25651,"iowa","fayette",2019,295
"3631",-92.0800476074219,42.9088096618652,787,25651,"iowa","fayette",2020,289
"3632",-92.0800476074219,42.9088096618652,787,25651,"iowa","fayette",2021,266
"3633",-92.0800476074219,42.9088096618652,787,25651,"iowa","fayette",2022,303
"3634",-92.0800476074219,42.9088096618652,787,25651,"iowa","fayette",2023,282
"3635",-92.0800476074219,42.9088096618652,787,25651,"iowa","fayette",2024,273
"3636",-92.0800476074219,42.9088096618652,787,25651,"iowa","fayette",2025,18
"3637",-92.0743179321289,43.08642578125,787,25652,"iowa","fayette",2014,299
"3638",-92.0743179321289,43.08642578125,787,25652,"iowa","fayette",2015,335
"3639",-92.0743179321289,43.08642578125,787,25652,"iowa","fayette",2016,326
"3640",-92.0743179321289,43.08642578125,787,25652,"iowa","fayette",2017,328
"3641",-92.0743179321289,43.08642578125,787,25652,"iowa","fayette",2018,347
"3642",-92.0743179321289,43.08642578125,787,25652,"iowa","fayette",2019,295
"3643",-92.0743179321289,43.08642578125,787,25652,"iowa","fayette",2020,289
"3644",-92.0743179321289,43.08642578125,787,25652,"iowa","fayette",2021,266
"3645",-92.0743179321289,43.08642578125,787,25652,"iowa","fayette",2022,303
"3646",-92.0743179321289,43.08642578125,787,25652,"iowa","fayette",2023,282
"3647",-92.0743179321289,43.08642578125,787,25652,"iowa","fayette",2024,273
"3648",-92.0743179321289,43.08642578125,787,25652,"iowa","fayette",2025,18
"3649",-91.598762512207,43.08642578125,787,25653,"iowa","fayette",2014,299
"3650",-91.598762512207,43.08642578125,787,25653,"iowa","fayette",2015,335
"3651",-91.598762512207,43.08642578125,787,25653,"iowa","fayette",2016,326
"3652",-91.598762512207,43.08642578125,787,25653,"iowa","fayette",2017,328
"3653",-91.598762512207,43.08642578125,787,25653,"iowa","fayette",2018,347
"3654",-91.598762512207,43.08642578125,787,25653,"iowa","fayette",2019,295
"3655",-91.598762512207,43.08642578125,787,25653,"iowa","fayette",2020,289
"3656",-91.598762512207,43.08642578125,787,25653,"iowa","fayette",2021,266
"3657",-91.598762512207,43.08642578125,787,25653,"iowa","fayette",2022,303
"3658",-91.598762512207,43.08642578125,787,25653,"iowa","fayette",2023,282
"3659",-91.598762512207,43.08642578125,787,25653,"iowa","fayette",2024,273
"3660",-91.598762512207,43.08642578125,787,25653,"iowa","fayette",2025,18
"3661",-93.0254287719727,42.9088096618652,788,25655,"iowa","floyd",2014,277
"3662",-93.0254287719727,42.9088096618652,788,25655,"iowa","floyd",2015,267
"3663",-93.0254287719727,42.9088096618652,788,25655,"iowa","floyd",2016,279
"3664",-93.0254287719727,42.9088096618652,788,25655,"iowa","floyd",2017,223
"3665",-93.0254287719727,42.9088096618652,788,25655,"iowa","floyd",2018,258
"3666",-93.0254287719727,42.9088096618652,788,25655,"iowa","floyd",2019,277
"3667",-93.0254287719727,42.9088096618652,788,25655,"iowa","floyd",2020,236
"3668",-93.0254287719727,42.9088096618652,788,25655,"iowa","floyd",2021,298
"3669",-93.0254287719727,42.9088096618652,788,25655,"iowa","floyd",2022,289
"3670",-93.0254287719727,42.9088096618652,788,25655,"iowa","floyd",2023,253
"3671",-93.0254287719727,42.9088096618652,788,25655,"iowa","floyd",2024,252
"3672",-93.0254287719727,42.9088096618652,788,25655,"iowa","floyd",2025,12
"3673",-93.0254287719727,43.2239379882812,788,25656,"iowa","floyd",2014,277
"3674",-93.0254287719727,43.2239379882812,788,25656,"iowa","floyd",2015,267
"3675",-93.0254287719727,43.2239379882812,788,25656,"iowa","floyd",2016,279
"3676",-93.0254287719727,43.2239379882812,788,25656,"iowa","floyd",2017,223
"3677",-93.0254287719727,43.2239379882812,788,25656,"iowa","floyd",2018,258
"3678",-93.0254287719727,43.2239379882812,788,25656,"iowa","floyd",2019,277
"3679",-93.0254287719727,43.2239379882812,788,25656,"iowa","floyd",2020,236
"3680",-93.0254287719727,43.2239379882812,788,25656,"iowa","floyd",2021,298
"3681",-93.0254287719727,43.2239379882812,788,25656,"iowa","floyd",2022,289
"3682",-93.0254287719727,43.2239379882812,788,25656,"iowa","floyd",2023,253
"3683",-93.0254287719727,43.2239379882812,788,25656,"iowa","floyd",2024,252
"3684",-93.0254287719727,43.2239379882812,788,25656,"iowa","floyd",2025,12
"3685",-92.5556030273438,43.2239379882812,788,25657,"iowa","floyd",2014,277
"3686",-92.5556030273438,43.2239379882812,788,25657,"iowa","floyd",2015,267
"3687",-92.5556030273438,43.2239379882812,788,25657,"iowa","floyd",2016,279
"3688",-92.5556030273438,43.2239379882812,788,25657,"iowa","floyd",2017,223
"3689",-92.5556030273438,43.2239379882812,788,25657,"iowa","floyd",2018,258
"3690",-92.5556030273438,43.2239379882812,788,25657,"iowa","floyd",2019,277
"3691",-92.5556030273438,43.2239379882812,788,25657,"iowa","floyd",2020,236
"3692",-92.5556030273438,43.2239379882812,788,25657,"iowa","floyd",2021,298
"3693",-92.5556030273438,43.2239379882812,788,25657,"iowa","floyd",2022,289
"3694",-92.5556030273438,43.2239379882812,788,25657,"iowa","floyd",2023,253
"3695",-92.5556030273438,43.2239379882812,788,25657,"iowa","floyd",2024,252
"3696",-92.5556030273438,43.2239379882812,788,25657,"iowa","floyd",2025,12
"3697",-92.5498733520508,42.9088096618652,788,25658,"iowa","floyd",2014,277
"3698",-92.5498733520508,42.9088096618652,788,25658,"iowa","floyd",2015,267
"3699",-92.5498733520508,42.9088096618652,788,25658,"iowa","floyd",2016,279
"3700",-92.5498733520508,42.9088096618652,788,25658,"iowa","floyd",2017,223
"3701",-92.5498733520508,42.9088096618652,788,25658,"iowa","floyd",2018,258
"3702",-92.5498733520508,42.9088096618652,788,25658,"iowa","floyd",2019,277
"3703",-92.5498733520508,42.9088096618652,788,25658,"iowa","floyd",2020,236
"3704",-92.5498733520508,42.9088096618652,788,25658,"iowa","floyd",2021,298
"3705",-92.5498733520508,42.9088096618652,788,25658,"iowa","floyd",2022,289
"3706",-92.5498733520508,42.9088096618652,788,25658,"iowa","floyd",2023,253
"3707",-92.5498733520508,42.9088096618652,788,25658,"iowa","floyd",2024,252
"3708",-92.5498733520508,42.9088096618652,788,25658,"iowa","floyd",2025,12
"3709",-93.0254287719727,42.9088096618652,788,25659,"iowa","floyd",2014,277
"3710",-93.0254287719727,42.9088096618652,788,25659,"iowa","floyd",2015,267
"3711",-93.0254287719727,42.9088096618652,788,25659,"iowa","floyd",2016,279
"3712",-93.0254287719727,42.9088096618652,788,25659,"iowa","floyd",2017,223
"3713",-93.0254287719727,42.9088096618652,788,25659,"iowa","floyd",2018,258
"3714",-93.0254287719727,42.9088096618652,788,25659,"iowa","floyd",2019,277
"3715",-93.0254287719727,42.9088096618652,788,25659,"iowa","floyd",2020,236
"3716",-93.0254287719727,42.9088096618652,788,25659,"iowa","floyd",2021,298
"3717",-93.0254287719727,42.9088096618652,788,25659,"iowa","floyd",2022,289
"3718",-93.0254287719727,42.9088096618652,788,25659,"iowa","floyd",2023,253
"3719",-93.0254287719727,42.9088096618652,788,25659,"iowa","floyd",2024,252
"3720",-93.0254287719727,42.9088096618652,788,25659,"iowa","floyd",2025,12
"3721",-93.4952545166016,42.5593032836914,789,25661,"iowa","franklin",2014,160
"3722",-93.4952545166016,42.5593032836914,789,25661,"iowa","franklin",2015,158
"3723",-93.4952545166016,42.5593032836914,789,25661,"iowa","franklin",2016,190
"3724",-93.4952545166016,42.5593032836914,789,25661,"iowa","franklin",2017,196
"3725",-93.4952545166016,42.5593032836914,789,25661,"iowa","franklin",2018,178
"3726",-93.4952545166016,42.5593032836914,789,25661,"iowa","franklin",2019,206
"3727",-93.4952545166016,42.5593032836914,789,25661,"iowa","franklin",2020,177
"3728",-93.4952545166016,42.5593032836914,789,25661,"iowa","franklin",2021,181
"3729",-93.4952545166016,42.5593032836914,789,25661,"iowa","franklin",2022,165
"3730",-93.4952545166016,42.5593032836914,789,25661,"iowa","franklin",2023,210
"3731",-93.4952545166016,42.5593032836914,789,25661,"iowa","franklin",2024,200
"3732",-93.4952545166016,42.5593032836914,789,25661,"iowa","franklin",2025,11
"3733",-93.4952545166016,42.9145393371582,789,25662,"iowa","franklin",2014,160
"3734",-93.4952545166016,42.9145393371582,789,25662,"iowa","franklin",2015,158
"3735",-93.4952545166016,42.9145393371582,789,25662,"iowa","franklin",2016,190
"3736",-93.4952545166016,42.9145393371582,789,25662,"iowa","franklin",2017,196
"3737",-93.4952545166016,42.9145393371582,789,25662,"iowa","franklin",2018,178
"3738",-93.4952545166016,42.9145393371582,789,25662,"iowa","franklin",2019,206
"3739",-93.4952545166016,42.9145393371582,789,25662,"iowa","franklin",2020,177
"3740",-93.4952545166016,42.9145393371582,789,25662,"iowa","franklin",2021,181
"3741",-93.4952545166016,42.9145393371582,789,25662,"iowa","franklin",2022,165
"3742",-93.4952545166016,42.9145393371582,789,25662,"iowa","franklin",2023,210
"3743",-93.4952545166016,42.9145393371582,789,25662,"iowa","franklin",2024,200
"3744",-93.4952545166016,42.9145393371582,789,25662,"iowa","franklin",2025,11
"3745",-93.0254287719727,42.9088096618652,789,25663,"iowa","franklin",2014,160
"3746",-93.0254287719727,42.9088096618652,789,25663,"iowa","franklin",2015,158
"3747",-93.0254287719727,42.9088096618652,789,25663,"iowa","franklin",2016,190
"3748",-93.0254287719727,42.9088096618652,789,25663,"iowa","franklin",2017,196
"3749",-93.0254287719727,42.9088096618652,789,25663,"iowa","franklin",2018,178
"3750",-93.0254287719727,42.9088096618652,789,25663,"iowa","franklin",2019,206
"3751",-93.0254287719727,42.9088096618652,789,25663,"iowa","franklin",2020,177
"3752",-93.0254287719727,42.9088096618652,789,25663,"iowa","franklin",2021,181
"3753",-93.0254287719727,42.9088096618652,789,25663,"iowa","franklin",2022,165
"3754",-93.0254287719727,42.9088096618652,789,25663,"iowa","franklin",2023,210
"3755",-93.0254287719727,42.9088096618652,789,25663,"iowa","franklin",2024,200
"3756",-93.0254287719727,42.9088096618652,789,25663,"iowa","franklin",2025,11
"3757",-93.0254287719727,42.5650367736816,789,25664,"iowa","franklin",2014,160
"3758",-93.0254287719727,42.5650367736816,789,25664,"iowa","franklin",2015,158
"3759",-93.0254287719727,42.5650367736816,789,25664,"iowa","franklin",2016,190
"3760",-93.0254287719727,42.5650367736816,789,25664,"iowa","franklin",2017,196
"3761",-93.0254287719727,42.5650367736816,789,25664,"iowa","franklin",2018,178
"3762",-93.0254287719727,42.5650367736816,789,25664,"iowa","franklin",2019,206
"3763",-93.0254287719727,42.5650367736816,789,25664,"iowa","franklin",2020,177
"3764",-93.0254287719727,42.5650367736816,789,25664,"iowa","franklin",2021,181
"3765",-93.0254287719727,42.5650367736816,789,25664,"iowa","franklin",2022,165
"3766",-93.0254287719727,42.5650367736816,789,25664,"iowa","franklin",2023,210
"3767",-93.0254287719727,42.5650367736816,789,25664,"iowa","franklin",2024,200
"3768",-93.0254287719727,42.5650367736816,789,25664,"iowa","franklin",2025,11
"3769",-93.4952545166016,42.5593032836914,789,25665,"iowa","franklin",2014,160
"3770",-93.4952545166016,42.5593032836914,789,25665,"iowa","franklin",2015,158
"3771",-93.4952545166016,42.5593032836914,789,25665,"iowa","franklin",2016,190
"3772",-93.4952545166016,42.5593032836914,789,25665,"iowa","franklin",2017,196
"3773",-93.4952545166016,42.5593032836914,789,25665,"iowa","franklin",2018,178
"3774",-93.4952545166016,42.5593032836914,789,25665,"iowa","franklin",2019,206
"3775",-93.4952545166016,42.5593032836914,789,25665,"iowa","franklin",2020,177
"3776",-93.4952545166016,42.5593032836914,789,25665,"iowa","franklin",2021,181
"3777",-93.4952545166016,42.5593032836914,789,25665,"iowa","franklin",2022,165
"3778",-93.4952545166016,42.5593032836914,789,25665,"iowa","franklin",2023,210
"3779",-93.4952545166016,42.5593032836914,789,25665,"iowa","franklin",2024,200
"3780",-93.4952545166016,42.5593032836914,789,25665,"iowa","franklin",2025,11
"3781",-95.8271942138672,40.9091873168945,790,25667,"iowa","fremont",2014,130
"3782",-95.8271942138672,40.9091873168945,790,25667,"iowa","fremont",2015,126
"3783",-95.8271942138672,40.9091873168945,790,25667,"iowa","fremont",2016,132
"3784",-95.8271942138672,40.9091873168945,790,25667,"iowa","fremont",2017,118
"3785",-95.8271942138672,40.9091873168945,790,25667,"iowa","fremont",2018,149
"3786",-95.8271942138672,40.9091873168945,790,25667,"iowa","fremont",2019,131
"3787",-95.8271942138672,40.9091873168945,790,25667,"iowa","fremont",2020,132
"3788",-95.8271942138672,40.9091873168945,790,25667,"iowa","fremont",2021,146
"3789",-95.8271942138672,40.9091873168945,790,25667,"iowa","fremont",2022,142
"3790",-95.8271942138672,40.9091873168945,790,25667,"iowa","fremont",2023,141
"3791",-95.8271942138672,40.9091873168945,790,25667,"iowa","fremont",2024,159
"3792",-95.8271942138672,40.9091873168945,790,25667,"iowa","fremont",2025,5
"3793",-95.3802871704102,40.8977279663086,790,25668,"iowa","fremont",2014,130
"3794",-95.3802871704102,40.8977279663086,790,25668,"iowa","fremont",2015,126
"3795",-95.3802871704102,40.8977279663086,790,25668,"iowa","fremont",2016,132
"3796",-95.3802871704102,40.8977279663086,790,25668,"iowa","fremont",2017,118
"3797",-95.3802871704102,40.8977279663086,790,25668,"iowa","fremont",2018,149
"3798",-95.3802871704102,40.8977279663086,790,25668,"iowa","fremont",2019,131
"3799",-95.3802871704102,40.8977279663086,790,25668,"iowa","fremont",2020,132
"3800",-95.3802871704102,40.8977279663086,790,25668,"iowa","fremont",2021,146
"3801",-95.3802871704102,40.8977279663086,790,25668,"iowa","fremont",2022,142
"3802",-95.3802871704102,40.8977279663086,790,25668,"iowa","fremont",2023,141
"3803",-95.3802871704102,40.8977279663086,790,25668,"iowa","fremont",2024,159
"3804",-95.3802871704102,40.8977279663086,790,25668,"iowa","fremont",2025,5
"3805",-95.3860168457031,40.7487602233887,790,25669,"iowa","fremont",2014,130
"3806",-95.3860168457031,40.7487602233887,790,25669,"iowa","fremont",2015,126
"3807",-95.3860168457031,40.7487602233887,790,25669,"iowa","fremont",2016,132
"3808",-95.3860168457031,40.7487602233887,790,25669,"iowa","fremont",2017,118
"3809",-95.3860168457031,40.7487602233887,790,25669,"iowa","fremont",2018,149
"3810",-95.3860168457031,40.7487602233887,790,25669,"iowa","fremont",2019,131
"3811",-95.3860168457031,40.7487602233887,790,25669,"iowa","fremont",2020,132
"3812",-95.3860168457031,40.7487602233887,790,25669,"iowa","fremont",2021,146
"3813",-95.3860168457031,40.7487602233887,790,25669,"iowa","fremont",2022,142
"3814",-95.3860168457031,40.7487602233887,790,25669,"iowa","fremont",2023,141
"3815",-95.3860168457031,40.7487602233887,790,25669,"iowa","fremont",2024,159
"3816",-95.3860168457031,40.7487602233887,790,25669,"iowa","fremont",2025,5
"3817",-95.3745574951172,40.7487602233887,790,25670,"iowa","fremont",2014,130
"3818",-95.3745574951172,40.7487602233887,790,25670,"iowa","fremont",2015,126
"3819",-95.3745574951172,40.7487602233887,790,25670,"iowa","fremont",2016,132
"3820",-95.3745574951172,40.7487602233887,790,25670,"iowa","fremont",2017,118
"3821",-95.3745574951172,40.7487602233887,790,25670,"iowa","fremont",2018,149
"3822",-95.3745574951172,40.7487602233887,790,25670,"iowa","fremont",2019,131
"3823",-95.3745574951172,40.7487602233887,790,25670,"iowa","fremont",2020,132
"3824",-95.3745574951172,40.7487602233887,790,25670,"iowa","fremont",2021,146
"3825",-95.3745574951172,40.7487602233887,790,25670,"iowa","fremont",2022,142
"3826",-95.3745574951172,40.7487602233887,790,25670,"iowa","fremont",2023,141
"3827",-95.3745574951172,40.7487602233887,790,25670,"iowa","fremont",2024,159
"3828",-95.3745574951172,40.7487602233887,790,25670,"iowa","fremont",2025,5
"3829",-95.3745574951172,40.6055183410645,790,25671,"iowa","fremont",2014,130
"3830",-95.3745574951172,40.6055183410645,790,25671,"iowa","fremont",2015,126
"3831",-95.3745574951172,40.6055183410645,790,25671,"iowa","fremont",2016,132
"3832",-95.3745574951172,40.6055183410645,790,25671,"iowa","fremont",2017,118
"3833",-95.3745574951172,40.6055183410645,790,25671,"iowa","fremont",2018,149
"3834",-95.3745574951172,40.6055183410645,790,25671,"iowa","fremont",2019,131
"3835",-95.3745574951172,40.6055183410645,790,25671,"iowa","fremont",2020,132
"3836",-95.3745574951172,40.6055183410645,790,25671,"iowa","fremont",2021,146
"3837",-95.3745574951172,40.6055183410645,790,25671,"iowa","fremont",2022,142
"3838",-95.3745574951172,40.6055183410645,790,25671,"iowa","fremont",2023,141
"3839",-95.3745574951172,40.6055183410645,790,25671,"iowa","fremont",2024,159
"3840",-95.3745574951172,40.6055183410645,790,25671,"iowa","fremont",2025,5
"3841",-95.7527084350586,40.6112480163574,790,25672,"iowa","fremont",2014,130
"3842",-95.7527084350586,40.6112480163574,790,25672,"iowa","fremont",2015,126
"3843",-95.7527084350586,40.6112480163574,790,25672,"iowa","fremont",2016,132
"3844",-95.7527084350586,40.6112480163574,790,25672,"iowa","fremont",2017,118
"3845",-95.7527084350586,40.6112480163574,790,25672,"iowa","fremont",2018,149
"3846",-95.7527084350586,40.6112480163574,790,25672,"iowa","fremont",2019,131
"3847",-95.7527084350586,40.6112480163574,790,25672,"iowa","fremont",2020,132
"3848",-95.7527084350586,40.6112480163574,790,25672,"iowa","fremont",2021,146
"3849",-95.7527084350586,40.6112480163574,790,25672,"iowa","fremont",2022,142
"3850",-95.7527084350586,40.6112480163574,790,25672,"iowa","fremont",2023,141
"3851",-95.7527084350586,40.6112480163574,790,25672,"iowa","fremont",2024,159
"3852",-95.7527084350586,40.6112480163574,790,25672,"iowa","fremont",2025,5
"3853",-95.76416015625,40.6055183410645,790,25673,"iowa","fremont",2014,130
"3854",-95.76416015625,40.6055183410645,790,25673,"iowa","fremont",2015,126
"3855",-95.76416015625,40.6055183410645,790,25673,"iowa","fremont",2016,132
"3856",-95.76416015625,40.6055183410645,790,25673,"iowa","fremont",2017,118
"3857",-95.76416015625,40.6055183410645,790,25673,"iowa","fremont",2018,149
"3858",-95.76416015625,40.6055183410645,790,25673,"iowa","fremont",2019,131
"3859",-95.76416015625,40.6055183410645,790,25673,"iowa","fremont",2020,132
"3860",-95.76416015625,40.6055183410645,790,25673,"iowa","fremont",2021,146
"3861",-95.76416015625,40.6055183410645,790,25673,"iowa","fremont",2022,142
"3862",-95.76416015625,40.6055183410645,790,25673,"iowa","fremont",2023,141
"3863",-95.76416015625,40.6055183410645,790,25673,"iowa","fremont",2024,159
"3864",-95.76416015625,40.6055183410645,790,25673,"iowa","fremont",2025,5
"3865",-95.769889831543,40.6398963928223,790,25674,"iowa","fremont",2014,130
"3866",-95.769889831543,40.6398963928223,790,25674,"iowa","fremont",2015,126
"3867",-95.769889831543,40.6398963928223,790,25674,"iowa","fremont",2016,132
"3868",-95.769889831543,40.6398963928223,790,25674,"iowa","fremont",2017,118
"3869",-95.769889831543,40.6398963928223,790,25674,"iowa","fremont",2018,149
"3870",-95.769889831543,40.6398963928223,790,25674,"iowa","fremont",2019,131
"3871",-95.769889831543,40.6398963928223,790,25674,"iowa","fremont",2020,132
"3872",-95.769889831543,40.6398963928223,790,25674,"iowa","fremont",2021,146
"3873",-95.769889831543,40.6398963928223,790,25674,"iowa","fremont",2022,142
"3874",-95.769889831543,40.6398963928223,790,25674,"iowa","fremont",2023,141
"3875",-95.769889831543,40.6398963928223,790,25674,"iowa","fremont",2024,159
"3876",-95.769889831543,40.6398963928223,790,25674,"iowa","fremont",2025,5
"3877",-95.7928161621094,40.6628150939941,790,25675,"iowa","fremont",2014,130
"3878",-95.7928161621094,40.6628150939941,790,25675,"iowa","fremont",2015,126
"3879",-95.7928161621094,40.6628150939941,790,25675,"iowa","fremont",2016,132
"3880",-95.7928161621094,40.6628150939941,790,25675,"iowa","fremont",2017,118
"3881",-95.7928161621094,40.6628150939941,790,25675,"iowa","fremont",2018,149
"3882",-95.7928161621094,40.6628150939941,790,25675,"iowa","fremont",2019,131
"3883",-95.7928161621094,40.6628150939941,790,25675,"iowa","fremont",2020,132
"3884",-95.7928161621094,40.6628150939941,790,25675,"iowa","fremont",2021,146
"3885",-95.7928161621094,40.6628150939941,790,25675,"iowa","fremont",2022,142
"3886",-95.7928161621094,40.6628150939941,790,25675,"iowa","fremont",2023,141
"3887",-95.7928161621094,40.6628150939941,790,25675,"iowa","fremont",2024,159
"3888",-95.7928161621094,40.6628150939941,790,25675,"iowa","fremont",2025,5
"3889",-95.8329238891602,40.691463470459,790,25676,"iowa","fremont",2014,130
"3890",-95.8329238891602,40.691463470459,790,25676,"iowa","fremont",2015,126
"3891",-95.8329238891602,40.691463470459,790,25676,"iowa","fremont",2016,132
"3892",-95.8329238891602,40.691463470459,790,25676,"iowa","fremont",2017,118
"3893",-95.8329238891602,40.691463470459,790,25676,"iowa","fremont",2018,149
"3894",-95.8329238891602,40.691463470459,790,25676,"iowa","fremont",2019,131
"3895",-95.8329238891602,40.691463470459,790,25676,"iowa","fremont",2020,132
"3896",-95.8329238891602,40.691463470459,790,25676,"iowa","fremont",2021,146
"3897",-95.8329238891602,40.691463470459,790,25676,"iowa","fremont",2022,142
"3898",-95.8329238891602,40.691463470459,790,25676,"iowa","fremont",2023,141
"3899",-95.8329238891602,40.691463470459,790,25676,"iowa","fremont",2024,159
"3900",-95.8329238891602,40.691463470459,790,25676,"iowa","fremont",2025,5
"3901",-95.8615646362305,40.7201080322266,790,25677,"iowa","fremont",2014,130
"3902",-95.8615646362305,40.7201080322266,790,25677,"iowa","fremont",2015,126
"3903",-95.8615646362305,40.7201080322266,790,25677,"iowa","fremont",2016,132
"3904",-95.8615646362305,40.7201080322266,790,25677,"iowa","fremont",2017,118
"3905",-95.8615646362305,40.7201080322266,790,25677,"iowa","fremont",2018,149
"3906",-95.8615646362305,40.7201080322266,790,25677,"iowa","fremont",2019,131
"3907",-95.8615646362305,40.7201080322266,790,25677,"iowa","fremont",2020,132
"3908",-95.8615646362305,40.7201080322266,790,25677,"iowa","fremont",2021,146
"3909",-95.8615646362305,40.7201080322266,790,25677,"iowa","fremont",2022,142
"3910",-95.8615646362305,40.7201080322266,790,25677,"iowa","fremont",2023,141
"3911",-95.8615646362305,40.7201080322266,790,25677,"iowa","fremont",2024,159
"3912",-95.8615646362305,40.7201080322266,790,25677,"iowa","fremont",2025,5
"3913",-95.8730316162109,40.7487602233887,790,25678,"iowa","fremont",2014,130
"3914",-95.8730316162109,40.7487602233887,790,25678,"iowa","fremont",2015,126
"3915",-95.8730316162109,40.7487602233887,790,25678,"iowa","fremont",2016,132
"3916",-95.8730316162109,40.7487602233887,790,25678,"iowa","fremont",2017,118
"3917",-95.8730316162109,40.7487602233887,790,25678,"iowa","fremont",2018,149
"3918",-95.8730316162109,40.7487602233887,790,25678,"iowa","fremont",2019,131
"3919",-95.8730316162109,40.7487602233887,790,25678,"iowa","fremont",2020,132
"3920",-95.8730316162109,40.7487602233887,790,25678,"iowa","fremont",2021,146
"3921",-95.8730316162109,40.7487602233887,790,25678,"iowa","fremont",2022,142
"3922",-95.8730316162109,40.7487602233887,790,25678,"iowa","fremont",2023,141
"3923",-95.8730316162109,40.7487602233887,790,25678,"iowa","fremont",2024,159
"3924",-95.8730316162109,40.7487602233887,790,25678,"iowa","fremont",2025,5
"3925",-95.867301940918,40.7659454345703,790,25679,"iowa","fremont",2014,130
"3926",-95.867301940918,40.7659454345703,790,25679,"iowa","fremont",2015,126
"3927",-95.867301940918,40.7659454345703,790,25679,"iowa","fremont",2016,132
"3928",-95.867301940918,40.7659454345703,790,25679,"iowa","fremont",2017,118
"3929",-95.867301940918,40.7659454345703,790,25679,"iowa","fremont",2018,149
"3930",-95.867301940918,40.7659454345703,790,25679,"iowa","fremont",2019,131
"3931",-95.867301940918,40.7659454345703,790,25679,"iowa","fremont",2020,132
"3932",-95.867301940918,40.7659454345703,790,25679,"iowa","fremont",2021,146
"3933",-95.867301940918,40.7659454345703,790,25679,"iowa","fremont",2022,142
"3934",-95.867301940918,40.7659454345703,790,25679,"iowa","fremont",2023,141
"3935",-95.867301940918,40.7659454345703,790,25679,"iowa","fremont",2024,159
"3936",-95.867301940918,40.7659454345703,790,25679,"iowa","fremont",2025,5
"3937",-95.8443756103516,40.8117828369141,790,25680,"iowa","fremont",2014,130
"3938",-95.8443756103516,40.8117828369141,790,25680,"iowa","fremont",2015,126
"3939",-95.8443756103516,40.8117828369141,790,25680,"iowa","fremont",2016,132
"3940",-95.8443756103516,40.8117828369141,790,25680,"iowa","fremont",2017,118
"3941",-95.8443756103516,40.8117828369141,790,25680,"iowa","fremont",2018,149
"3942",-95.8443756103516,40.8117828369141,790,25680,"iowa","fremont",2019,131
"3943",-95.8443756103516,40.8117828369141,790,25680,"iowa","fremont",2020,132
"3944",-95.8443756103516,40.8117828369141,790,25680,"iowa","fremont",2021,146
"3945",-95.8443756103516,40.8117828369141,790,25680,"iowa","fremont",2022,142
"3946",-95.8443756103516,40.8117828369141,790,25680,"iowa","fremont",2023,141
"3947",-95.8443756103516,40.8117828369141,790,25680,"iowa","fremont",2024,159
"3948",-95.8443756103516,40.8117828369141,790,25680,"iowa","fremont",2025,5
"3949",-95.8558349609375,40.8518905639648,790,25681,"iowa","fremont",2014,130
"3950",-95.8558349609375,40.8518905639648,790,25681,"iowa","fremont",2015,126
"3951",-95.8558349609375,40.8518905639648,790,25681,"iowa","fremont",2016,132
"3952",-95.8558349609375,40.8518905639648,790,25681,"iowa","fremont",2017,118
"3953",-95.8558349609375,40.8518905639648,790,25681,"iowa","fremont",2018,149
"3954",-95.8558349609375,40.8518905639648,790,25681,"iowa","fremont",2019,131
"3955",-95.8558349609375,40.8518905639648,790,25681,"iowa","fremont",2020,132
"3956",-95.8558349609375,40.8518905639648,790,25681,"iowa","fremont",2021,146
"3957",-95.8558349609375,40.8518905639648,790,25681,"iowa","fremont",2022,142
"3958",-95.8558349609375,40.8518905639648,790,25681,"iowa","fremont",2023,141
"3959",-95.8558349609375,40.8518905639648,790,25681,"iowa","fremont",2024,159
"3960",-95.8558349609375,40.8518905639648,790,25681,"iowa","fremont",2025,5
"3961",-95.8271942138672,40.9091873168945,790,25682,"iowa","fremont",2014,130
"3962",-95.8271942138672,40.9091873168945,790,25682,"iowa","fremont",2015,126
"3963",-95.8271942138672,40.9091873168945,790,25682,"iowa","fremont",2016,132
"3964",-95.8271942138672,40.9091873168945,790,25682,"iowa","fremont",2017,118
"3965",-95.8271942138672,40.9091873168945,790,25682,"iowa","fremont",2018,149
"3966",-95.8271942138672,40.9091873168945,790,25682,"iowa","fremont",2019,131
"3967",-95.8271942138672,40.9091873168945,790,25682,"iowa","fremont",2020,132
"3968",-95.8271942138672,40.9091873168945,790,25682,"iowa","fremont",2021,146
"3969",-95.8271942138672,40.9091873168945,790,25682,"iowa","fremont",2022,142
"3970",-95.8271942138672,40.9091873168945,790,25682,"iowa","fremont",2023,141
"3971",-95.8271942138672,40.9091873168945,790,25682,"iowa","fremont",2024,159
"3972",-95.8271942138672,40.9091873168945,790,25682,"iowa","fremont",2025,5
"3973",-94.1656112670898,42.2098007202148,791,25684,"iowa","greene",2014,153
"3974",-94.1656112670898,42.2098007202148,791,25684,"iowa","greene",2015,184
"3975",-94.1656112670898,42.2098007202148,791,25684,"iowa","greene",2016,170
"3976",-94.1656112670898,42.2098007202148,791,25684,"iowa","greene",2017,143
"3977",-94.1656112670898,42.2098007202148,791,25684,"iowa","greene",2018,156
"3978",-94.1656112670898,42.2098007202148,791,25684,"iowa","greene",2019,140
"3979",-94.1656112670898,42.2098007202148,791,25684,"iowa","greene",2020,120
"3980",-94.1656112670898,42.2098007202148,791,25684,"iowa","greene",2021,155
"3981",-94.1656112670898,42.2098007202148,791,25684,"iowa","greene",2022,148
"3982",-94.1656112670898,42.2098007202148,791,25684,"iowa","greene",2023,146
"3983",-94.1656112670898,42.2098007202148,791,25684,"iowa","greene",2024,153
"3984",-94.1656112670898,42.2098007202148,791,25684,"iowa","greene",2025,4
"3985",-94.1713409423828,41.8660278320312,791,25685,"iowa","greene",2014,153
"3986",-94.1713409423828,41.8660278320312,791,25685,"iowa","greene",2015,184
"3987",-94.1713409423828,41.8660278320312,791,25685,"iowa","greene",2016,170
"3988",-94.1713409423828,41.8660278320312,791,25685,"iowa","greene",2017,143
"3989",-94.1713409423828,41.8660278320312,791,25685,"iowa","greene",2018,156
"3990",-94.1713409423828,41.8660278320312,791,25685,"iowa","greene",2019,140
"3991",-94.1713409423828,41.8660278320312,791,25685,"iowa","greene",2020,120
"3992",-94.1713409423828,41.8660278320312,791,25685,"iowa","greene",2021,155
"3993",-94.1713409423828,41.8660278320312,791,25685,"iowa","greene",2022,148
"3994",-94.1713409423828,41.8660278320312,791,25685,"iowa","greene",2023,146
"3995",-94.1713409423828,41.8660278320312,791,25685,"iowa","greene",2024,153
"3996",-94.1713409423828,41.8660278320312,791,25685,"iowa","greene",2025,4
"3997",-94.2916641235352,41.8660278320312,791,25686,"iowa","greene",2014,153
"3998",-94.2916641235352,41.8660278320312,791,25686,"iowa","greene",2015,184
"3999",-94.2916641235352,41.8660278320312,791,25686,"iowa","greene",2016,170
"4000",-94.2916641235352,41.8660278320312,791,25686,"iowa","greene",2017,143
"4001",-94.2916641235352,41.8660278320312,791,25686,"iowa","greene",2018,156
"4002",-94.2916641235352,41.8660278320312,791,25686,"iowa","greene",2019,140
"4003",-94.2916641235352,41.8660278320312,791,25686,"iowa","greene",2020,120
"4004",-94.2916641235352,41.8660278320312,791,25686,"iowa","greene",2021,155
"4005",-94.2916641235352,41.8660278320312,791,25686,"iowa","greene",2022,148
"4006",-94.2916641235352,41.8660278320312,791,25686,"iowa","greene",2023,146
"4007",-94.2916641235352,41.8660278320312,791,25686,"iowa","greene",2024,153
"4008",-94.2916641235352,41.8660278320312,791,25686,"iowa","greene",2025,4
"4009",-94.6354370117188,41.8660278320312,791,25687,"iowa","greene",2014,153
"4010",-94.6354370117188,41.8660278320312,791,25687,"iowa","greene",2015,184
"4011",-94.6354370117188,41.8660278320312,791,25687,"iowa","greene",2016,170
"4012",-94.6354370117188,41.8660278320312,791,25687,"iowa","greene",2017,143
"4013",-94.6354370117188,41.8660278320312,791,25687,"iowa","greene",2018,156
"4014",-94.6354370117188,41.8660278320312,791,25687,"iowa","greene",2019,140
"4015",-94.6354370117188,41.8660278320312,791,25687,"iowa","greene",2020,120
"4016",-94.6354370117188,41.8660278320312,791,25687,"iowa","greene",2021,155
"4017",-94.6354370117188,41.8660278320312,791,25687,"iowa","greene",2022,148
"4018",-94.6354370117188,41.8660278320312,791,25687,"iowa","greene",2023,146
"4019",-94.6354370117188,41.8660278320312,791,25687,"iowa","greene",2024,153
"4020",-94.6354370117188,41.8660278320312,791,25687,"iowa","greene",2025,4
"4021",-94.6297073364258,42.2098007202148,791,25688,"iowa","greene",2014,153
"4022",-94.6297073364258,42.2098007202148,791,25688,"iowa","greene",2015,184
"4023",-94.6297073364258,42.2098007202148,791,25688,"iowa","greene",2016,170
"4024",-94.6297073364258,42.2098007202148,791,25688,"iowa","greene",2017,143
"4025",-94.6297073364258,42.2098007202148,791,25688,"iowa","greene",2018,156
"4026",-94.6297073364258,42.2098007202148,791,25688,"iowa","greene",2019,140
"4027",-94.6297073364258,42.2098007202148,791,25688,"iowa","greene",2020,120
"4028",-94.6297073364258,42.2098007202148,791,25688,"iowa","greene",2021,155
"4029",-94.6297073364258,42.2098007202148,791,25688,"iowa","greene",2022,148
"4030",-94.6297073364258,42.2098007202148,791,25688,"iowa","greene",2023,146
"4031",-94.6297073364258,42.2098007202148,791,25688,"iowa","greene",2024,153
"4032",-94.6297073364258,42.2098007202148,791,25688,"iowa","greene",2025,4
"4033",-94.40625,42.2098007202148,791,25689,"iowa","greene",2014,153
"4034",-94.40625,42.2098007202148,791,25689,"iowa","greene",2015,184
"4035",-94.40625,42.2098007202148,791,25689,"iowa","greene",2016,170
"4036",-94.40625,42.2098007202148,791,25689,"iowa","greene",2017,143
"4037",-94.40625,42.2098007202148,791,25689,"iowa","greene",2018,156
"4038",-94.40625,42.2098007202148,791,25689,"iowa","greene",2019,140
"4039",-94.40625,42.2098007202148,791,25689,"iowa","greene",2020,120
"4040",-94.40625,42.2098007202148,791,25689,"iowa","greene",2021,155
"4041",-94.40625,42.2098007202148,791,25689,"iowa","greene",2022,148
"4042",-94.40625,42.2098007202148,791,25689,"iowa","greene",2023,146
"4043",-94.40625,42.2098007202148,791,25689,"iowa","greene",2024,153
"4044",-94.40625,42.2098007202148,791,25689,"iowa","greene",2025,4
"4045",-94.1656112670898,42.2098007202148,791,25690,"iowa","greene",2014,153
"4046",-94.1656112670898,42.2098007202148,791,25690,"iowa","greene",2015,184
"4047",-94.1656112670898,42.2098007202148,791,25690,"iowa","greene",2016,170
"4048",-94.1656112670898,42.2098007202148,791,25690,"iowa","greene",2017,143
"4049",-94.1656112670898,42.2098007202148,791,25690,"iowa","greene",2018,156
"4050",-94.1656112670898,42.2098007202148,791,25690,"iowa","greene",2019,140
"4051",-94.1656112670898,42.2098007202148,791,25690,"iowa","greene",2020,120
"4052",-94.1656112670898,42.2098007202148,791,25690,"iowa","greene",2021,155
"4053",-94.1656112670898,42.2098007202148,791,25690,"iowa","greene",2022,148
"4054",-94.1656112670898,42.2098007202148,791,25690,"iowa","greene",2023,146
"4055",-94.1656112670898,42.2098007202148,791,25690,"iowa","greene",2024,153
"4056",-94.1656112670898,42.2098007202148,791,25690,"iowa","greene",2025,4
"4057",-92.9967803955078,42.2155303955078,792,25692,"iowa","grundy",2014,205
"4058",-92.9967803955078,42.2155303955078,792,25692,"iowa","grundy",2015,184
"4059",-92.9967803955078,42.2155303955078,792,25692,"iowa","grundy",2016,163
"4060",-92.9967803955078,42.2155303955078,792,25692,"iowa","grundy",2017,199
"4061",-92.9967803955078,42.2155303955078,792,25692,"iowa","grundy",2018,208
"4062",-92.9967803955078,42.2155303955078,792,25692,"iowa","grundy",2019,242
"4063",-92.9967803955078,42.2155303955078,792,25692,"iowa","grundy",2020,170
"4064",-92.9967803955078,42.2155303955078,792,25692,"iowa","grundy",2021,210
"4065",-92.9967803955078,42.2155303955078,792,25692,"iowa","grundy",2022,192
"4066",-92.9967803955078,42.2155303955078,792,25692,"iowa","grundy",2023,213
"4067",-92.9967803955078,42.2155303955078,792,25692,"iowa","grundy",2024,189
"4068",-92.9967803955078,42.2155303955078,792,25692,"iowa","grundy",2025,3
"4069",-92.9967803955078,42.4733619689941,792,25693,"iowa","grundy",2014,205
"4070",-92.9967803955078,42.4733619689941,792,25693,"iowa","grundy",2015,184
"4071",-92.9967803955078,42.4733619689941,792,25693,"iowa","grundy",2016,163
"4072",-92.9967803955078,42.4733619689941,792,25693,"iowa","grundy",2017,199
"4073",-92.9967803955078,42.4733619689941,792,25693,"iowa","grundy",2018,208
"4074",-92.9967803955078,42.4733619689941,792,25693,"iowa","grundy",2019,242
"4075",-92.9967803955078,42.4733619689941,792,25693,"iowa","grundy",2020,170
"4076",-92.9967803955078,42.4733619689941,792,25693,"iowa","grundy",2021,210
"4077",-92.9967803955078,42.4733619689941,792,25693,"iowa","grundy",2022,192
"4078",-92.9967803955078,42.4733619689941,792,25693,"iowa","grundy",2023,213
"4079",-92.9967803955078,42.4733619689941,792,25693,"iowa","grundy",2024,189
"4080",-92.9967803955078,42.4733619689941,792,25693,"iowa","grundy",2025,3
"4081",-93.0196990966797,42.4733619689941,792,25694,"iowa","grundy",2014,205
"4082",-93.0196990966797,42.4733619689941,792,25694,"iowa","grundy",2015,184
"4083",-93.0196990966797,42.4733619689941,792,25694,"iowa","grundy",2016,163
"4084",-93.0196990966797,42.4733619689941,792,25694,"iowa","grundy",2017,199
"4085",-93.0196990966797,42.4733619689941,792,25694,"iowa","grundy",2018,208
"4086",-93.0196990966797,42.4733619689941,792,25694,"iowa","grundy",2019,242
"4087",-93.0196990966797,42.4733619689941,792,25694,"iowa","grundy",2020,170
"4088",-93.0196990966797,42.4733619689941,792,25694,"iowa","grundy",2021,210
"4089",-93.0196990966797,42.4733619689941,792,25694,"iowa","grundy",2022,192
"4090",-93.0196990966797,42.4733619689941,792,25694,"iowa","grundy",2023,213
"4091",-93.0196990966797,42.4733619689941,792,25694,"iowa","grundy",2024,189
"4092",-93.0196990966797,42.4733619689941,792,25694,"iowa","grundy",2025,3
"4093",-93.0254287719727,42.5650367736816,792,25695,"iowa","grundy",2014,205
"4094",-93.0254287719727,42.5650367736816,792,25695,"iowa","grundy",2015,184
"4095",-93.0254287719727,42.5650367736816,792,25695,"iowa","grundy",2016,163
"4096",-93.0254287719727,42.5650367736816,792,25695,"iowa","grundy",2017,199
"4097",-93.0254287719727,42.5650367736816,792,25695,"iowa","grundy",2018,208
"4098",-93.0254287719727,42.5650367736816,792,25695,"iowa","grundy",2019,242
"4099",-93.0254287719727,42.5650367736816,792,25695,"iowa","grundy",2020,170
"4100",-93.0254287719727,42.5650367736816,792,25695,"iowa","grundy",2021,210
"4101",-93.0254287719727,42.5650367736816,792,25695,"iowa","grundy",2022,192
"4102",-93.0254287719727,42.5650367736816,792,25695,"iowa","grundy",2023,213
"4103",-93.0254287719727,42.5650367736816,792,25695,"iowa","grundy",2024,189
"4104",-93.0254287719727,42.5650367736816,792,25695,"iowa","grundy",2025,3
"4105",-92.5498733520508,42.5650367736816,792,25696,"iowa","grundy",2014,205
"4106",-92.5498733520508,42.5650367736816,792,25696,"iowa","grundy",2015,184
"4107",-92.5498733520508,42.5650367736816,792,25696,"iowa","grundy",2016,163
"4108",-92.5498733520508,42.5650367736816,792,25696,"iowa","grundy",2017,199
"4109",-92.5498733520508,42.5650367736816,792,25696,"iowa","grundy",2018,208
"4110",-92.5498733520508,42.5650367736816,792,25696,"iowa","grundy",2019,242
"4111",-92.5498733520508,42.5650367736816,792,25696,"iowa","grundy",2020,170
"4112",-92.5498733520508,42.5650367736816,792,25696,"iowa","grundy",2021,210
"4113",-92.5498733520508,42.5650367736816,792,25696,"iowa","grundy",2022,192
"4114",-92.5498733520508,42.5650367736816,792,25696,"iowa","grundy",2023,213
"4115",-92.5498733520508,42.5650367736816,792,25696,"iowa","grundy",2024,189
"4116",-92.5498733520508,42.5650367736816,792,25696,"iowa","grundy",2025,3
"4117",-92.5498733520508,42.4733619689941,792,25697,"iowa","grundy",2014,205
"4118",-92.5498733520508,42.4733619689941,792,25697,"iowa","grundy",2015,184
"4119",-92.5498733520508,42.4733619689941,792,25697,"iowa","grundy",2016,163
"4120",-92.5498733520508,42.4733619689941,792,25697,"iowa","grundy",2017,199
"4121",-92.5498733520508,42.4733619689941,792,25697,"iowa","grundy",2018,208
"4122",-92.5498733520508,42.4733619689941,792,25697,"iowa","grundy",2019,242
"4123",-92.5498733520508,42.4733619689941,792,25697,"iowa","grundy",2020,170
"4124",-92.5498733520508,42.4733619689941,792,25697,"iowa","grundy",2021,210
"4125",-92.5498733520508,42.4733619689941,792,25697,"iowa","grundy",2022,192
"4126",-92.5498733520508,42.4733619689941,792,25697,"iowa","grundy",2023,213
"4127",-92.5498733520508,42.4733619689941,792,25697,"iowa","grundy",2024,189
"4128",-92.5498733520508,42.4733619689941,792,25697,"iowa","grundy",2025,3
"4129",-92.5269546508789,42.4733619689941,792,25698,"iowa","grundy",2014,205
"4130",-92.5269546508789,42.4733619689941,792,25698,"iowa","grundy",2015,184
"4131",-92.5269546508789,42.4733619689941,792,25698,"iowa","grundy",2016,163
"4132",-92.5269546508789,42.4733619689941,792,25698,"iowa","grundy",2017,199
"4133",-92.5269546508789,42.4733619689941,792,25698,"iowa","grundy",2018,208
"4134",-92.5269546508789,42.4733619689941,792,25698,"iowa","grundy",2019,242
"4135",-92.5269546508789,42.4733619689941,792,25698,"iowa","grundy",2020,170
"4136",-92.5269546508789,42.4733619689941,792,25698,"iowa","grundy",2021,210
"4137",-92.5269546508789,42.4733619689941,792,25698,"iowa","grundy",2022,192
"4138",-92.5269546508789,42.4733619689941,792,25698,"iowa","grundy",2023,213
"4139",-92.5269546508789,42.4733619689941,792,25698,"iowa","grundy",2024,189
"4140",-92.5269546508789,42.4733619689941,792,25698,"iowa","grundy",2025,3
"4141",-92.5269546508789,42.3014755249023,792,25699,"iowa","grundy",2014,205
"4142",-92.5269546508789,42.3014755249023,792,25699,"iowa","grundy",2015,184
"4143",-92.5269546508789,42.3014755249023,792,25699,"iowa","grundy",2016,163
"4144",-92.5269546508789,42.3014755249023,792,25699,"iowa","grundy",2017,199
"4145",-92.5269546508789,42.3014755249023,792,25699,"iowa","grundy",2018,208
"4146",-92.5269546508789,42.3014755249023,792,25699,"iowa","grundy",2019,242
"4147",-92.5269546508789,42.3014755249023,792,25699,"iowa","grundy",2020,170
"4148",-92.5269546508789,42.3014755249023,792,25699,"iowa","grundy",2021,210
"4149",-92.5269546508789,42.3014755249023,792,25699,"iowa","grundy",2022,192
"4150",-92.5269546508789,42.3014755249023,792,25699,"iowa","grundy",2023,213
"4151",-92.5269546508789,42.3014755249023,792,25699,"iowa","grundy",2024,189
"4152",-92.5269546508789,42.3014755249023,792,25699,"iowa","grundy",2025,3
"4153",-92.7618637084961,42.3014755249023,792,25700,"iowa","grundy",2014,205
"4154",-92.7618637084961,42.3014755249023,792,25700,"iowa","grundy",2015,184
"4155",-92.7618637084961,42.3014755249023,792,25700,"iowa","grundy",2016,163
"4156",-92.7618637084961,42.3014755249023,792,25700,"iowa","grundy",2017,199
"4157",-92.7618637084961,42.3014755249023,792,25700,"iowa","grundy",2018,208
"4158",-92.7618637084961,42.3014755249023,792,25700,"iowa","grundy",2019,242
"4159",-92.7618637084961,42.3014755249023,792,25700,"iowa","grundy",2020,170
"4160",-92.7618637084961,42.3014755249023,792,25700,"iowa","grundy",2021,210
"4161",-92.7618637084961,42.3014755249023,792,25700,"iowa","grundy",2022,192
"4162",-92.7618637084961,42.3014755249023,792,25700,"iowa","grundy",2023,213
"4163",-92.7618637084961,42.3014755249023,792,25700,"iowa","grundy",2024,189
"4164",-92.7618637084961,42.3014755249023,792,25700,"iowa","grundy",2025,3
"4165",-92.7618637084961,42.2155303955078,792,25701,"iowa","grundy",2014,205
"4166",-92.7618637084961,42.2155303955078,792,25701,"iowa","grundy",2015,184
"4167",-92.7618637084961,42.2155303955078,792,25701,"iowa","grundy",2016,163
"4168",-92.7618637084961,42.2155303955078,792,25701,"iowa","grundy",2017,199
"4169",-92.7618637084961,42.2155303955078,792,25701,"iowa","grundy",2018,208
"4170",-92.7618637084961,42.2155303955078,792,25701,"iowa","grundy",2019,242
"4171",-92.7618637084961,42.2155303955078,792,25701,"iowa","grundy",2020,170
"4172",-92.7618637084961,42.2155303955078,792,25701,"iowa","grundy",2021,210
"4173",-92.7618637084961,42.2155303955078,792,25701,"iowa","grundy",2022,192
"4174",-92.7618637084961,42.2155303955078,792,25701,"iowa","grundy",2023,213
"4175",-92.7618637084961,42.2155303955078,792,25701,"iowa","grundy",2024,189
"4176",-92.7618637084961,42.2155303955078,792,25701,"iowa","grundy",2025,3
"4177",-92.9967803955078,42.2155303955078,792,25702,"iowa","grundy",2014,205
"4178",-92.9967803955078,42.2155303955078,792,25702,"iowa","grundy",2015,184
"4179",-92.9967803955078,42.2155303955078,792,25702,"iowa","grundy",2016,163
"4180",-92.9967803955078,42.2155303955078,792,25702,"iowa","grundy",2017,199
"4181",-92.9967803955078,42.2155303955078,792,25702,"iowa","grundy",2018,208
"4182",-92.9967803955078,42.2155303955078,792,25702,"iowa","grundy",2019,242
"4183",-92.9967803955078,42.2155303955078,792,25702,"iowa","grundy",2020,170
"4184",-92.9967803955078,42.2155303955078,792,25702,"iowa","grundy",2021,210
"4185",-92.9967803955078,42.2155303955078,792,25702,"iowa","grundy",2022,192
"4186",-92.9967803955078,42.2155303955078,792,25702,"iowa","grundy",2023,213
"4187",-92.9967803955078,42.2155303955078,792,25702,"iowa","grundy",2024,189
"4188",-92.9967803955078,42.2155303955078,792,25702,"iowa","grundy",2025,3
"4189",-94.7099227905273,41.5050621032715,793,25704,"iowa","guthrie",2014,102
"4190",-94.7099227905273,41.5050621032715,793,25704,"iowa","guthrie",2015,120
"4191",-94.7099227905273,41.5050621032715,793,25704,"iowa","guthrie",2016,119
"4192",-94.7099227905273,41.5050621032715,793,25704,"iowa","guthrie",2017,133
"4193",-94.7099227905273,41.5050621032715,793,25704,"iowa","guthrie",2018,130
"4194",-94.7099227905273,41.5050621032715,793,25704,"iowa","guthrie",2019,127
"4195",-94.7099227905273,41.5050621032715,793,25704,"iowa","guthrie",2020,135
"4196",-94.7099227905273,41.5050621032715,793,25704,"iowa","guthrie",2021,132
"4197",-94.7099227905273,41.5050621032715,793,25704,"iowa","guthrie",2022,107
"4198",-94.7099227905273,41.5050621032715,793,25704,"iowa","guthrie",2023,129
"4199",-94.7099227905273,41.5050621032715,793,25704,"iowa","guthrie",2024,128
"4200",-94.7099227905273,41.5050621032715,793,25704,"iowa","guthrie",2025,7
"4201",-94.7099227905273,41.6081924438477,793,25705,"iowa","guthrie",2014,102
"4202",-94.7099227905273,41.6081924438477,793,25705,"iowa","guthrie",2015,120
"4203",-94.7099227905273,41.6081924438477,793,25705,"iowa","guthrie",2016,119
"4204",-94.7099227905273,41.6081924438477,793,25705,"iowa","guthrie",2017,133
"4205",-94.7099227905273,41.6081924438477,793,25705,"iowa","guthrie",2018,130
"4206",-94.7099227905273,41.6081924438477,793,25705,"iowa","guthrie",2019,127
"4207",-94.7099227905273,41.6081924438477,793,25705,"iowa","guthrie",2020,135
"4208",-94.7099227905273,41.6081924438477,793,25705,"iowa","guthrie",2021,132
"4209",-94.7099227905273,41.6081924438477,793,25705,"iowa","guthrie",2022,107
"4210",-94.7099227905273,41.6081924438477,793,25705,"iowa","guthrie",2023,129
"4211",-94.7099227905273,41.6081924438477,793,25705,"iowa","guthrie",2024,128
"4212",-94.7099227905273,41.6081924438477,793,25705,"iowa","guthrie",2025,7
"4213",-94.7557601928711,41.6081924438477,793,25706,"iowa","guthrie",2014,102
"4214",-94.7557601928711,41.6081924438477,793,25706,"iowa","guthrie",2015,120
"4215",-94.7557601928711,41.6081924438477,793,25706,"iowa","guthrie",2016,119
"4216",-94.7557601928711,41.6081924438477,793,25706,"iowa","guthrie",2017,133
"4217",-94.7557601928711,41.6081924438477,793,25706,"iowa","guthrie",2018,130
"4218",-94.7557601928711,41.6081924438477,793,25706,"iowa","guthrie",2019,127
"4219",-94.7557601928711,41.6081924438477,793,25706,"iowa","guthrie",2020,135
"4220",-94.7557601928711,41.6081924438477,793,25706,"iowa","guthrie",2021,132
"4221",-94.7557601928711,41.6081924438477,793,25706,"iowa","guthrie",2022,107
"4222",-94.7557601928711,41.6081924438477,793,25706,"iowa","guthrie",2023,129
"4223",-94.7557601928711,41.6081924438477,793,25706,"iowa","guthrie",2024,128
"4224",-94.7557601928711,41.6081924438477,793,25706,"iowa","guthrie",2025,7
"4225",-94.7557601928711,41.8660278320312,793,25707,"iowa","guthrie",2014,102
"4226",-94.7557601928711,41.8660278320312,793,25707,"iowa","guthrie",2015,120
"4227",-94.7557601928711,41.8660278320312,793,25707,"iowa","guthrie",2016,119
"4228",-94.7557601928711,41.8660278320312,793,25707,"iowa","guthrie",2017,133
"4229",-94.7557601928711,41.8660278320312,793,25707,"iowa","guthrie",2018,130
"4230",-94.7557601928711,41.8660278320312,793,25707,"iowa","guthrie",2019,127
"4231",-94.7557601928711,41.8660278320312,793,25707,"iowa","guthrie",2020,135
"4232",-94.7557601928711,41.8660278320312,793,25707,"iowa","guthrie",2021,132
"4233",-94.7557601928711,41.8660278320312,793,25707,"iowa","guthrie",2022,107
"4234",-94.7557601928711,41.8660278320312,793,25707,"iowa","guthrie",2023,129
"4235",-94.7557601928711,41.8660278320312,793,25707,"iowa","guthrie",2024,128
"4236",-94.7557601928711,41.8660278320312,793,25707,"iowa","guthrie",2025,7
"4237",-94.6354370117188,41.8660278320312,793,25708,"iowa","guthrie",2014,102
"4238",-94.6354370117188,41.8660278320312,793,25708,"iowa","guthrie",2015,120
"4239",-94.6354370117188,41.8660278320312,793,25708,"iowa","guthrie",2016,119
"4240",-94.6354370117188,41.8660278320312,793,25708,"iowa","guthrie",2017,133
"4241",-94.6354370117188,41.8660278320312,793,25708,"iowa","guthrie",2018,130
"4242",-94.6354370117188,41.8660278320312,793,25708,"iowa","guthrie",2019,127
"4243",-94.6354370117188,41.8660278320312,793,25708,"iowa","guthrie",2020,135
"4244",-94.6354370117188,41.8660278320312,793,25708,"iowa","guthrie",2021,132
"4245",-94.6354370117188,41.8660278320312,793,25708,"iowa","guthrie",2022,107
"4246",-94.6354370117188,41.8660278320312,793,25708,"iowa","guthrie",2023,129
"4247",-94.6354370117188,41.8660278320312,793,25708,"iowa","guthrie",2024,128
"4248",-94.6354370117188,41.8660278320312,793,25708,"iowa","guthrie",2025,7
"4249",-94.2916641235352,41.8660278320312,793,25709,"iowa","guthrie",2014,102
"4250",-94.2916641235352,41.8660278320312,793,25709,"iowa","guthrie",2015,120
"4251",-94.2916641235352,41.8660278320312,793,25709,"iowa","guthrie",2016,119
"4252",-94.2916641235352,41.8660278320312,793,25709,"iowa","guthrie",2017,133
"4253",-94.2916641235352,41.8660278320312,793,25709,"iowa","guthrie",2018,130
"4254",-94.2916641235352,41.8660278320312,793,25709,"iowa","guthrie",2019,127
"4255",-94.2916641235352,41.8660278320312,793,25709,"iowa","guthrie",2020,135
"4256",-94.2916641235352,41.8660278320312,793,25709,"iowa","guthrie",2021,132
"4257",-94.2916641235352,41.8660278320312,793,25709,"iowa","guthrie",2022,107
"4258",-94.2916641235352,41.8660278320312,793,25709,"iowa","guthrie",2023,129
"4259",-94.2916641235352,41.8660278320312,793,25709,"iowa","guthrie",2024,128
"4260",-94.2916641235352,41.8660278320312,793,25709,"iowa","guthrie",2025,7
"4261",-94.2859344482422,41.602466583252,793,25710,"iowa","guthrie",2014,102
"4262",-94.2859344482422,41.602466583252,793,25710,"iowa","guthrie",2015,120
"4263",-94.2859344482422,41.602466583252,793,25710,"iowa","guthrie",2016,119
"4264",-94.2859344482422,41.602466583252,793,25710,"iowa","guthrie",2017,133
"4265",-94.2859344482422,41.602466583252,793,25710,"iowa","guthrie",2018,130
"4266",-94.2859344482422,41.602466583252,793,25710,"iowa","guthrie",2019,127
"4267",-94.2859344482422,41.602466583252,793,25710,"iowa","guthrie",2020,135
"4268",-94.2859344482422,41.602466583252,793,25710,"iowa","guthrie",2021,132
"4269",-94.2859344482422,41.602466583252,793,25710,"iowa","guthrie",2022,107
"4270",-94.2859344482422,41.602466583252,793,25710,"iowa","guthrie",2023,129
"4271",-94.2859344482422,41.602466583252,793,25710,"iowa","guthrie",2024,128
"4272",-94.2859344482422,41.602466583252,793,25710,"iowa","guthrie",2025,7
"4273",-94.2458267211914,41.602466583252,793,25711,"iowa","guthrie",2014,102
"4274",-94.2458267211914,41.602466583252,793,25711,"iowa","guthrie",2015,120
"4275",-94.2458267211914,41.602466583252,793,25711,"iowa","guthrie",2016,119
"4276",-94.2458267211914,41.602466583252,793,25711,"iowa","guthrie",2017,133
"4277",-94.2458267211914,41.602466583252,793,25711,"iowa","guthrie",2018,130
"4278",-94.2458267211914,41.602466583252,793,25711,"iowa","guthrie",2019,127
"4279",-94.2458267211914,41.602466583252,793,25711,"iowa","guthrie",2020,135
"4280",-94.2458267211914,41.602466583252,793,25711,"iowa","guthrie",2021,132
"4281",-94.2458267211914,41.602466583252,793,25711,"iowa","guthrie",2022,107
"4282",-94.2458267211914,41.602466583252,793,25711,"iowa","guthrie",2023,129
"4283",-94.2458267211914,41.602466583252,793,25711,"iowa","guthrie",2024,128
"4284",-94.2458267211914,41.602466583252,793,25711,"iowa","guthrie",2025,7
"4285",-94.2458267211914,41.5050621032715,793,25712,"iowa","guthrie",2014,102
"4286",-94.2458267211914,41.5050621032715,793,25712,"iowa","guthrie",2015,120
"4287",-94.2458267211914,41.5050621032715,793,25712,"iowa","guthrie",2016,119
"4288",-94.2458267211914,41.5050621032715,793,25712,"iowa","guthrie",2017,133
"4289",-94.2458267211914,41.5050621032715,793,25712,"iowa","guthrie",2018,130
"4290",-94.2458267211914,41.5050621032715,793,25712,"iowa","guthrie",2019,127
"4291",-94.2458267211914,41.5050621032715,793,25712,"iowa","guthrie",2020,135
"4292",-94.2458267211914,41.5050621032715,793,25712,"iowa","guthrie",2021,132
"4293",-94.2458267211914,41.5050621032715,793,25712,"iowa","guthrie",2022,107
"4294",-94.2458267211914,41.5050621032715,793,25712,"iowa","guthrie",2023,129
"4295",-94.2458267211914,41.5050621032715,793,25712,"iowa","guthrie",2024,128
"4296",-94.2458267211914,41.5050621032715,793,25712,"iowa","guthrie",2025,7
"4297",-94.7099227905273,41.5050621032715,793,25713,"iowa","guthrie",2014,102
"4298",-94.7099227905273,41.5050621032715,793,25713,"iowa","guthrie",2015,120
"4299",-94.7099227905273,41.5050621032715,793,25713,"iowa","guthrie",2016,119
"4300",-94.7099227905273,41.5050621032715,793,25713,"iowa","guthrie",2017,133
"4301",-94.7099227905273,41.5050621032715,793,25713,"iowa","guthrie",2018,130
"4302",-94.7099227905273,41.5050621032715,793,25713,"iowa","guthrie",2019,127
"4303",-94.7099227905273,41.5050621032715,793,25713,"iowa","guthrie",2020,135
"4304",-94.7099227905273,41.5050621032715,793,25713,"iowa","guthrie",2021,132
"4305",-94.7099227905273,41.5050621032715,793,25713,"iowa","guthrie",2022,107
"4306",-94.7099227905273,41.5050621032715,793,25713,"iowa","guthrie",2023,129
"4307",-94.7099227905273,41.5050621032715,793,25713,"iowa","guthrie",2024,128
"4308",-94.7099227905273,41.5050621032715,793,25713,"iowa","guthrie",2025,7
"4309",-93.9650802612305,42.5593032836914,794,25715,"iowa","hamilton",2014,366
"4310",-93.9650802612305,42.5593032836914,794,25715,"iowa","hamilton",2015,351
"4311",-93.9650802612305,42.5593032836914,794,25715,"iowa","hamilton",2016,354
"4312",-93.9650802612305,42.5593032836914,794,25715,"iowa","hamilton",2017,360
"4313",-93.9650802612305,42.5593032836914,794,25715,"iowa","hamilton",2018,389
"4314",-93.9650802612305,42.5593032836914,794,25715,"iowa","hamilton",2019,401
"4315",-93.9650802612305,42.5593032836914,794,25715,"iowa","hamilton",2020,305
"4316",-93.9650802612305,42.5593032836914,794,25715,"iowa","hamilton",2021,408
"4317",-93.9650802612305,42.5593032836914,794,25715,"iowa","hamilton",2022,472
"4318",-93.9650802612305,42.5593032836914,794,25715,"iowa","hamilton",2023,341
"4319",-93.9650802612305,42.5593032836914,794,25715,"iowa","hamilton",2024,356
"4320",-93.9650802612305,42.5593032836914,794,25715,"iowa","hamilton",2025,18
"4321",-93.4952545166016,42.5593032836914,794,25716,"iowa","hamilton",2014,366
"4322",-93.4952545166016,42.5593032836914,794,25716,"iowa","hamilton",2015,351
"4323",-93.4952545166016,42.5593032836914,794,25716,"iowa","hamilton",2016,354
"4324",-93.4952545166016,42.5593032836914,794,25716,"iowa","hamilton",2017,360
"4325",-93.4952545166016,42.5593032836914,794,25716,"iowa","hamilton",2018,389
"4326",-93.4952545166016,42.5593032836914,794,25716,"iowa","hamilton",2019,401
"4327",-93.4952545166016,42.5593032836914,794,25716,"iowa","hamilton",2020,305
"4328",-93.4952545166016,42.5593032836914,794,25716,"iowa","hamilton",2021,408
"4329",-93.4952545166016,42.5593032836914,794,25716,"iowa","hamilton",2022,472
"4330",-93.4952545166016,42.5593032836914,794,25716,"iowa","hamilton",2023,341
"4331",-93.4952545166016,42.5593032836914,794,25716,"iowa","hamilton",2024,356
"4332",-93.4952545166016,42.5593032836914,794,25716,"iowa","hamilton",2025,18
"4333",-93.4952545166016,42.4561729431152,794,25717,"iowa","hamilton",2014,366
"4334",-93.4952545166016,42.4561729431152,794,25717,"iowa","hamilton",2015,351
"4335",-93.4952545166016,42.4561729431152,794,25717,"iowa","hamilton",2016,354
"4336",-93.4952545166016,42.4561729431152,794,25717,"iowa","hamilton",2017,360
"4337",-93.4952545166016,42.4561729431152,794,25717,"iowa","hamilton",2018,389
"4338",-93.4952545166016,42.4561729431152,794,25717,"iowa","hamilton",2019,401
"4339",-93.4952545166016,42.4561729431152,794,25717,"iowa","hamilton",2020,305
"4340",-93.4952545166016,42.4561729431152,794,25717,"iowa","hamilton",2021,408
"4341",-93.4952545166016,42.4561729431152,794,25717,"iowa","hamilton",2022,472
"4342",-93.4952545166016,42.4561729431152,794,25717,"iowa","hamilton",2023,341
"4343",-93.4952545166016,42.4561729431152,794,25717,"iowa","hamilton",2024,356
"4344",-93.4952545166016,42.4561729431152,794,25717,"iowa","hamilton",2025,18
"4345",-93.4666061401367,42.4504432678223,794,25718,"iowa","hamilton",2014,366
"4346",-93.4666061401367,42.4504432678223,794,25718,"iowa","hamilton",2015,351
"4347",-93.4666061401367,42.4504432678223,794,25718,"iowa","hamilton",2016,354
"4348",-93.4666061401367,42.4504432678223,794,25718,"iowa","hamilton",2017,360
"4349",-93.4666061401367,42.4504432678223,794,25718,"iowa","hamilton",2018,389
"4350",-93.4666061401367,42.4504432678223,794,25718,"iowa","hamilton",2019,401
"4351",-93.4666061401367,42.4504432678223,794,25718,"iowa","hamilton",2020,305
"4352",-93.4666061401367,42.4504432678223,794,25718,"iowa","hamilton",2021,408
"4353",-93.4666061401367,42.4504432678223,794,25718,"iowa","hamilton",2022,472
"4354",-93.4666061401367,42.4504432678223,794,25718,"iowa","hamilton",2023,341
"4355",-93.4666061401367,42.4504432678223,794,25718,"iowa","hamilton",2024,356
"4356",-93.4666061401367,42.4504432678223,794,25718,"iowa","hamilton",2025,18
"4357",-93.4666061401367,42.2098007202148,794,25719,"iowa","hamilton",2014,366
"4358",-93.4666061401367,42.2098007202148,794,25719,"iowa","hamilton",2015,351
"4359",-93.4666061401367,42.2098007202148,794,25719,"iowa","hamilton",2016,354
"4360",-93.4666061401367,42.2098007202148,794,25719,"iowa","hamilton",2017,360
"4361",-93.4666061401367,42.2098007202148,794,25719,"iowa","hamilton",2018,389
"4362",-93.4666061401367,42.2098007202148,794,25719,"iowa","hamilton",2019,401
"4363",-93.4666061401367,42.2098007202148,794,25719,"iowa","hamilton",2020,305
"4364",-93.4666061401367,42.2098007202148,794,25719,"iowa","hamilton",2021,408
"4365",-93.4666061401367,42.2098007202148,794,25719,"iowa","hamilton",2022,472
"4366",-93.4666061401367,42.2098007202148,794,25719,"iowa","hamilton",2023,341
"4367",-93.4666061401367,42.2098007202148,794,25719,"iowa","hamilton",2024,356
"4368",-93.4666061401367,42.2098007202148,794,25719,"iowa","hamilton",2025,18
"4369",-93.7015228271484,42.2098007202148,794,25720,"iowa","hamilton",2014,366
"4370",-93.7015228271484,42.2098007202148,794,25720,"iowa","hamilton",2015,351
"4371",-93.7015228271484,42.2098007202148,794,25720,"iowa","hamilton",2016,354
"4372",-93.7015228271484,42.2098007202148,794,25720,"iowa","hamilton",2017,360
"4373",-93.7015228271484,42.2098007202148,794,25720,"iowa","hamilton",2018,389
"4374",-93.7015228271484,42.2098007202148,794,25720,"iowa","hamilton",2019,401
"4375",-93.7015228271484,42.2098007202148,794,25720,"iowa","hamilton",2020,305
"4376",-93.7015228271484,42.2098007202148,794,25720,"iowa","hamilton",2021,408
"4377",-93.7015228271484,42.2098007202148,794,25720,"iowa","hamilton",2022,472
"4378",-93.7015228271484,42.2098007202148,794,25720,"iowa","hamilton",2023,341
"4379",-93.7015228271484,42.2098007202148,794,25720,"iowa","hamilton",2024,356
"4380",-93.7015228271484,42.2098007202148,794,25720,"iowa","hamilton",2025,18
"4381",-93.9307022094727,42.2098007202148,794,25721,"iowa","hamilton",2014,366
"4382",-93.9307022094727,42.2098007202148,794,25721,"iowa","hamilton",2015,351
"4383",-93.9307022094727,42.2098007202148,794,25721,"iowa","hamilton",2016,354
"4384",-93.9307022094727,42.2098007202148,794,25721,"iowa","hamilton",2017,360
"4385",-93.9307022094727,42.2098007202148,794,25721,"iowa","hamilton",2018,389
"4386",-93.9307022094727,42.2098007202148,794,25721,"iowa","hamilton",2019,401
"4387",-93.9307022094727,42.2098007202148,794,25721,"iowa","hamilton",2020,305
"4388",-93.9307022094727,42.2098007202148,794,25721,"iowa","hamilton",2021,408
"4389",-93.9307022094727,42.2098007202148,794,25721,"iowa","hamilton",2022,472
"4390",-93.9307022094727,42.2098007202148,794,25721,"iowa","hamilton",2023,341
"4391",-93.9307022094727,42.2098007202148,794,25721,"iowa","hamilton",2024,356
"4392",-93.9307022094727,42.2098007202148,794,25721,"iowa","hamilton",2025,18
"4393",-93.9307022094727,42.4676284790039,794,25722,"iowa","hamilton",2014,366
"4394",-93.9307022094727,42.4676284790039,794,25722,"iowa","hamilton",2015,351
"4395",-93.9307022094727,42.4676284790039,794,25722,"iowa","hamilton",2016,354
"4396",-93.9307022094727,42.4676284790039,794,25722,"iowa","hamilton",2017,360
"4397",-93.9307022094727,42.4676284790039,794,25722,"iowa","hamilton",2018,389
"4398",-93.9307022094727,42.4676284790039,794,25722,"iowa","hamilton",2019,401
"4399",-93.9307022094727,42.4676284790039,794,25722,"iowa","hamilton",2020,305
"4400",-93.9307022094727,42.4676284790039,794,25722,"iowa","hamilton",2021,408
"4401",-93.9307022094727,42.4676284790039,794,25722,"iowa","hamilton",2022,472
"4402",-93.9307022094727,42.4676284790039,794,25722,"iowa","hamilton",2023,341
"4403",-93.9307022094727,42.4676284790039,794,25722,"iowa","hamilton",2024,356
"4404",-93.9307022094727,42.4676284790039,794,25722,"iowa","hamilton",2025,18
"4405",-93.9650802612305,42.4676284790039,794,25723,"iowa","hamilton",2014,366
"4406",-93.9650802612305,42.4676284790039,794,25723,"iowa","hamilton",2015,351
"4407",-93.9650802612305,42.4676284790039,794,25723,"iowa","hamilton",2016,354
"4408",-93.9650802612305,42.4676284790039,794,25723,"iowa","hamilton",2017,360
"4409",-93.9650802612305,42.4676284790039,794,25723,"iowa","hamilton",2018,389
"4410",-93.9650802612305,42.4676284790039,794,25723,"iowa","hamilton",2019,401
"4411",-93.9650802612305,42.4676284790039,794,25723,"iowa","hamilton",2020,305
"4412",-93.9650802612305,42.4676284790039,794,25723,"iowa","hamilton",2021,408
"4413",-93.9650802612305,42.4676284790039,794,25723,"iowa","hamilton",2022,472
"4414",-93.9650802612305,42.4676284790039,794,25723,"iowa","hamilton",2023,341
"4415",-93.9650802612305,42.4676284790039,794,25723,"iowa","hamilton",2024,356
"4416",-93.9650802612305,42.4676284790039,794,25723,"iowa","hamilton",2025,18
"4417",-93.9650802612305,42.5593032836914,794,25724,"iowa","hamilton",2014,366
"4418",-93.9650802612305,42.5593032836914,794,25724,"iowa","hamilton",2015,351
"4419",-93.9650802612305,42.5593032836914,794,25724,"iowa","hamilton",2016,354
"4420",-93.9650802612305,42.5593032836914,794,25724,"iowa","hamilton",2017,360
"4421",-93.9650802612305,42.5593032836914,794,25724,"iowa","hamilton",2018,389
"4422",-93.9650802612305,42.5593032836914,794,25724,"iowa","hamilton",2019,401
"4423",-93.9650802612305,42.5593032836914,794,25724,"iowa","hamilton",2020,305
"4424",-93.9650802612305,42.5593032836914,794,25724,"iowa","hamilton",2021,408
"4425",-93.9650802612305,42.5593032836914,794,25724,"iowa","hamilton",2022,472
"4426",-93.9650802612305,42.5593032836914,794,25724,"iowa","hamilton",2023,341
"4427",-93.9650802612305,42.5593032836914,794,25724,"iowa","hamilton",2024,356
"4428",-93.9650802612305,42.5593032836914,794,25724,"iowa","hamilton",2025,18
"4429",-93.5009765625,43.2640419006348,795,25726,"iowa","hancock",2014,101
"4430",-93.5009765625,43.2640419006348,795,25726,"iowa","hancock",2015,115
"4431",-93.5009765625,43.2640419006348,795,25726,"iowa","hancock",2016,94
"4432",-93.5009765625,43.2640419006348,795,25726,"iowa","hancock",2017,123
"4433",-93.5009765625,43.2640419006348,795,25726,"iowa","hancock",2018,93
"4434",-93.5009765625,43.2640419006348,795,25726,"iowa","hancock",2019,103
"4435",-93.5009765625,43.2640419006348,795,25726,"iowa","hancock",2020,107
"4436",-93.5009765625,43.2640419006348,795,25726,"iowa","hancock",2021,98
"4437",-93.5009765625,43.2640419006348,795,25726,"iowa","hancock",2022,112
"4438",-93.5009765625,43.2640419006348,795,25726,"iowa","hancock",2023,120
"4439",-93.5009765625,43.2640419006348,795,25726,"iowa","hancock",2024,114
"4440",-93.5009765625,43.2640419006348,795,25726,"iowa","hancock",2025,5
"4441",-93.4952545166016,42.9145393371582,795,25727,"iowa","hancock",2014,101
"4442",-93.4952545166016,42.9145393371582,795,25727,"iowa","hancock",2015,115
"4443",-93.4952545166016,42.9145393371582,795,25727,"iowa","hancock",2016,94
"4444",-93.4952545166016,42.9145393371582,795,25727,"iowa","hancock",2017,123
"4445",-93.4952545166016,42.9145393371582,795,25727,"iowa","hancock",2018,93
"4446",-93.4952545166016,42.9145393371582,795,25727,"iowa","hancock",2019,103
"4447",-93.4952545166016,42.9145393371582,795,25727,"iowa","hancock",2020,107
"4448",-93.4952545166016,42.9145393371582,795,25727,"iowa","hancock",2021,98
"4449",-93.4952545166016,42.9145393371582,795,25727,"iowa","hancock",2022,112
"4450",-93.4952545166016,42.9145393371582,795,25727,"iowa","hancock",2023,120
"4451",-93.4952545166016,42.9145393371582,795,25727,"iowa","hancock",2024,114
"4452",-93.4952545166016,42.9145393371582,795,25727,"iowa","hancock",2025,5
"4453",-93.9708099365234,42.9145393371582,795,25728,"iowa","hancock",2014,101
"4454",-93.9708099365234,42.9145393371582,795,25728,"iowa","hancock",2015,115
"4455",-93.9708099365234,42.9145393371582,795,25728,"iowa","hancock",2016,94
"4456",-93.9708099365234,42.9145393371582,795,25728,"iowa","hancock",2017,123
"4457",-93.9708099365234,42.9145393371582,795,25728,"iowa","hancock",2018,93
"4458",-93.9708099365234,42.9145393371582,795,25728,"iowa","hancock",2019,103
"4459",-93.9708099365234,42.9145393371582,795,25728,"iowa","hancock",2020,107
"4460",-93.9708099365234,42.9145393371582,795,25728,"iowa","hancock",2021,98
"4461",-93.9708099365234,42.9145393371582,795,25728,"iowa","hancock",2022,112
"4462",-93.9708099365234,42.9145393371582,795,25728,"iowa","hancock",2023,120
"4463",-93.9708099365234,42.9145393371582,795,25728,"iowa","hancock",2024,114
"4464",-93.9708099365234,42.9145393371582,795,25728,"iowa","hancock",2025,5
"4465",-93.9708099365234,43.2583122253418,795,25729,"iowa","hancock",2014,101
"4466",-93.9708099365234,43.2583122253418,795,25729,"iowa","hancock",2015,115
"4467",-93.9708099365234,43.2583122253418,795,25729,"iowa","hancock",2016,94
"4468",-93.9708099365234,43.2583122253418,795,25729,"iowa","hancock",2017,123
"4469",-93.9708099365234,43.2583122253418,795,25729,"iowa","hancock",2018,93
"4470",-93.9708099365234,43.2583122253418,795,25729,"iowa","hancock",2019,103
"4471",-93.9708099365234,43.2583122253418,795,25729,"iowa","hancock",2020,107
"4472",-93.9708099365234,43.2583122253418,795,25729,"iowa","hancock",2021,98
"4473",-93.9708099365234,43.2583122253418,795,25729,"iowa","hancock",2022,112
"4474",-93.9708099365234,43.2583122253418,795,25729,"iowa","hancock",2023,120
"4475",-93.9708099365234,43.2583122253418,795,25729,"iowa","hancock",2024,114
"4476",-93.9708099365234,43.2583122253418,795,25729,"iowa","hancock",2025,5
"4477",-93.5009765625,43.2640419006348,795,25730,"iowa","hancock",2014,101
"4478",-93.5009765625,43.2640419006348,795,25730,"iowa","hancock",2015,115
"4479",-93.5009765625,43.2640419006348,795,25730,"iowa","hancock",2016,94
"4480",-93.5009765625,43.2640419006348,795,25730,"iowa","hancock",2017,123
"4481",-93.5009765625,43.2640419006348,795,25730,"iowa","hancock",2018,93
"4482",-93.5009765625,43.2640419006348,795,25730,"iowa","hancock",2019,103
"4483",-93.5009765625,43.2640419006348,795,25730,"iowa","hancock",2020,107
"4484",-93.5009765625,43.2640419006348,795,25730,"iowa","hancock",2021,98
"4485",-93.5009765625,43.2640419006348,795,25730,"iowa","hancock",2022,112
"4486",-93.5009765625,43.2640419006348,795,25730,"iowa","hancock",2023,120
"4487",-93.5009765625,43.2640419006348,795,25730,"iowa","hancock",2024,114
"4488",-93.5009765625,43.2640419006348,795,25730,"iowa","hancock",2025,5
"4489",-92.9967803955078,42.2155303955078,796,25732,"iowa","hardin",2014,262
"4490",-92.9967803955078,42.2155303955078,796,25732,"iowa","hardin",2015,289
"4491",-92.9967803955078,42.2155303955078,796,25732,"iowa","hardin",2016,277
"4492",-92.9967803955078,42.2155303955078,796,25732,"iowa","hardin",2017,304
"4493",-92.9967803955078,42.2155303955078,796,25732,"iowa","hardin",2018,293
"4494",-92.9967803955078,42.2155303955078,796,25732,"iowa","hardin",2019,310
"4495",-92.9967803955078,42.2155303955078,796,25732,"iowa","hardin",2020,261
"4496",-92.9967803955078,42.2155303955078,796,25732,"iowa","hardin",2021,282
"4497",-92.9967803955078,42.2155303955078,796,25732,"iowa","hardin",2022,285
"4498",-92.9967803955078,42.2155303955078,796,25732,"iowa","hardin",2023,259
"4499",-92.9967803955078,42.2155303955078,796,25732,"iowa","hardin",2024,297
"4500",-92.9967803955078,42.2155303955078,796,25732,"iowa","hardin",2025,13
"4501",-93.231689453125,42.2098007202148,796,25733,"iowa","hardin",2014,262
"4502",-93.231689453125,42.2098007202148,796,25733,"iowa","hardin",2015,289
"4503",-93.231689453125,42.2098007202148,796,25733,"iowa","hardin",2016,277
"4504",-93.231689453125,42.2098007202148,796,25733,"iowa","hardin",2017,304
"4505",-93.231689453125,42.2098007202148,796,25733,"iowa","hardin",2018,293
"4506",-93.231689453125,42.2098007202148,796,25733,"iowa","hardin",2019,310
"4507",-93.231689453125,42.2098007202148,796,25733,"iowa","hardin",2020,261
"4508",-93.231689453125,42.2098007202148,796,25733,"iowa","hardin",2021,282
"4509",-93.231689453125,42.2098007202148,796,25733,"iowa","hardin",2022,285
"4510",-93.231689453125,42.2098007202148,796,25733,"iowa","hardin",2023,259
"4511",-93.231689453125,42.2098007202148,796,25733,"iowa","hardin",2024,297
"4512",-93.231689453125,42.2098007202148,796,25733,"iowa","hardin",2025,13
"4513",-93.4666061401367,42.2098007202148,796,25734,"iowa","hardin",2014,262
"4514",-93.4666061401367,42.2098007202148,796,25734,"iowa","hardin",2015,289
"4515",-93.4666061401367,42.2098007202148,796,25734,"iowa","hardin",2016,277
"4516",-93.4666061401367,42.2098007202148,796,25734,"iowa","hardin",2017,304
"4517",-93.4666061401367,42.2098007202148,796,25734,"iowa","hardin",2018,293
"4518",-93.4666061401367,42.2098007202148,796,25734,"iowa","hardin",2019,310
"4519",-93.4666061401367,42.2098007202148,796,25734,"iowa","hardin",2020,261
"4520",-93.4666061401367,42.2098007202148,796,25734,"iowa","hardin",2021,282
"4521",-93.4666061401367,42.2098007202148,796,25734,"iowa","hardin",2022,285
"4522",-93.4666061401367,42.2098007202148,796,25734,"iowa","hardin",2023,259
"4523",-93.4666061401367,42.2098007202148,796,25734,"iowa","hardin",2024,297
"4524",-93.4666061401367,42.2098007202148,796,25734,"iowa","hardin",2025,13
"4525",-93.4666061401367,42.4504432678223,796,25735,"iowa","hardin",2014,262
"4526",-93.4666061401367,42.4504432678223,796,25735,"iowa","hardin",2015,289
"4527",-93.4666061401367,42.4504432678223,796,25735,"iowa","hardin",2016,277
"4528",-93.4666061401367,42.4504432678223,796,25735,"iowa","hardin",2017,304
"4529",-93.4666061401367,42.4504432678223,796,25735,"iowa","hardin",2018,293
"4530",-93.4666061401367,42.4504432678223,796,25735,"iowa","hardin",2019,310
"4531",-93.4666061401367,42.4504432678223,796,25735,"iowa","hardin",2020,261
"4532",-93.4666061401367,42.4504432678223,796,25735,"iowa","hardin",2021,282
"4533",-93.4666061401367,42.4504432678223,796,25735,"iowa","hardin",2022,285
"4534",-93.4666061401367,42.4504432678223,796,25735,"iowa","hardin",2023,259
"4535",-93.4666061401367,42.4504432678223,796,25735,"iowa","hardin",2024,297
"4536",-93.4666061401367,42.4504432678223,796,25735,"iowa","hardin",2025,13
"4537",-93.4952545166016,42.4561729431152,796,25736,"iowa","hardin",2014,262
"4538",-93.4952545166016,42.4561729431152,796,25736,"iowa","hardin",2015,289
"4539",-93.4952545166016,42.4561729431152,796,25736,"iowa","hardin",2016,277
"4540",-93.4952545166016,42.4561729431152,796,25736,"iowa","hardin",2017,304
"4541",-93.4952545166016,42.4561729431152,796,25736,"iowa","hardin",2018,293
"4542",-93.4952545166016,42.4561729431152,796,25736,"iowa","hardin",2019,310
"4543",-93.4952545166016,42.4561729431152,796,25736,"iowa","hardin",2020,261
"4544",-93.4952545166016,42.4561729431152,796,25736,"iowa","hardin",2021,282
"4545",-93.4952545166016,42.4561729431152,796,25736,"iowa","hardin",2022,285
"4546",-93.4952545166016,42.4561729431152,796,25736,"iowa","hardin",2023,259
"4547",-93.4952545166016,42.4561729431152,796,25736,"iowa","hardin",2024,297
"4548",-93.4952545166016,42.4561729431152,796,25736,"iowa","hardin",2025,13
"4549",-93.4952545166016,42.5593032836914,796,25737,"iowa","hardin",2014,262
"4550",-93.4952545166016,42.5593032836914,796,25737,"iowa","hardin",2015,289
"4551",-93.4952545166016,42.5593032836914,796,25737,"iowa","hardin",2016,277
"4552",-93.4952545166016,42.5593032836914,796,25737,"iowa","hardin",2017,304
"4553",-93.4952545166016,42.5593032836914,796,25737,"iowa","hardin",2018,293
"4554",-93.4952545166016,42.5593032836914,796,25737,"iowa","hardin",2019,310
"4555",-93.4952545166016,42.5593032836914,796,25737,"iowa","hardin",2020,261
"4556",-93.4952545166016,42.5593032836914,796,25737,"iowa","hardin",2021,282
"4557",-93.4952545166016,42.5593032836914,796,25737,"iowa","hardin",2022,285
"4558",-93.4952545166016,42.5593032836914,796,25737,"iowa","hardin",2023,259
"4559",-93.4952545166016,42.5593032836914,796,25737,"iowa","hardin",2024,297
"4560",-93.4952545166016,42.5593032836914,796,25737,"iowa","hardin",2025,13
"4561",-93.0254287719727,42.5650367736816,796,25738,"iowa","hardin",2014,262
"4562",-93.0254287719727,42.5650367736816,796,25738,"iowa","hardin",2015,289
"4563",-93.0254287719727,42.5650367736816,796,25738,"iowa","hardin",2016,277
"4564",-93.0254287719727,42.5650367736816,796,25738,"iowa","hardin",2017,304
"4565",-93.0254287719727,42.5650367736816,796,25738,"iowa","hardin",2018,293
"4566",-93.0254287719727,42.5650367736816,796,25738,"iowa","hardin",2019,310
"4567",-93.0254287719727,42.5650367736816,796,25738,"iowa","hardin",2020,261
"4568",-93.0254287719727,42.5650367736816,796,25738,"iowa","hardin",2021,282
"4569",-93.0254287719727,42.5650367736816,796,25738,"iowa","hardin",2022,285
"4570",-93.0254287719727,42.5650367736816,796,25738,"iowa","hardin",2023,259
"4571",-93.0254287719727,42.5650367736816,796,25738,"iowa","hardin",2024,297
"4572",-93.0254287719727,42.5650367736816,796,25738,"iowa","hardin",2025,13
"4573",-93.0196990966797,42.4733619689941,796,25739,"iowa","hardin",2014,262
"4574",-93.0196990966797,42.4733619689941,796,25739,"iowa","hardin",2015,289
"4575",-93.0196990966797,42.4733619689941,796,25739,"iowa","hardin",2016,277
"4576",-93.0196990966797,42.4733619689941,796,25739,"iowa","hardin",2017,304
"4577",-93.0196990966797,42.4733619689941,796,25739,"iowa","hardin",2018,293
"4578",-93.0196990966797,42.4733619689941,796,25739,"iowa","hardin",2019,310
"4579",-93.0196990966797,42.4733619689941,796,25739,"iowa","hardin",2020,261
"4580",-93.0196990966797,42.4733619689941,796,25739,"iowa","hardin",2021,282
"4581",-93.0196990966797,42.4733619689941,796,25739,"iowa","hardin",2022,285
"4582",-93.0196990966797,42.4733619689941,796,25739,"iowa","hardin",2023,259
"4583",-93.0196990966797,42.4733619689941,796,25739,"iowa","hardin",2024,297
"4584",-93.0196990966797,42.4733619689941,796,25739,"iowa","hardin",2025,13
"4585",-92.9967803955078,42.4733619689941,796,25740,"iowa","hardin",2014,262
"4586",-92.9967803955078,42.4733619689941,796,25740,"iowa","hardin",2015,289
"4587",-92.9967803955078,42.4733619689941,796,25740,"iowa","hardin",2016,277
"4588",-92.9967803955078,42.4733619689941,796,25740,"iowa","hardin",2017,304
"4589",-92.9967803955078,42.4733619689941,796,25740,"iowa","hardin",2018,293
"4590",-92.9967803955078,42.4733619689941,796,25740,"iowa","hardin",2019,310
"4591",-92.9967803955078,42.4733619689941,796,25740,"iowa","hardin",2020,261
"4592",-92.9967803955078,42.4733619689941,796,25740,"iowa","hardin",2021,282
"4593",-92.9967803955078,42.4733619689941,796,25740,"iowa","hardin",2022,285
"4594",-92.9967803955078,42.4733619689941,796,25740,"iowa","hardin",2023,259
"4595",-92.9967803955078,42.4733619689941,796,25740,"iowa","hardin",2024,297
"4596",-92.9967803955078,42.4733619689941,796,25740,"iowa","hardin",2025,13
"4597",-92.9967803955078,42.2155303955078,796,25741,"iowa","hardin",2014,262
"4598",-92.9967803955078,42.2155303955078,796,25741,"iowa","hardin",2015,289
"4599",-92.9967803955078,42.2155303955078,796,25741,"iowa","hardin",2016,277
"4600",-92.9967803955078,42.2155303955078,796,25741,"iowa","hardin",2017,304
"4601",-92.9967803955078,42.2155303955078,796,25741,"iowa","hardin",2018,293
"4602",-92.9967803955078,42.2155303955078,796,25741,"iowa","hardin",2019,310
"4603",-92.9967803955078,42.2155303955078,796,25741,"iowa","hardin",2020,261
"4604",-92.9967803955078,42.2155303955078,796,25741,"iowa","hardin",2021,282
"4605",-92.9967803955078,42.2155303955078,796,25741,"iowa","hardin",2022,285
"4606",-92.9967803955078,42.2155303955078,796,25741,"iowa","hardin",2023,259
"4607",-92.9967803955078,42.2155303955078,796,25741,"iowa","hardin",2024,297
"4608",-92.9967803955078,42.2155303955078,796,25741,"iowa","hardin",2025,13
"4609",-96.0048141479492,41.5050621032715,797,25743,"iowa","harrison",2014,290
"4610",-96.0048141479492,41.5050621032715,797,25743,"iowa","harrison",2015,325
"4611",-96.0048141479492,41.5050621032715,797,25743,"iowa","harrison",2016,333
"4612",-96.0048141479492,41.5050621032715,797,25743,"iowa","harrison",2017,349
"4613",-96.0048141479492,41.5050621032715,797,25743,"iowa","harrison",2018,319
"4614",-96.0048141479492,41.5050621032715,797,25743,"iowa","harrison",2019,337
"4615",-96.0048141479492,41.5050621032715,797,25743,"iowa","harrison",2020,307
"4616",-96.0048141479492,41.5050621032715,797,25743,"iowa","harrison",2021,304
"4617",-96.0048141479492,41.5050621032715,797,25743,"iowa","harrison",2022,263
"4618",-96.0048141479492,41.5050621032715,797,25743,"iowa","harrison",2023,288
"4619",-96.0048141479492,41.5050621032715,797,25743,"iowa","harrison",2024,280
"4620",-96.0048141479492,41.5050621032715,797,25743,"iowa","harrison",2025,9
"4621",-96.0162658691406,41.5337104797363,797,25744,"iowa","harrison",2014,290
"4622",-96.0162658691406,41.5337104797363,797,25744,"iowa","harrison",2015,325
"4623",-96.0162658691406,41.5337104797363,797,25744,"iowa","harrison",2016,333
"4624",-96.0162658691406,41.5337104797363,797,25744,"iowa","harrison",2017,349
"4625",-96.0162658691406,41.5337104797363,797,25744,"iowa","harrison",2018,319
"4626",-96.0162658691406,41.5337104797363,797,25744,"iowa","harrison",2019,337
"4627",-96.0162658691406,41.5337104797363,797,25744,"iowa","harrison",2020,307
"4628",-96.0162658691406,41.5337104797363,797,25744,"iowa","harrison",2021,304
"4629",-96.0162658691406,41.5337104797363,797,25744,"iowa","harrison",2022,263
"4630",-96.0162658691406,41.5337104797363,797,25744,"iowa","harrison",2023,288
"4631",-96.0162658691406,41.5337104797363,797,25744,"iowa","harrison",2024,280
"4632",-96.0162658691406,41.5337104797363,797,25744,"iowa","harrison",2025,9
"4633",-96.0449142456055,41.5337104797363,797,25745,"iowa","harrison",2014,290
"4634",-96.0449142456055,41.5337104797363,797,25745,"iowa","harrison",2015,325
"4635",-96.0449142456055,41.5337104797363,797,25745,"iowa","harrison",2016,333
"4636",-96.0449142456055,41.5337104797363,797,25745,"iowa","harrison",2017,349
"4637",-96.0449142456055,41.5337104797363,797,25745,"iowa","harrison",2018,319
"4638",-96.0449142456055,41.5337104797363,797,25745,"iowa","harrison",2019,337
"4639",-96.0449142456055,41.5337104797363,797,25745,"iowa","harrison",2020,307
"4640",-96.0449142456055,41.5337104797363,797,25745,"iowa","harrison",2021,304
"4641",-96.0449142456055,41.5337104797363,797,25745,"iowa","harrison",2022,263
"4642",-96.0449142456055,41.5337104797363,797,25745,"iowa","harrison",2023,288
"4643",-96.0449142456055,41.5337104797363,797,25745,"iowa","harrison",2024,280
"4644",-96.0449142456055,41.5337104797363,797,25745,"iowa","harrison",2025,9
"4645",-96.0850219726562,41.5508995056152,797,25746,"iowa","harrison",2014,290
"4646",-96.0850219726562,41.5508995056152,797,25746,"iowa","harrison",2015,325
"4647",-96.0850219726562,41.5508995056152,797,25746,"iowa","harrison",2016,333
"4648",-96.0850219726562,41.5508995056152,797,25746,"iowa","harrison",2017,349
"4649",-96.0850219726562,41.5508995056152,797,25746,"iowa","harrison",2018,319
"4650",-96.0850219726562,41.5508995056152,797,25746,"iowa","harrison",2019,337
"4651",-96.0850219726562,41.5508995056152,797,25746,"iowa","harrison",2020,307
"4652",-96.0850219726562,41.5508995056152,797,25746,"iowa","harrison",2021,304
"4653",-96.0850219726562,41.5508995056152,797,25746,"iowa","harrison",2022,263
"4654",-96.0850219726562,41.5508995056152,797,25746,"iowa","harrison",2023,288
"4655",-96.0850219726562,41.5508995056152,797,25746,"iowa","harrison",2024,280
"4656",-96.0850219726562,41.5508995056152,797,25746,"iowa","harrison",2025,9
"4657",-96.0792922973633,41.5680885314941,797,25747,"iowa","harrison",2014,290
"4658",-96.0792922973633,41.5680885314941,797,25747,"iowa","harrison",2015,325
"4659",-96.0792922973633,41.5680885314941,797,25747,"iowa","harrison",2016,333
"4660",-96.0792922973633,41.5680885314941,797,25747,"iowa","harrison",2017,349
"4661",-96.0792922973633,41.5680885314941,797,25747,"iowa","harrison",2018,319
"4662",-96.0792922973633,41.5680885314941,797,25747,"iowa","harrison",2019,337
"4663",-96.0792922973633,41.5680885314941,797,25747,"iowa","harrison",2020,307
"4664",-96.0792922973633,41.5680885314941,797,25747,"iowa","harrison",2021,304
"4665",-96.0792922973633,41.5680885314941,797,25747,"iowa","harrison",2022,263
"4666",-96.0792922973633,41.5680885314941,797,25747,"iowa","harrison",2023,288
"4667",-96.0792922973633,41.5680885314941,797,25747,"iowa","harrison",2024,280
"4668",-96.0792922973633,41.5680885314941,797,25747,"iowa","harrison",2025,9
"4669",-96.0506439208984,41.602466583252,797,25748,"iowa","harrison",2014,290
"4670",-96.0506439208984,41.602466583252,797,25748,"iowa","harrison",2015,325
"4671",-96.0506439208984,41.602466583252,797,25748,"iowa","harrison",2016,333
"4672",-96.0506439208984,41.602466583252,797,25748,"iowa","harrison",2017,349
"4673",-96.0506439208984,41.602466583252,797,25748,"iowa","harrison",2018,319
"4674",-96.0506439208984,41.602466583252,797,25748,"iowa","harrison",2019,337
"4675",-96.0506439208984,41.602466583252,797,25748,"iowa","harrison",2020,307
"4676",-96.0506439208984,41.602466583252,797,25748,"iowa","harrison",2021,304
"4677",-96.0506439208984,41.602466583252,797,25748,"iowa","harrison",2022,263
"4678",-96.0506439208984,41.602466583252,797,25748,"iowa","harrison",2023,288
"4679",-96.0506439208984,41.602466583252,797,25748,"iowa","harrison",2024,280
"4680",-96.0506439208984,41.602466583252,797,25748,"iowa","harrison",2025,9
"4681",-96.0506439208984,41.6196556091309,797,25749,"iowa","harrison",2014,290
"4682",-96.0506439208984,41.6196556091309,797,25749,"iowa","harrison",2015,325
"4683",-96.0506439208984,41.6196556091309,797,25749,"iowa","harrison",2016,333
"4684",-96.0506439208984,41.6196556091309,797,25749,"iowa","harrison",2017,349
"4685",-96.0506439208984,41.6196556091309,797,25749,"iowa","harrison",2018,319
"4686",-96.0506439208984,41.6196556091309,797,25749,"iowa","harrison",2019,337
"4687",-96.0506439208984,41.6196556091309,797,25749,"iowa","harrison",2020,307
"4688",-96.0506439208984,41.6196556091309,797,25749,"iowa","harrison",2021,304
"4689",-96.0506439208984,41.6196556091309,797,25749,"iowa","harrison",2022,263
"4690",-96.0506439208984,41.6196556091309,797,25749,"iowa","harrison",2023,288
"4691",-96.0506439208984,41.6196556091309,797,25749,"iowa","harrison",2024,280
"4692",-96.0506439208984,41.6196556091309,797,25749,"iowa","harrison",2025,9
"4693",-96.0678329467773,41.6196556091309,797,25750,"iowa","harrison",2014,290
"4694",-96.0678329467773,41.6196556091309,797,25750,"iowa","harrison",2015,325
"4695",-96.0678329467773,41.6196556091309,797,25750,"iowa","harrison",2016,333
"4696",-96.0678329467773,41.6196556091309,797,25750,"iowa","harrison",2017,349
"4697",-96.0678329467773,41.6196556091309,797,25750,"iowa","harrison",2018,319
"4698",-96.0678329467773,41.6196556091309,797,25750,"iowa","harrison",2019,337
"4699",-96.0678329467773,41.6196556091309,797,25750,"iowa","harrison",2020,307
"4700",-96.0678329467773,41.6196556091309,797,25750,"iowa","harrison",2021,304
"4701",-96.0678329467773,41.6196556091309,797,25750,"iowa","harrison",2022,263
"4702",-96.0678329467773,41.6196556091309,797,25750,"iowa","harrison",2023,288
"4703",-96.0678329467773,41.6196556091309,797,25750,"iowa","harrison",2024,280
"4704",-96.0678329467773,41.6196556091309,797,25750,"iowa","harrison",2025,9
"4705",-96.0964813232422,41.6196556091309,797,25751,"iowa","harrison",2014,290
"4706",-96.0964813232422,41.6196556091309,797,25751,"iowa","harrison",2015,325
"4707",-96.0964813232422,41.6196556091309,797,25751,"iowa","harrison",2016,333
"4708",-96.0964813232422,41.6196556091309,797,25751,"iowa","harrison",2017,349
"4709",-96.0964813232422,41.6196556091309,797,25751,"iowa","harrison",2018,319
"4710",-96.0964813232422,41.6196556091309,797,25751,"iowa","harrison",2019,337
"4711",-96.0964813232422,41.6196556091309,797,25751,"iowa","harrison",2020,307
"4712",-96.0964813232422,41.6196556091309,797,25751,"iowa","harrison",2021,304
"4713",-96.0964813232422,41.6196556091309,797,25751,"iowa","harrison",2022,263
"4714",-96.0964813232422,41.6196556091309,797,25751,"iowa","harrison",2023,288
"4715",-96.0964813232422,41.6196556091309,797,25751,"iowa","harrison",2024,280
"4716",-96.0964813232422,41.6196556091309,797,25751,"iowa","harrison",2025,9
"4717",-96.125129699707,41.6368446350098,797,25752,"iowa","harrison",2014,290
"4718",-96.125129699707,41.6368446350098,797,25752,"iowa","harrison",2015,325
"4719",-96.125129699707,41.6368446350098,797,25752,"iowa","harrison",2016,333
"4720",-96.125129699707,41.6368446350098,797,25752,"iowa","harrison",2017,349
"4721",-96.125129699707,41.6368446350098,797,25752,"iowa","harrison",2018,319
"4722",-96.125129699707,41.6368446350098,797,25752,"iowa","harrison",2019,337
"4723",-96.125129699707,41.6368446350098,797,25752,"iowa","harrison",2020,307
"4724",-96.125129699707,41.6368446350098,797,25752,"iowa","harrison",2021,304
"4725",-96.125129699707,41.6368446350098,797,25752,"iowa","harrison",2022,263
"4726",-96.125129699707,41.6368446350098,797,25752,"iowa","harrison",2023,288
"4727",-96.125129699707,41.6368446350098,797,25752,"iowa","harrison",2024,280
"4728",-96.125129699707,41.6368446350098,797,25752,"iowa","harrison",2025,9
"4729",-96.125129699707,41.6654891967773,797,25753,"iowa","harrison",2014,290
"4730",-96.125129699707,41.6654891967773,797,25753,"iowa","harrison",2015,325
"4731",-96.125129699707,41.6654891967773,797,25753,"iowa","harrison",2016,333
"4732",-96.125129699707,41.6654891967773,797,25753,"iowa","harrison",2017,349
"4733",-96.125129699707,41.6654891967773,797,25753,"iowa","harrison",2018,319
"4734",-96.125129699707,41.6654891967773,797,25753,"iowa","harrison",2019,337
"4735",-96.125129699707,41.6654891967773,797,25753,"iowa","harrison",2020,307
"4736",-96.125129699707,41.6654891967773,797,25753,"iowa","harrison",2021,304
"4737",-96.125129699707,41.6654891967773,797,25753,"iowa","harrison",2022,263
"4738",-96.125129699707,41.6654891967773,797,25753,"iowa","harrison",2023,288
"4739",-96.125129699707,41.6654891967773,797,25753,"iowa","harrison",2024,280
"4740",-96.125129699707,41.6654891967773,797,25753,"iowa","harrison",2025,9
"4741",-96.1194000244141,41.7170562744141,797,25754,"iowa","harrison",2014,290
"4742",-96.1194000244141,41.7170562744141,797,25754,"iowa","harrison",2015,325
"4743",-96.1194000244141,41.7170562744141,797,25754,"iowa","harrison",2016,333
"4744",-96.1194000244141,41.7170562744141,797,25754,"iowa","harrison",2017,349
"4745",-96.1194000244141,41.7170562744141,797,25754,"iowa","harrison",2018,319
"4746",-96.1194000244141,41.7170562744141,797,25754,"iowa","harrison",2019,337
"4747",-96.1194000244141,41.7170562744141,797,25754,"iowa","harrison",2020,307
"4748",-96.1194000244141,41.7170562744141,797,25754,"iowa","harrison",2021,304
"4749",-96.1194000244141,41.7170562744141,797,25754,"iowa","harrison",2022,263
"4750",-96.1194000244141,41.7170562744141,797,25754,"iowa","harrison",2023,288
"4751",-96.1194000244141,41.7170562744141,797,25754,"iowa","harrison",2024,280
"4752",-96.1194000244141,41.7170562744141,797,25754,"iowa","harrison",2025,9
"4753",-96.0907516479492,41.7514343261719,797,25755,"iowa","harrison",2014,290
"4754",-96.0907516479492,41.7514343261719,797,25755,"iowa","harrison",2015,325
"4755",-96.0907516479492,41.7514343261719,797,25755,"iowa","harrison",2016,333
"4756",-96.0907516479492,41.7514343261719,797,25755,"iowa","harrison",2017,349
"4757",-96.0907516479492,41.7514343261719,797,25755,"iowa","harrison",2018,319
"4758",-96.0907516479492,41.7514343261719,797,25755,"iowa","harrison",2019,337
"4759",-96.0907516479492,41.7514343261719,797,25755,"iowa","harrison",2020,307
"4760",-96.0907516479492,41.7514343261719,797,25755,"iowa","harrison",2021,304
"4761",-96.0907516479492,41.7514343261719,797,25755,"iowa","harrison",2022,263
"4762",-96.0907516479492,41.7514343261719,797,25755,"iowa","harrison",2023,288
"4763",-96.0907516479492,41.7514343261719,797,25755,"iowa","harrison",2024,280
"4764",-96.0907516479492,41.7514343261719,797,25755,"iowa","harrison",2025,9
"4765",-96.1022109985352,41.7800827026367,797,25756,"iowa","harrison",2014,290
"4766",-96.1022109985352,41.7800827026367,797,25756,"iowa","harrison",2015,325
"4767",-96.1022109985352,41.7800827026367,797,25756,"iowa","harrison",2016,333
"4768",-96.1022109985352,41.7800827026367,797,25756,"iowa","harrison",2017,349
"4769",-96.1022109985352,41.7800827026367,797,25756,"iowa","harrison",2018,319
"4770",-96.1022109985352,41.7800827026367,797,25756,"iowa","harrison",2019,337
"4771",-96.1022109985352,41.7800827026367,797,25756,"iowa","harrison",2020,307
"4772",-96.1022109985352,41.7800827026367,797,25756,"iowa","harrison",2021,304
"4773",-96.1022109985352,41.7800827026367,797,25756,"iowa","harrison",2022,263
"4774",-96.1022109985352,41.7800827026367,797,25756,"iowa","harrison",2023,288
"4775",-96.1022109985352,41.7800827026367,797,25756,"iowa","harrison",2024,280
"4776",-96.1022109985352,41.7800827026367,797,25756,"iowa","harrison",2025,9
"4777",-96.0964813232422,41.8259201049805,797,25757,"iowa","harrison",2014,290
"4778",-96.0964813232422,41.8259201049805,797,25757,"iowa","harrison",2015,325
"4779",-96.0964813232422,41.8259201049805,797,25757,"iowa","harrison",2016,333
"4780",-96.0964813232422,41.8259201049805,797,25757,"iowa","harrison",2017,349
"4781",-96.0964813232422,41.8259201049805,797,25757,"iowa","harrison",2018,319
"4782",-96.0964813232422,41.8259201049805,797,25757,"iowa","harrison",2019,337
"4783",-96.0964813232422,41.8259201049805,797,25757,"iowa","harrison",2020,307
"4784",-96.0964813232422,41.8259201049805,797,25757,"iowa","harrison",2021,304
"4785",-96.0964813232422,41.8259201049805,797,25757,"iowa","harrison",2022,263
"4786",-96.0964813232422,41.8259201049805,797,25757,"iowa","harrison",2023,288
"4787",-96.0964813232422,41.8259201049805,797,25757,"iowa","harrison",2024,280
"4788",-96.0964813232422,41.8259201049805,797,25757,"iowa","harrison",2025,9
"4789",-96.130859375,41.8602981567383,797,25758,"iowa","harrison",2014,290
"4790",-96.130859375,41.8602981567383,797,25758,"iowa","harrison",2015,325
"4791",-96.130859375,41.8602981567383,797,25758,"iowa","harrison",2016,333
"4792",-96.130859375,41.8602981567383,797,25758,"iowa","harrison",2017,349
"4793",-96.130859375,41.8602981567383,797,25758,"iowa","harrison",2018,319
"4794",-96.130859375,41.8602981567383,797,25758,"iowa","harrison",2019,337
"4795",-96.130859375,41.8602981567383,797,25758,"iowa","harrison",2020,307
"4796",-96.130859375,41.8602981567383,797,25758,"iowa","harrison",2021,304
"4797",-96.130859375,41.8602981567383,797,25758,"iowa","harrison",2022,263
"4798",-96.130859375,41.8602981567383,797,25758,"iowa","harrison",2023,288
"4799",-96.130859375,41.8602981567383,797,25758,"iowa","harrison",2024,280
"4800",-96.130859375,41.8602981567383,797,25758,"iowa","harrison",2025,9
"4801",-95.6782150268555,41.8602981567383,797,25759,"iowa","harrison",2014,290
"4802",-95.6782150268555,41.8602981567383,797,25759,"iowa","harrison",2015,325
"4803",-95.6782150268555,41.8602981567383,797,25759,"iowa","harrison",2016,333
"4804",-95.6782150268555,41.8602981567383,797,25759,"iowa","harrison",2017,349
"4805",-95.6782150268555,41.8602981567383,797,25759,"iowa","harrison",2018,319
"4806",-95.6782150268555,41.8602981567383,797,25759,"iowa","harrison",2019,337
"4807",-95.6782150268555,41.8602981567383,797,25759,"iowa","harrison",2020,307
"4808",-95.6782150268555,41.8602981567383,797,25759,"iowa","harrison",2021,304
"4809",-95.6782150268555,41.8602981567383,797,25759,"iowa","harrison",2022,263
"4810",-95.6782150268555,41.8602981567383,797,25759,"iowa","harrison",2023,288
"4811",-95.6782150268555,41.8602981567383,797,25759,"iowa","harrison",2024,280
"4812",-95.6782150268555,41.8602981567383,797,25759,"iowa","harrison",2025,9
"4813",-95.5578994750977,41.8602981567383,797,25760,"iowa","harrison",2014,290
"4814",-95.5578994750977,41.8602981567383,797,25760,"iowa","harrison",2015,325
"4815",-95.5578994750977,41.8602981567383,797,25760,"iowa","harrison",2016,333
"4816",-95.5578994750977,41.8602981567383,797,25760,"iowa","harrison",2017,349
"4817",-95.5578994750977,41.8602981567383,797,25760,"iowa","harrison",2018,319
"4818",-95.5578994750977,41.8602981567383,797,25760,"iowa","harrison",2019,337
"4819",-95.5578994750977,41.8602981567383,797,25760,"iowa","harrison",2020,307
"4820",-95.5578994750977,41.8602981567383,797,25760,"iowa","harrison",2021,304
"4821",-95.5578994750977,41.8602981567383,797,25760,"iowa","harrison",2022,263
"4822",-95.5578994750977,41.8602981567383,797,25760,"iowa","harrison",2023,288
"4823",-95.5578994750977,41.8602981567383,797,25760,"iowa","harrison",2024,280
"4824",-95.5578994750977,41.8602981567383,797,25760,"iowa","harrison",2025,9
"4825",-95.5521774291992,41.602466583252,797,25761,"iowa","harrison",2014,290
"4826",-95.5521774291992,41.602466583252,797,25761,"iowa","harrison",2015,325
"4827",-95.5521774291992,41.602466583252,797,25761,"iowa","harrison",2016,333
"4828",-95.5521774291992,41.602466583252,797,25761,"iowa","harrison",2017,349
"4829",-95.5521774291992,41.602466583252,797,25761,"iowa","harrison",2018,319
"4830",-95.5521774291992,41.602466583252,797,25761,"iowa","harrison",2019,337
"4831",-95.5521774291992,41.602466583252,797,25761,"iowa","harrison",2020,307
"4832",-95.5521774291992,41.602466583252,797,25761,"iowa","harrison",2021,304
"4833",-95.5521774291992,41.602466583252,797,25761,"iowa","harrison",2022,263
"4834",-95.5521774291992,41.602466583252,797,25761,"iowa","harrison",2023,288
"4835",-95.5521774291992,41.602466583252,797,25761,"iowa","harrison",2024,280
"4836",-95.5521774291992,41.602466583252,797,25761,"iowa","harrison",2025,9
"4837",-95.489143371582,41.596736907959,797,25762,"iowa","harrison",2014,290
"4838",-95.489143371582,41.596736907959,797,25762,"iowa","harrison",2015,325
"4839",-95.489143371582,41.596736907959,797,25762,"iowa","harrison",2016,333
"4840",-95.489143371582,41.596736907959,797,25762,"iowa","harrison",2017,349
"4841",-95.489143371582,41.596736907959,797,25762,"iowa","harrison",2018,319
"4842",-95.489143371582,41.596736907959,797,25762,"iowa","harrison",2019,337
"4843",-95.489143371582,41.596736907959,797,25762,"iowa","harrison",2020,307
"4844",-95.489143371582,41.596736907959,797,25762,"iowa","harrison",2021,304
"4845",-95.489143371582,41.596736907959,797,25762,"iowa","harrison",2022,263
"4846",-95.489143371582,41.596736907959,797,25762,"iowa","harrison",2023,288
"4847",-95.489143371582,41.596736907959,797,25762,"iowa","harrison",2024,280
"4848",-95.489143371582,41.596736907959,797,25762,"iowa","harrison",2025,9
"4849",-95.494873046875,41.5050621032715,797,25763,"iowa","harrison",2014,290
"4850",-95.494873046875,41.5050621032715,797,25763,"iowa","harrison",2015,325
"4851",-95.494873046875,41.5050621032715,797,25763,"iowa","harrison",2016,333
"4852",-95.494873046875,41.5050621032715,797,25763,"iowa","harrison",2017,349
"4853",-95.494873046875,41.5050621032715,797,25763,"iowa","harrison",2018,319
"4854",-95.494873046875,41.5050621032715,797,25763,"iowa","harrison",2019,337
"4855",-95.494873046875,41.5050621032715,797,25763,"iowa","harrison",2020,307
"4856",-95.494873046875,41.5050621032715,797,25763,"iowa","harrison",2021,304
"4857",-95.494873046875,41.5050621032715,797,25763,"iowa","harrison",2022,263
"4858",-95.494873046875,41.5050621032715,797,25763,"iowa","harrison",2023,288
"4859",-95.494873046875,41.5050621032715,797,25763,"iowa","harrison",2024,280
"4860",-95.494873046875,41.5050621032715,797,25763,"iowa","harrison",2025,9
"4861",-96.0048141479492,41.5050621032715,797,25764,"iowa","harrison",2014,290
"4862",-96.0048141479492,41.5050621032715,797,25764,"iowa","harrison",2015,325
"4863",-96.0048141479492,41.5050621032715,797,25764,"iowa","harrison",2016,333
"4864",-96.0048141479492,41.5050621032715,797,25764,"iowa","harrison",2017,349
"4865",-96.0048141479492,41.5050621032715,797,25764,"iowa","harrison",2018,319
"4866",-96.0048141479492,41.5050621032715,797,25764,"iowa","harrison",2019,337
"4867",-96.0048141479492,41.5050621032715,797,25764,"iowa","harrison",2020,307
"4868",-96.0048141479492,41.5050621032715,797,25764,"iowa","harrison",2021,304
"4869",-96.0048141479492,41.5050621032715,797,25764,"iowa","harrison",2022,263
"4870",-96.0048141479492,41.5050621032715,797,25764,"iowa","harrison",2023,288
"4871",-96.0048141479492,41.5050621032715,797,25764,"iowa","harrison",2024,280
"4872",-96.0048141479492,41.5050621032715,797,25764,"iowa","harrison",2025,9
"4873",-91.7076263427734,40.8232421875,798,25766,"iowa","henry",2014,322
"4874",-91.7076263427734,40.8232421875,798,25766,"iowa","henry",2015,342
"4875",-91.7076263427734,40.8232421875,798,25766,"iowa","henry",2016,368
"4876",-91.7076263427734,40.8232421875,798,25766,"iowa","henry",2017,345
"4877",-91.7076263427734,40.8232421875,798,25766,"iowa","henry",2018,318
"4878",-91.7076263427734,40.8232421875,798,25766,"iowa","henry",2019,363
"4879",-91.7076263427734,40.8232421875,798,25766,"iowa","henry",2020,279
"4880",-91.7076263427734,40.8232421875,798,25766,"iowa","henry",2021,322
"4881",-91.7076263427734,40.8232421875,798,25766,"iowa","henry",2022,351
"4882",-91.7076263427734,40.8232421875,798,25766,"iowa","henry",2023,312
"4883",-91.7076263427734,40.8232421875,798,25766,"iowa","henry",2024,287
"4884",-91.7076263427734,40.8232421875,798,25766,"iowa","henry",2025,10
"4885",-91.7018966674805,40.9034576416016,798,25767,"iowa","henry",2014,322
"4886",-91.7018966674805,40.9034576416016,798,25767,"iowa","henry",2015,342
"4887",-91.7018966674805,40.9034576416016,798,25767,"iowa","henry",2016,368
"4888",-91.7018966674805,40.9034576416016,798,25767,"iowa","henry",2017,345
"4889",-91.7018966674805,40.9034576416016,798,25767,"iowa","henry",2018,318
"4890",-91.7018966674805,40.9034576416016,798,25767,"iowa","henry",2019,363
"4891",-91.7018966674805,40.9034576416016,798,25767,"iowa","henry",2020,279
"4892",-91.7018966674805,40.9034576416016,798,25767,"iowa","henry",2021,322
"4893",-91.7018966674805,40.9034576416016,798,25767,"iowa","henry",2022,351
"4894",-91.7018966674805,40.9034576416016,798,25767,"iowa","henry",2023,312
"4895",-91.7018966674805,40.9034576416016,798,25767,"iowa","henry",2024,287
"4896",-91.7018966674805,40.9034576416016,798,25767,"iowa","henry",2025,10
"4897",-91.7018966674805,41.1727447509766,798,25768,"iowa","henry",2014,322
"4898",-91.7018966674805,41.1727447509766,798,25768,"iowa","henry",2015,342
"4899",-91.7018966674805,41.1727447509766,798,25768,"iowa","henry",2016,368
"4900",-91.7018966674805,41.1727447509766,798,25768,"iowa","henry",2017,345
"4901",-91.7018966674805,41.1727447509766,798,25768,"iowa","henry",2018,318
"4902",-91.7018966674805,41.1727447509766,798,25768,"iowa","henry",2019,363
"4903",-91.7018966674805,41.1727447509766,798,25768,"iowa","henry",2020,279
"4904",-91.7018966674805,41.1727447509766,798,25768,"iowa","henry",2021,322
"4905",-91.7018966674805,41.1727447509766,798,25768,"iowa","henry",2022,351
"4906",-91.7018966674805,41.1727447509766,798,25768,"iowa","henry",2023,312
"4907",-91.7018966674805,41.1727447509766,798,25768,"iowa","henry",2024,287
"4908",-91.7018966674805,41.1727447509766,798,25768,"iowa","henry",2025,10
"4909",-91.4669799804688,41.1727447509766,798,25769,"iowa","henry",2014,322
"4910",-91.4669799804688,41.1727447509766,798,25769,"iowa","henry",2015,342
"4911",-91.4669799804688,41.1727447509766,798,25769,"iowa","henry",2016,368
"4912",-91.4669799804688,41.1727447509766,798,25769,"iowa","henry",2017,345
"4913",-91.4669799804688,41.1727447509766,798,25769,"iowa","henry",2018,318
"4914",-91.4669799804688,41.1727447509766,798,25769,"iowa","henry",2019,363
"4915",-91.4669799804688,41.1727447509766,798,25769,"iowa","henry",2020,279
"4916",-91.4669799804688,41.1727447509766,798,25769,"iowa","henry",2021,322
"4917",-91.4669799804688,41.1727447509766,798,25769,"iowa","henry",2022,351
"4918",-91.4669799804688,41.1727447509766,798,25769,"iowa","henry",2023,312
"4919",-91.4669799804688,41.1727447509766,798,25769,"iowa","henry",2024,287
"4920",-91.4669799804688,41.1727447509766,798,25769,"iowa","henry",2025,10
"4921",-91.3581161499023,41.1727447509766,798,25770,"iowa","henry",2014,322
"4922",-91.3581161499023,41.1727447509766,798,25770,"iowa","henry",2015,342
"4923",-91.3581161499023,41.1727447509766,798,25770,"iowa","henry",2016,368
"4924",-91.3581161499023,41.1727447509766,798,25770,"iowa","henry",2017,345
"4925",-91.3581161499023,41.1727447509766,798,25770,"iowa","henry",2018,318
"4926",-91.3581161499023,41.1727447509766,798,25770,"iowa","henry",2019,363
"4927",-91.3581161499023,41.1727447509766,798,25770,"iowa","henry",2020,279
"4928",-91.3581161499023,41.1727447509766,798,25770,"iowa","henry",2021,322
"4929",-91.3581161499023,41.1727447509766,798,25770,"iowa","henry",2022,351
"4930",-91.3581161499023,41.1727447509766,798,25770,"iowa","henry",2023,312
"4931",-91.3581161499023,41.1727447509766,798,25770,"iowa","henry",2024,287
"4932",-91.3581161499023,41.1727447509766,798,25770,"iowa","henry",2025,10
"4933",-91.3523941040039,41.0868034362793,798,25771,"iowa","henry",2014,322
"4934",-91.3523941040039,41.0868034362793,798,25771,"iowa","henry",2015,342
"4935",-91.3523941040039,41.0868034362793,798,25771,"iowa","henry",2016,368
"4936",-91.3523941040039,41.0868034362793,798,25771,"iowa","henry",2017,345
"4937",-91.3523941040039,41.0868034362793,798,25771,"iowa","henry",2018,318
"4938",-91.3523941040039,41.0868034362793,798,25771,"iowa","henry",2019,363
"4939",-91.3523941040039,41.0868034362793,798,25771,"iowa","henry",2020,279
"4940",-91.3523941040039,41.0868034362793,798,25771,"iowa","henry",2021,322
"4941",-91.3523941040039,41.0868034362793,798,25771,"iowa","henry",2022,351
"4942",-91.3523941040039,41.0868034362793,798,25771,"iowa","henry",2023,312
"4943",-91.3523941040039,41.0868034362793,798,25771,"iowa","henry",2024,287
"4944",-91.3523941040039,41.0868034362793,798,25771,"iowa","henry",2025,10
"4945",-91.3581161499023,40.8175163269043,798,25772,"iowa","henry",2014,322
"4946",-91.3581161499023,40.8175163269043,798,25772,"iowa","henry",2015,342
"4947",-91.3581161499023,40.8175163269043,798,25772,"iowa","henry",2016,368
"4948",-91.3581161499023,40.8175163269043,798,25772,"iowa","henry",2017,345
"4949",-91.3581161499023,40.8175163269043,798,25772,"iowa","henry",2018,318
"4950",-91.3581161499023,40.8175163269043,798,25772,"iowa","henry",2019,363
"4951",-91.3581161499023,40.8175163269043,798,25772,"iowa","henry",2020,279
"4952",-91.3581161499023,40.8175163269043,798,25772,"iowa","henry",2021,322
"4953",-91.3581161499023,40.8175163269043,798,25772,"iowa","henry",2022,351
"4954",-91.3581161499023,40.8175163269043,798,25772,"iowa","henry",2023,312
"4955",-91.3581161499023,40.8175163269043,798,25772,"iowa","henry",2024,287
"4956",-91.3581161499023,40.8175163269043,798,25772,"iowa","henry",2025,10
"4957",-91.3982238769531,40.8232421875,798,25773,"iowa","henry",2014,322
"4958",-91.3982238769531,40.8232421875,798,25773,"iowa","henry",2015,342
"4959",-91.3982238769531,40.8232421875,798,25773,"iowa","henry",2016,368
"4960",-91.3982238769531,40.8232421875,798,25773,"iowa","henry",2017,345
"4961",-91.3982238769531,40.8232421875,798,25773,"iowa","henry",2018,318
"4962",-91.3982238769531,40.8232421875,798,25773,"iowa","henry",2019,363
"4963",-91.3982238769531,40.8232421875,798,25773,"iowa","henry",2020,279
"4964",-91.3982238769531,40.8232421875,798,25773,"iowa","henry",2021,322
"4965",-91.3982238769531,40.8232421875,798,25773,"iowa","henry",2022,351
"4966",-91.3982238769531,40.8232421875,798,25773,"iowa","henry",2023,312
"4967",-91.3982238769531,40.8232421875,798,25773,"iowa","henry",2024,287
"4968",-91.3982238769531,40.8232421875,798,25773,"iowa","henry",2025,10
"4969",-91.7076263427734,40.8232421875,798,25774,"iowa","henry",2014,322
"4970",-91.7076263427734,40.8232421875,798,25774,"iowa","henry",2015,342
"4971",-91.7076263427734,40.8232421875,798,25774,"iowa","henry",2016,368
"4972",-91.7076263427734,40.8232421875,798,25774,"iowa","henry",2017,345
"4973",-91.7076263427734,40.8232421875,798,25774,"iowa","henry",2018,318
"4974",-91.7076263427734,40.8232421875,798,25774,"iowa","henry",2019,363
"4975",-91.7076263427734,40.8232421875,798,25774,"iowa","henry",2020,279
"4976",-91.7076263427734,40.8232421875,798,25774,"iowa","henry",2021,322
"4977",-91.7076263427734,40.8232421875,798,25774,"iowa","henry",2022,351
"4978",-91.7076263427734,40.8232421875,798,25774,"iowa","henry",2023,312
"4979",-91.7076263427734,40.8232421875,798,25774,"iowa","henry",2024,287
"4980",-91.7076263427734,40.8232421875,798,25774,"iowa","henry",2025,10
"4981",-92.4581985473633,43.5046844482422,799,25776,"iowa","howard",2014,105
"4982",-92.4581985473633,43.5046844482422,799,25776,"iowa","howard",2015,110
"4983",-92.4581985473633,43.5046844482422,799,25776,"iowa","howard",2016,88
"4984",-92.4581985473633,43.5046844482422,799,25776,"iowa","howard",2017,102
"4985",-92.4581985473633,43.5046844482422,799,25776,"iowa","howard",2018,102
"4986",-92.4581985473633,43.5046844482422,799,25776,"iowa","howard",2019,91
"4987",-92.4581985473633,43.5046844482422,799,25776,"iowa","howard",2020,96
"4988",-92.4581985473633,43.5046844482422,799,25776,"iowa","howard",2021,102
"4989",-92.4581985473633,43.5046844482422,799,25776,"iowa","howard",2022,120
"4990",-92.4581985473633,43.5046844482422,799,25776,"iowa","howard",2023,117
"4991",-92.4581985473633,43.5046844482422,799,25776,"iowa","howard",2024,102
"4992",-92.4581985473633,43.5046844482422,799,25776,"iowa","howard",2025,4
"4993",-92.0800476074219,43.5046844482422,799,25777,"iowa","howard",2014,105
"4994",-92.0800476074219,43.5046844482422,799,25777,"iowa","howard",2015,110
"4995",-92.0800476074219,43.5046844482422,799,25777,"iowa","howard",2016,88
"4996",-92.0800476074219,43.5046844482422,799,25777,"iowa","howard",2017,102
"4997",-92.0800476074219,43.5046844482422,799,25777,"iowa","howard",2018,102
"4998",-92.0800476074219,43.5046844482422,799,25777,"iowa","howard",2019,91
"4999",-92.0800476074219,43.5046844482422,799,25777,"iowa","howard",2020,96
"5000",-92.0800476074219,43.5046844482422,799,25777,"iowa","howard",2021,102
"5001",-92.0800476074219,43.5046844482422,799,25777,"iowa","howard",2022,120
"5002",-92.0800476074219,43.5046844482422,799,25777,"iowa","howard",2023,117
"5003",-92.0800476074219,43.5046844482422,799,25777,"iowa","howard",2024,102
"5004",-92.0800476074219,43.5046844482422,799,25777,"iowa","howard",2025,4
"5005",-92.0800476074219,43.218204498291,799,25778,"iowa","howard",2014,105
"5006",-92.0800476074219,43.218204498291,799,25778,"iowa","howard",2015,110
"5007",-92.0800476074219,43.218204498291,799,25778,"iowa","howard",2016,88
"5008",-92.0800476074219,43.218204498291,799,25778,"iowa","howard",2017,102
"5009",-92.0800476074219,43.218204498291,799,25778,"iowa","howard",2018,102
"5010",-92.0800476074219,43.218204498291,799,25778,"iowa","howard",2019,91
"5011",-92.0800476074219,43.218204498291,799,25778,"iowa","howard",2020,96
"5012",-92.0800476074219,43.218204498291,799,25778,"iowa","howard",2021,102
"5013",-92.0800476074219,43.218204498291,799,25778,"iowa","howard",2022,120
"5014",-92.0800476074219,43.218204498291,799,25778,"iowa","howard",2023,117
"5015",-92.0800476074219,43.218204498291,799,25778,"iowa","howard",2024,102
"5016",-92.0800476074219,43.218204498291,799,25778,"iowa","howard",2025,4
"5017",-92.5556030273438,43.2239379882812,799,25779,"iowa","howard",2014,105
"5018",-92.5556030273438,43.2239379882812,799,25779,"iowa","howard",2015,110
"5019",-92.5556030273438,43.2239379882812,799,25779,"iowa","howard",2016,88
"5020",-92.5556030273438,43.2239379882812,799,25779,"iowa","howard",2017,102
"5021",-92.5556030273438,43.2239379882812,799,25779,"iowa","howard",2018,102
"5022",-92.5556030273438,43.2239379882812,799,25779,"iowa","howard",2019,91
"5023",-92.5556030273438,43.2239379882812,799,25779,"iowa","howard",2020,96
"5024",-92.5556030273438,43.2239379882812,799,25779,"iowa","howard",2021,102
"5025",-92.5556030273438,43.2239379882812,799,25779,"iowa","howard",2022,120
"5026",-92.5556030273438,43.2239379882812,799,25779,"iowa","howard",2023,117
"5027",-92.5556030273438,43.2239379882812,799,25779,"iowa","howard",2024,102
"5028",-92.5556030273438,43.2239379882812,799,25779,"iowa","howard",2025,4
"5029",-92.5498733520508,43.5104141235352,799,25780,"iowa","howard",2014,105
"5030",-92.5498733520508,43.5104141235352,799,25780,"iowa","howard",2015,110
"5031",-92.5498733520508,43.5104141235352,799,25780,"iowa","howard",2016,88
"5032",-92.5498733520508,43.5104141235352,799,25780,"iowa","howard",2017,102
"5033",-92.5498733520508,43.5104141235352,799,25780,"iowa","howard",2018,102
"5034",-92.5498733520508,43.5104141235352,799,25780,"iowa","howard",2019,91
"5035",-92.5498733520508,43.5104141235352,799,25780,"iowa","howard",2020,96
"5036",-92.5498733520508,43.5104141235352,799,25780,"iowa","howard",2021,102
"5037",-92.5498733520508,43.5104141235352,799,25780,"iowa","howard",2022,120
"5038",-92.5498733520508,43.5104141235352,799,25780,"iowa","howard",2023,117
"5039",-92.5498733520508,43.5104141235352,799,25780,"iowa","howard",2024,102
"5040",-92.5498733520508,43.5104141235352,799,25780,"iowa","howard",2025,4
"5041",-92.4581985473633,43.5046844482422,799,25781,"iowa","howard",2014,105
"5042",-92.4581985473633,43.5046844482422,799,25781,"iowa","howard",2015,110
"5043",-92.4581985473633,43.5046844482422,799,25781,"iowa","howard",2016,88
"5044",-92.4581985473633,43.5046844482422,799,25781,"iowa","howard",2017,102
"5045",-92.4581985473633,43.5046844482422,799,25781,"iowa","howard",2018,102
"5046",-92.4581985473633,43.5046844482422,799,25781,"iowa","howard",2019,91
"5047",-92.4581985473633,43.5046844482422,799,25781,"iowa","howard",2020,96
"5048",-92.4581985473633,43.5046844482422,799,25781,"iowa","howard",2021,102
"5049",-92.4581985473633,43.5046844482422,799,25781,"iowa","howard",2022,120
"5050",-92.4581985473633,43.5046844482422,799,25781,"iowa","howard",2023,117
"5051",-92.4581985473633,43.5046844482422,799,25781,"iowa","howard",2024,102
"5052",-92.4581985473633,43.5046844482422,799,25781,"iowa","howard",2025,4
"5053",-93.9708099365234,42.9145393371582,800,25783,"iowa","humboldt",2014,155
"5054",-93.9708099365234,42.9145393371582,800,25783,"iowa","humboldt",2015,150
"5055",-93.9708099365234,42.9145393371582,800,25783,"iowa","humboldt",2016,152
"5056",-93.9708099365234,42.9145393371582,800,25783,"iowa","humboldt",2017,162
"5057",-93.9708099365234,42.9145393371582,800,25783,"iowa","humboldt",2018,187
"5058",-93.9708099365234,42.9145393371582,800,25783,"iowa","humboldt",2019,165
"5059",-93.9708099365234,42.9145393371582,800,25783,"iowa","humboldt",2020,164
"5060",-93.9708099365234,42.9145393371582,800,25783,"iowa","humboldt",2021,162
"5061",-93.9708099365234,42.9145393371582,800,25783,"iowa","humboldt",2022,151
"5062",-93.9708099365234,42.9145393371582,800,25783,"iowa","humboldt",2023,159
"5063",-93.9708099365234,42.9145393371582,800,25783,"iowa","humboldt",2024,123
"5064",-93.9708099365234,42.9145393371582,800,25783,"iowa","humboldt",2025,6
"5065",-93.9708099365234,42.639518737793,800,25784,"iowa","humboldt",2014,155
"5066",-93.9708099365234,42.639518737793,800,25784,"iowa","humboldt",2015,150
"5067",-93.9708099365234,42.639518737793,800,25784,"iowa","humboldt",2016,152
"5068",-93.9708099365234,42.639518737793,800,25784,"iowa","humboldt",2017,162
"5069",-93.9708099365234,42.639518737793,800,25784,"iowa","humboldt",2018,187
"5070",-93.9708099365234,42.639518737793,800,25784,"iowa","humboldt",2019,165
"5071",-93.9708099365234,42.639518737793,800,25784,"iowa","humboldt",2020,164
"5072",-93.9708099365234,42.639518737793,800,25784,"iowa","humboldt",2021,162
"5073",-93.9708099365234,42.639518737793,800,25784,"iowa","humboldt",2022,151
"5074",-93.9708099365234,42.639518737793,800,25784,"iowa","humboldt",2023,159
"5075",-93.9708099365234,42.639518737793,800,25784,"iowa","humboldt",2024,123
"5076",-93.9708099365234,42.639518737793,800,25784,"iowa","humboldt",2025,6
"5077",-94.4406356811523,42.6452484130859,800,25785,"iowa","humboldt",2014,155
"5078",-94.4406356811523,42.6452484130859,800,25785,"iowa","humboldt",2015,150
"5079",-94.4406356811523,42.6452484130859,800,25785,"iowa","humboldt",2016,152
"5080",-94.4406356811523,42.6452484130859,800,25785,"iowa","humboldt",2017,162
"5081",-94.4406356811523,42.6452484130859,800,25785,"iowa","humboldt",2018,187
"5082",-94.4406356811523,42.6452484130859,800,25785,"iowa","humboldt",2019,165
"5083",-94.4406356811523,42.6452484130859,800,25785,"iowa","humboldt",2020,164
"5084",-94.4406356811523,42.6452484130859,800,25785,"iowa","humboldt",2021,162
"5085",-94.4406356811523,42.6452484130859,800,25785,"iowa","humboldt",2022,151
"5086",-94.4406356811523,42.6452484130859,800,25785,"iowa","humboldt",2023,159
"5087",-94.4406356811523,42.6452484130859,800,25785,"iowa","humboldt",2024,123
"5088",-94.4406356811523,42.6452484130859,800,25785,"iowa","humboldt",2025,6
"5089",-94.4406356811523,42.9202690124512,800,25786,"iowa","humboldt",2014,155
"5090",-94.4406356811523,42.9202690124512,800,25786,"iowa","humboldt",2015,150
"5091",-94.4406356811523,42.9202690124512,800,25786,"iowa","humboldt",2016,152
"5092",-94.4406356811523,42.9202690124512,800,25786,"iowa","humboldt",2017,162
"5093",-94.4406356811523,42.9202690124512,800,25786,"iowa","humboldt",2018,187
"5094",-94.4406356811523,42.9202690124512,800,25786,"iowa","humboldt",2019,165
"5095",-94.4406356811523,42.9202690124512,800,25786,"iowa","humboldt",2020,164
"5096",-94.4406356811523,42.9202690124512,800,25786,"iowa","humboldt",2021,162
"5097",-94.4406356811523,42.9202690124512,800,25786,"iowa","humboldt",2022,151
"5098",-94.4406356811523,42.9202690124512,800,25786,"iowa","humboldt",2023,159
"5099",-94.4406356811523,42.9202690124512,800,25786,"iowa","humboldt",2024,123
"5100",-94.4406356811523,42.9202690124512,800,25786,"iowa","humboldt",2025,6
"5101",-93.9708099365234,42.9145393371582,800,25787,"iowa","humboldt",2014,155
"5102",-93.9708099365234,42.9145393371582,800,25787,"iowa","humboldt",2015,150
"5103",-93.9708099365234,42.9145393371582,800,25787,"iowa","humboldt",2016,152
"5104",-93.9708099365234,42.9145393371582,800,25787,"iowa","humboldt",2017,162
"5105",-93.9708099365234,42.9145393371582,800,25787,"iowa","humboldt",2018,187
"5106",-93.9708099365234,42.9145393371582,800,25787,"iowa","humboldt",2019,165
"5107",-93.9708099365234,42.9145393371582,800,25787,"iowa","humboldt",2020,164
"5108",-93.9708099365234,42.9145393371582,800,25787,"iowa","humboldt",2021,162
"5109",-93.9708099365234,42.9145393371582,800,25787,"iowa","humboldt",2022,151
"5110",-93.9708099365234,42.9145393371582,800,25787,"iowa","humboldt",2023,159
"5111",-93.9708099365234,42.9145393371582,800,25787,"iowa","humboldt",2024,123
"5112",-93.9708099365234,42.9145393371582,800,25787,"iowa","humboldt",2025,6
"5113",-95.3974685668945,42.5650367736816,801,25789,"iowa","ida",2014,128
"5114",-95.3974685668945,42.5650367736816,801,25789,"iowa","ida",2015,116
"5115",-95.3974685668945,42.5650367736816,801,25789,"iowa","ida",2016,104
"5116",-95.3974685668945,42.5650367736816,801,25789,"iowa","ida",2017,115
"5117",-95.3974685668945,42.5650367736816,801,25789,"iowa","ida",2018,122
"5118",-95.3974685668945,42.5650367736816,801,25789,"iowa","ida",2019,135
"5119",-95.3974685668945,42.5650367736816,801,25789,"iowa","ida",2020,116
"5120",-95.3974685668945,42.5650367736816,801,25789,"iowa","ida",2021,116
"5121",-95.3974685668945,42.5650367736816,801,25789,"iowa","ida",2022,111
"5122",-95.3974685668945,42.5650367736816,801,25789,"iowa","ida",2023,98
"5123",-95.3974685668945,42.5650367736816,801,25789,"iowa","ida",2024,89
"5124",-95.3974685668945,42.5650367736816,801,25789,"iowa","ida",2025,4
"5125",-95.3917388916016,42.4733619689941,801,25790,"iowa","ida",2014,128
"5126",-95.3917388916016,42.4733619689941,801,25790,"iowa","ida",2015,116
"5127",-95.3917388916016,42.4733619689941,801,25790,"iowa","ida",2016,104
"5128",-95.3917388916016,42.4733619689941,801,25790,"iowa","ida",2017,115
"5129",-95.3917388916016,42.4733619689941,801,25790,"iowa","ida",2018,122
"5130",-95.3917388916016,42.4733619689941,801,25790,"iowa","ida",2019,135
"5131",-95.3917388916016,42.4733619689941,801,25790,"iowa","ida",2020,116
"5132",-95.3917388916016,42.4733619689941,801,25790,"iowa","ida",2021,116
"5133",-95.3917388916016,42.4733619689941,801,25790,"iowa","ida",2022,111
"5134",-95.3917388916016,42.4733619689941,801,25790,"iowa","ida",2023,98
"5135",-95.3917388916016,42.4733619689941,801,25790,"iowa","ida",2024,89
"5136",-95.3917388916016,42.4733619689941,801,25790,"iowa","ida",2025,4
"5137",-95.3344497680664,42.4733619689941,801,25791,"iowa","ida",2014,128
"5138",-95.3344497680664,42.4733619689941,801,25791,"iowa","ida",2015,116
"5139",-95.3344497680664,42.4733619689941,801,25791,"iowa","ida",2016,104
"5140",-95.3344497680664,42.4733619689941,801,25791,"iowa","ida",2017,115
"5141",-95.3344497680664,42.4733619689941,801,25791,"iowa","ida",2018,122
"5142",-95.3344497680664,42.4733619689941,801,25791,"iowa","ida",2019,135
"5143",-95.3344497680664,42.4733619689941,801,25791,"iowa","ida",2020,116
"5144",-95.3344497680664,42.4733619689941,801,25791,"iowa","ida",2021,116
"5145",-95.3344497680664,42.4733619689941,801,25791,"iowa","ida",2022,111
"5146",-95.3344497680664,42.4733619689941,801,25791,"iowa","ida",2023,98
"5147",-95.3344497680664,42.4733619689941,801,25791,"iowa","ida",2024,89
"5148",-95.3344497680664,42.4733619689941,801,25791,"iowa","ida",2025,4
"5149",-95.3401794433594,42.2040710449219,801,25792,"iowa","ida",2014,128
"5150",-95.3401794433594,42.2040710449219,801,25792,"iowa","ida",2015,116
"5151",-95.3401794433594,42.2040710449219,801,25792,"iowa","ida",2016,104
"5152",-95.3401794433594,42.2040710449219,801,25792,"iowa","ida",2017,115
"5153",-95.3401794433594,42.2040710449219,801,25792,"iowa","ida",2018,122
"5154",-95.3401794433594,42.2040710449219,801,25792,"iowa","ida",2019,135
"5155",-95.3401794433594,42.2040710449219,801,25792,"iowa","ida",2020,116
"5156",-95.3401794433594,42.2040710449219,801,25792,"iowa","ida",2021,116
"5157",-95.3401794433594,42.2040710449219,801,25792,"iowa","ida",2022,111
"5158",-95.3401794433594,42.2040710449219,801,25792,"iowa","ida",2023,98
"5159",-95.3401794433594,42.2040710449219,801,25792,"iowa","ida",2024,89
"5160",-95.3401794433594,42.2040710449219,801,25792,"iowa","ida",2025,4
"5161",-95.672492980957,42.2040710449219,801,25793,"iowa","ida",2014,128
"5162",-95.672492980957,42.2040710449219,801,25793,"iowa","ida",2015,116
"5163",-95.672492980957,42.2040710449219,801,25793,"iowa","ida",2016,104
"5164",-95.672492980957,42.2040710449219,801,25793,"iowa","ida",2017,115
"5165",-95.672492980957,42.2040710449219,801,25793,"iowa","ida",2018,122
"5166",-95.672492980957,42.2040710449219,801,25793,"iowa","ida",2019,135
"5167",-95.672492980957,42.2040710449219,801,25793,"iowa","ida",2020,116
"5168",-95.672492980957,42.2040710449219,801,25793,"iowa","ida",2021,116
"5169",-95.672492980957,42.2040710449219,801,25793,"iowa","ida",2022,111
"5170",-95.672492980957,42.2040710449219,801,25793,"iowa","ida",2023,98
"5171",-95.672492980957,42.2040710449219,801,25793,"iowa","ida",2024,89
"5172",-95.672492980957,42.2040710449219,801,25793,"iowa","ida",2025,4
"5173",-95.672492980957,42.4733619689941,801,25794,"iowa","ida",2014,128
"5174",-95.672492980957,42.4733619689941,801,25794,"iowa","ida",2015,116
"5175",-95.672492980957,42.4733619689941,801,25794,"iowa","ida",2016,104
"5176",-95.672492980957,42.4733619689941,801,25794,"iowa","ida",2017,115
"5177",-95.672492980957,42.4733619689941,801,25794,"iowa","ida",2018,122
"5178",-95.672492980957,42.4733619689941,801,25794,"iowa","ida",2019,135
"5179",-95.672492980957,42.4733619689941,801,25794,"iowa","ida",2020,116
"5180",-95.672492980957,42.4733619689941,801,25794,"iowa","ida",2021,116
"5181",-95.672492980957,42.4733619689941,801,25794,"iowa","ida",2022,111
"5182",-95.672492980957,42.4733619689941,801,25794,"iowa","ida",2023,98
"5183",-95.672492980957,42.4733619689941,801,25794,"iowa","ida",2024,89
"5184",-95.672492980957,42.4733619689941,801,25794,"iowa","ida",2025,4
"5185",-95.7412490844727,42.4733619689941,801,25795,"iowa","ida",2014,128
"5186",-95.7412490844727,42.4733619689941,801,25795,"iowa","ida",2015,116
"5187",-95.7412490844727,42.4733619689941,801,25795,"iowa","ida",2016,104
"5188",-95.7412490844727,42.4733619689941,801,25795,"iowa","ida",2017,115
"5189",-95.7412490844727,42.4733619689941,801,25795,"iowa","ida",2018,122
"5190",-95.7412490844727,42.4733619689941,801,25795,"iowa","ida",2019,135
"5191",-95.7412490844727,42.4733619689941,801,25795,"iowa","ida",2020,116
"5192",-95.7412490844727,42.4733619689941,801,25795,"iowa","ida",2021,116
"5193",-95.7412490844727,42.4733619689941,801,25795,"iowa","ida",2022,111
"5194",-95.7412490844727,42.4733619689941,801,25795,"iowa","ida",2023,98
"5195",-95.7412490844727,42.4733619689941,801,25795,"iowa","ida",2024,89
"5196",-95.7412490844727,42.4733619689941,801,25795,"iowa","ida",2025,4
"5197",-95.7412490844727,42.5593032836914,801,25796,"iowa","ida",2014,128
"5198",-95.7412490844727,42.5593032836914,801,25796,"iowa","ida",2015,116
"5199",-95.7412490844727,42.5593032836914,801,25796,"iowa","ida",2016,104
"5200",-95.7412490844727,42.5593032836914,801,25796,"iowa","ida",2017,115
"5201",-95.7412490844727,42.5593032836914,801,25796,"iowa","ida",2018,122
"5202",-95.7412490844727,42.5593032836914,801,25796,"iowa","ida",2019,135
"5203",-95.7412490844727,42.5593032836914,801,25796,"iowa","ida",2020,116
"5204",-95.7412490844727,42.5593032836914,801,25796,"iowa","ida",2021,116
"5205",-95.7412490844727,42.5593032836914,801,25796,"iowa","ida",2022,111
"5206",-95.7412490844727,42.5593032836914,801,25796,"iowa","ida",2023,98
"5207",-95.7412490844727,42.5593032836914,801,25796,"iowa","ida",2024,89
"5208",-95.7412490844727,42.5593032836914,801,25796,"iowa","ida",2025,4
"5209",-95.3974685668945,42.5650367736816,801,25797,"iowa","ida",2014,128
"5210",-95.3974685668945,42.5650367736816,801,25797,"iowa","ida",2015,116
"5211",-95.3974685668945,42.5650367736816,801,25797,"iowa","ida",2016,104
"5212",-95.3974685668945,42.5650367736816,801,25797,"iowa","ida",2017,115
"5213",-95.3974685668945,42.5650367736816,801,25797,"iowa","ida",2018,122
"5214",-95.3974685668945,42.5650367736816,801,25797,"iowa","ida",2019,135
"5215",-95.3974685668945,42.5650367736816,801,25797,"iowa","ida",2020,116
"5216",-95.3974685668945,42.5650367736816,801,25797,"iowa","ida",2021,116
"5217",-95.3974685668945,42.5650367736816,801,25797,"iowa","ida",2022,111
"5218",-95.3974685668945,42.5650367736816,801,25797,"iowa","ida",2023,98
"5219",-95.3974685668945,42.5650367736816,801,25797,"iowa","ida",2024,89
"5220",-95.3974685668945,42.5650367736816,801,25797,"iowa","ida",2025,4
"5221",-91.9310836791992,41.5165214538574,802,25799,"iowa","iowa",2014,418
"5222",-91.9310836791992,41.5165214538574,802,25799,"iowa","iowa",2015,405
"5223",-91.9310836791992,41.5165214538574,802,25799,"iowa","iowa",2016,374
"5224",-91.9310836791992,41.5165214538574,802,25799,"iowa","iowa",2017,361
"5225",-91.9310836791992,41.5165214538574,802,25799,"iowa","iowa",2018,444
"5226",-91.9310836791992,41.5165214538574,802,25799,"iowa","iowa",2019,452
"5227",-91.9310836791992,41.5165214538574,802,25799,"iowa","iowa",2020,379
"5228",-91.9310836791992,41.5165214538574,802,25799,"iowa","iowa",2021,387
"5229",-91.9310836791992,41.5165214538574,802,25799,"iowa","iowa",2022,397
"5230",-91.9310836791992,41.5165214538574,802,25799,"iowa","iowa",2023,349
"5231",-91.9310836791992,41.5165214538574,802,25799,"iowa","iowa",2024,393
"5232",-91.9310836791992,41.5165214538574,802,25799,"iowa","iowa",2025,36
"5233",-92.2691192626953,41.5222511291504,802,25800,"iowa","iowa",2014,418
"5234",-92.2691192626953,41.5222511291504,802,25800,"iowa","iowa",2015,405
"5235",-92.2691192626953,41.5222511291504,802,25800,"iowa","iowa",2016,374
"5236",-92.2691192626953,41.5222511291504,802,25800,"iowa","iowa",2017,361
"5237",-92.2691192626953,41.5222511291504,802,25800,"iowa","iowa",2018,444
"5238",-92.2691192626953,41.5222511291504,802,25800,"iowa","iowa",2019,452
"5239",-92.2691192626953,41.5222511291504,802,25800,"iowa","iowa",2020,379
"5240",-92.2691192626953,41.5222511291504,802,25800,"iowa","iowa",2021,387
"5241",-92.2691192626953,41.5222511291504,802,25800,"iowa","iowa",2022,397
"5242",-92.2691192626953,41.5222511291504,802,25800,"iowa","iowa",2023,349
"5243",-92.2691192626953,41.5222511291504,802,25800,"iowa","iowa",2024,393
"5244",-92.2691192626953,41.5222511291504,802,25800,"iowa","iowa",2025,36
"5245",-92.2748489379883,41.6081924438477,802,25801,"iowa","iowa",2014,418
"5246",-92.2748489379883,41.6081924438477,802,25801,"iowa","iowa",2015,405
"5247",-92.2748489379883,41.6081924438477,802,25801,"iowa","iowa",2016,374
"5248",-92.2748489379883,41.6081924438477,802,25801,"iowa","iowa",2017,361
"5249",-92.2748489379883,41.6081924438477,802,25801,"iowa","iowa",2018,444
"5250",-92.2748489379883,41.6081924438477,802,25801,"iowa","iowa",2019,452
"5251",-92.2748489379883,41.6081924438477,802,25801,"iowa","iowa",2020,379
"5252",-92.2748489379883,41.6081924438477,802,25801,"iowa","iowa",2021,387
"5253",-92.2748489379883,41.6081924438477,802,25801,"iowa","iowa",2022,397
"5254",-92.2748489379883,41.6081924438477,802,25801,"iowa","iowa",2023,349
"5255",-92.2748489379883,41.6081924438477,802,25801,"iowa","iowa",2024,393
"5256",-92.2748489379883,41.6081924438477,802,25801,"iowa","iowa",2025,36
"5257",-92.2863159179688,41.6081924438477,802,25802,"iowa","iowa",2014,418
"5258",-92.2863159179688,41.6081924438477,802,25802,"iowa","iowa",2015,405
"5259",-92.2863159179688,41.6081924438477,802,25802,"iowa","iowa",2016,374
"5260",-92.2863159179688,41.6081924438477,802,25802,"iowa","iowa",2017,361
"5261",-92.2863159179688,41.6081924438477,802,25802,"iowa","iowa",2018,444
"5262",-92.2863159179688,41.6081924438477,802,25802,"iowa","iowa",2019,452
"5263",-92.2863159179688,41.6081924438477,802,25802,"iowa","iowa",2020,379
"5264",-92.2863159179688,41.6081924438477,802,25802,"iowa","iowa",2021,387
"5265",-92.2863159179688,41.6081924438477,802,25802,"iowa","iowa",2022,397
"5266",-92.2863159179688,41.6081924438477,802,25802,"iowa","iowa",2023,349
"5267",-92.2863159179688,41.6081924438477,802,25802,"iowa","iowa",2024,393
"5268",-92.2863159179688,41.6081924438477,802,25802,"iowa","iowa",2025,36
"5269",-92.2805786132812,41.871753692627,802,25803,"iowa","iowa",2014,418
"5270",-92.2805786132812,41.871753692627,802,25803,"iowa","iowa",2015,405
"5271",-92.2805786132812,41.871753692627,802,25803,"iowa","iowa",2016,374
"5272",-92.2805786132812,41.871753692627,802,25803,"iowa","iowa",2017,361
"5273",-92.2805786132812,41.871753692627,802,25803,"iowa","iowa",2018,444
"5274",-92.2805786132812,41.871753692627,802,25803,"iowa","iowa",2019,452
"5275",-92.2805786132812,41.871753692627,802,25803,"iowa","iowa",2020,379
"5276",-92.2805786132812,41.871753692627,802,25803,"iowa","iowa",2021,387
"5277",-92.2805786132812,41.871753692627,802,25803,"iowa","iowa",2022,397
"5278",-92.2805786132812,41.871753692627,802,25803,"iowa","iowa",2023,349
"5279",-92.2805786132812,41.871753692627,802,25803,"iowa","iowa",2024,393
"5280",-92.2805786132812,41.871753692627,802,25803,"iowa","iowa",2025,36
"5281",-91.8222122192383,41.871753692627,802,25804,"iowa","iowa",2014,418
"5282",-91.8222122192383,41.871753692627,802,25804,"iowa","iowa",2015,405
"5283",-91.8222122192383,41.871753692627,802,25804,"iowa","iowa",2016,374
"5284",-91.8222122192383,41.871753692627,802,25804,"iowa","iowa",2017,361
"5285",-91.8222122192383,41.871753692627,802,25804,"iowa","iowa",2018,444
"5286",-91.8222122192383,41.871753692627,802,25804,"iowa","iowa",2019,452
"5287",-91.8222122192383,41.871753692627,802,25804,"iowa","iowa",2020,379
"5288",-91.8222122192383,41.871753692627,802,25804,"iowa","iowa",2021,387
"5289",-91.8222122192383,41.871753692627,802,25804,"iowa","iowa",2022,397
"5290",-91.8222122192383,41.871753692627,802,25804,"iowa","iowa",2023,349
"5291",-91.8222122192383,41.871753692627,802,25804,"iowa","iowa",2024,393
"5292",-91.8222122192383,41.871753692627,802,25804,"iowa","iowa",2025,36
"5293",-91.8279418945312,41.6081924438477,802,25805,"iowa","iowa",2014,418
"5294",-91.8279418945312,41.6081924438477,802,25805,"iowa","iowa",2015,405
"5295",-91.8279418945312,41.6081924438477,802,25805,"iowa","iowa",2016,374
"5296",-91.8279418945312,41.6081924438477,802,25805,"iowa","iowa",2017,361
"5297",-91.8279418945312,41.6081924438477,802,25805,"iowa","iowa",2018,444
"5298",-91.8279418945312,41.6081924438477,802,25805,"iowa","iowa",2019,452
"5299",-91.8279418945312,41.6081924438477,802,25805,"iowa","iowa",2020,379
"5300",-91.8279418945312,41.6081924438477,802,25805,"iowa","iowa",2021,387
"5301",-91.8279418945312,41.6081924438477,802,25805,"iowa","iowa",2022,397
"5302",-91.8279418945312,41.6081924438477,802,25805,"iowa","iowa",2023,349
"5303",-91.8279418945312,41.6081924438477,802,25805,"iowa","iowa",2024,393
"5304",-91.8279418945312,41.6081924438477,802,25805,"iowa","iowa",2025,36
"5305",-91.8164825439453,41.6081924438477,802,25806,"iowa","iowa",2014,418
"5306",-91.8164825439453,41.6081924438477,802,25806,"iowa","iowa",2015,405
"5307",-91.8164825439453,41.6081924438477,802,25806,"iowa","iowa",2016,374
"5308",-91.8164825439453,41.6081924438477,802,25806,"iowa","iowa",2017,361
"5309",-91.8164825439453,41.6081924438477,802,25806,"iowa","iowa",2018,444
"5310",-91.8164825439453,41.6081924438477,802,25806,"iowa","iowa",2019,452
"5311",-91.8164825439453,41.6081924438477,802,25806,"iowa","iowa",2020,379
"5312",-91.8164825439453,41.6081924438477,802,25806,"iowa","iowa",2021,387
"5313",-91.8164825439453,41.6081924438477,802,25806,"iowa","iowa",2022,397
"5314",-91.8164825439453,41.6081924438477,802,25806,"iowa","iowa",2023,349
"5315",-91.8164825439453,41.6081924438477,802,25806,"iowa","iowa",2024,393
"5316",-91.8164825439453,41.6081924438477,802,25806,"iowa","iowa",2025,36
"5317",-91.8222122192383,41.5165214538574,802,25807,"iowa","iowa",2014,418
"5318",-91.8222122192383,41.5165214538574,802,25807,"iowa","iowa",2015,405
"5319",-91.8222122192383,41.5165214538574,802,25807,"iowa","iowa",2016,374
"5320",-91.8222122192383,41.5165214538574,802,25807,"iowa","iowa",2017,361
"5321",-91.8222122192383,41.5165214538574,802,25807,"iowa","iowa",2018,444
"5322",-91.8222122192383,41.5165214538574,802,25807,"iowa","iowa",2019,452
"5323",-91.8222122192383,41.5165214538574,802,25807,"iowa","iowa",2020,379
"5324",-91.8222122192383,41.5165214538574,802,25807,"iowa","iowa",2021,387
"5325",-91.8222122192383,41.5165214538574,802,25807,"iowa","iowa",2022,397
"5326",-91.8222122192383,41.5165214538574,802,25807,"iowa","iowa",2023,349
"5327",-91.8222122192383,41.5165214538574,802,25807,"iowa","iowa",2024,393
"5328",-91.8222122192383,41.5165214538574,802,25807,"iowa","iowa",2025,36
"5329",-91.9310836791992,41.5165214538574,802,25808,"iowa","iowa",2014,418
"5330",-91.9310836791992,41.5165214538574,802,25808,"iowa","iowa",2015,405
"5331",-91.9310836791992,41.5165214538574,802,25808,"iowa","iowa",2016,374
"5332",-91.9310836791992,41.5165214538574,802,25808,"iowa","iowa",2017,361
"5333",-91.9310836791992,41.5165214538574,802,25808,"iowa","iowa",2018,444
"5334",-91.9310836791992,41.5165214538574,802,25808,"iowa","iowa",2019,452
"5335",-91.9310836791992,41.5165214538574,802,25808,"iowa","iowa",2020,379
"5336",-91.9310836791992,41.5165214538574,802,25808,"iowa","iowa",2021,387
"5337",-91.9310836791992,41.5165214538574,802,25808,"iowa","iowa",2022,397
"5338",-91.9310836791992,41.5165214538574,802,25808,"iowa","iowa",2023,349
"5339",-91.9310836791992,41.5165214538574,802,25808,"iowa","iowa",2024,393
"5340",-91.9310836791992,41.5165214538574,802,25808,"iowa","iowa",2025,36
"5341",-90.1491775512695,42.0379104614258,803,25810,"iowa","jackson",2014,192
"5342",-90.1491775512695,42.0379104614258,803,25810,"iowa","jackson",2015,152
"5343",-90.1491775512695,42.0379104614258,803,25810,"iowa","jackson",2016,183
"5344",-90.1491775512695,42.0379104614258,803,25810,"iowa","jackson",2017,194
"5345",-90.1491775512695,42.0379104614258,803,25810,"iowa","jackson",2018,175
"5346",-90.1491775512695,42.0379104614258,803,25810,"iowa","jackson",2019,155
"5347",-90.1491775512695,42.0379104614258,803,25810,"iowa","jackson",2020,146
"5348",-90.1491775512695,42.0379104614258,803,25810,"iowa","jackson",2021,176
"5349",-90.1491775512695,42.0379104614258,803,25810,"iowa","jackson",2022,214
"5350",-90.1491775512695,42.0379104614258,803,25810,"iowa","jackson",2023,258
"5351",-90.1491775512695,42.0379104614258,803,25810,"iowa","jackson",2024,271
"5352",-90.1491775512695,42.0379104614258,803,25810,"iowa","jackson",2025,17
"5353",-90.8768310546875,42.0379104614258,803,25811,"iowa","jackson",2014,192
"5354",-90.8768310546875,42.0379104614258,803,25811,"iowa","jackson",2015,152
"5355",-90.8768310546875,42.0379104614258,803,25811,"iowa","jackson",2016,183
"5356",-90.8768310546875,42.0379104614258,803,25811,"iowa","jackson",2017,194
"5357",-90.8768310546875,42.0379104614258,803,25811,"iowa","jackson",2018,175
"5358",-90.8768310546875,42.0379104614258,803,25811,"iowa","jackson",2019,155
"5359",-90.8768310546875,42.0379104614258,803,25811,"iowa","jackson",2020,146
"5360",-90.8768310546875,42.0379104614258,803,25811,"iowa","jackson",2021,176
"5361",-90.8768310546875,42.0379104614258,803,25811,"iowa","jackson",2022,214
"5362",-90.8768310546875,42.0379104614258,803,25811,"iowa","jackson",2023,258
"5363",-90.8768310546875,42.0379104614258,803,25811,"iowa","jackson",2024,271
"5364",-90.8768310546875,42.0379104614258,803,25811,"iowa","jackson",2025,17
"5365",-90.8711013793945,42.3014755249023,803,25812,"iowa","jackson",2014,192
"5366",-90.8711013793945,42.3014755249023,803,25812,"iowa","jackson",2015,152
"5367",-90.8711013793945,42.3014755249023,803,25812,"iowa","jackson",2016,183
"5368",-90.8711013793945,42.3014755249023,803,25812,"iowa","jackson",2017,194
"5369",-90.8711013793945,42.3014755249023,803,25812,"iowa","jackson",2018,175
"5370",-90.8711013793945,42.3014755249023,803,25812,"iowa","jackson",2019,155
"5371",-90.8711013793945,42.3014755249023,803,25812,"iowa","jackson",2020,146
"5372",-90.8711013793945,42.3014755249023,803,25812,"iowa","jackson",2021,176
"5373",-90.8711013793945,42.3014755249023,803,25812,"iowa","jackson",2022,214
"5374",-90.8711013793945,42.3014755249023,803,25812,"iowa","jackson",2023,258
"5375",-90.8711013793945,42.3014755249023,803,25812,"iowa","jackson",2024,271
"5376",-90.8711013793945,42.3014755249023,803,25812,"iowa","jackson",2025,17
"5377",-90.6419219970703,42.3014755249023,803,25813,"iowa","jackson",2014,192
"5378",-90.6419219970703,42.3014755249023,803,25813,"iowa","jackson",2015,152
"5379",-90.6419219970703,42.3014755249023,803,25813,"iowa","jackson",2016,183
"5380",-90.6419219970703,42.3014755249023,803,25813,"iowa","jackson",2017,194
"5381",-90.6419219970703,42.3014755249023,803,25813,"iowa","jackson",2018,175
"5382",-90.6419219970703,42.3014755249023,803,25813,"iowa","jackson",2019,155
"5383",-90.6419219970703,42.3014755249023,803,25813,"iowa","jackson",2020,146
"5384",-90.6419219970703,42.3014755249023,803,25813,"iowa","jackson",2021,176
"5385",-90.6419219970703,42.3014755249023,803,25813,"iowa","jackson",2022,214
"5386",-90.6419219970703,42.3014755249023,803,25813,"iowa","jackson",2023,258
"5387",-90.6419219970703,42.3014755249023,803,25813,"iowa","jackson",2024,271
"5388",-90.6419219970703,42.3014755249023,803,25813,"iowa","jackson",2025,17
"5389",-90.6304626464844,42.3931465148926,803,25814,"iowa","jackson",2014,192
"5390",-90.6304626464844,42.3931465148926,803,25814,"iowa","jackson",2015,152
"5391",-90.6304626464844,42.3931465148926,803,25814,"iowa","jackson",2016,183
"5392",-90.6304626464844,42.3931465148926,803,25814,"iowa","jackson",2017,194
"5393",-90.6304626464844,42.3931465148926,803,25814,"iowa","jackson",2018,175
"5394",-90.6304626464844,42.3931465148926,803,25814,"iowa","jackson",2019,155
"5395",-90.6304626464844,42.3931465148926,803,25814,"iowa","jackson",2020,146
"5396",-90.6304626464844,42.3931465148926,803,25814,"iowa","jackson",2021,176
"5397",-90.6304626464844,42.3931465148926,803,25814,"iowa","jackson",2022,214
"5398",-90.6304626464844,42.3931465148926,803,25814,"iowa","jackson",2023,258
"5399",-90.6304626464844,42.3931465148926,803,25814,"iowa","jackson",2024,271
"5400",-90.6304626464844,42.3931465148926,803,25814,"iowa","jackson",2025,17
"5401",-90.4814987182617,42.3874168395996,803,25815,"iowa","jackson",2014,192
"5402",-90.4814987182617,42.3874168395996,803,25815,"iowa","jackson",2015,152
"5403",-90.4814987182617,42.3874168395996,803,25815,"iowa","jackson",2016,183
"5404",-90.4814987182617,42.3874168395996,803,25815,"iowa","jackson",2017,194
"5405",-90.4814987182617,42.3874168395996,803,25815,"iowa","jackson",2018,175
"5406",-90.4814987182617,42.3874168395996,803,25815,"iowa","jackson",2019,155
"5407",-90.4814987182617,42.3874168395996,803,25815,"iowa","jackson",2020,146
"5408",-90.4814987182617,42.3874168395996,803,25815,"iowa","jackson",2021,176
"5409",-90.4814987182617,42.3874168395996,803,25815,"iowa","jackson",2022,214
"5410",-90.4814987182617,42.3874168395996,803,25815,"iowa","jackson",2023,258
"5411",-90.4814987182617,42.3874168395996,803,25815,"iowa","jackson",2024,271
"5412",-90.4814987182617,42.3874168395996,803,25815,"iowa","jackson",2025,17
"5413",-90.4528427124023,42.3702278137207,803,25816,"iowa","jackson",2014,192
"5414",-90.4528427124023,42.3702278137207,803,25816,"iowa","jackson",2015,152
"5415",-90.4528427124023,42.3702278137207,803,25816,"iowa","jackson",2016,183
"5416",-90.4528427124023,42.3702278137207,803,25816,"iowa","jackson",2017,194
"5417",-90.4528427124023,42.3702278137207,803,25816,"iowa","jackson",2018,175
"5418",-90.4528427124023,42.3702278137207,803,25816,"iowa","jackson",2019,155
"5419",-90.4528427124023,42.3702278137207,803,25816,"iowa","jackson",2020,146
"5420",-90.4528427124023,42.3702278137207,803,25816,"iowa","jackson",2021,176
"5421",-90.4528427124023,42.3702278137207,803,25816,"iowa","jackson",2022,214
"5422",-90.4528427124023,42.3702278137207,803,25816,"iowa","jackson",2023,258
"5423",-90.4528427124023,42.3702278137207,803,25816,"iowa","jackson",2024,271
"5424",-90.4528427124023,42.3702278137207,803,25816,"iowa","jackson",2025,17
"5425",-90.4184646606445,42.3358535766602,803,25817,"iowa","jackson",2014,192
"5426",-90.4184646606445,42.3358535766602,803,25817,"iowa","jackson",2015,152
"5427",-90.4184646606445,42.3358535766602,803,25817,"iowa","jackson",2016,183
"5428",-90.4184646606445,42.3358535766602,803,25817,"iowa","jackson",2017,194
"5429",-90.4184646606445,42.3358535766602,803,25817,"iowa","jackson",2018,175
"5430",-90.4184646606445,42.3358535766602,803,25817,"iowa","jackson",2019,155
"5431",-90.4184646606445,42.3358535766602,803,25817,"iowa","jackson",2020,146
"5432",-90.4184646606445,42.3358535766602,803,25817,"iowa","jackson",2021,176
"5433",-90.4184646606445,42.3358535766602,803,25817,"iowa","jackson",2022,214
"5434",-90.4184646606445,42.3358535766602,803,25817,"iowa","jackson",2023,258
"5435",-90.4184646606445,42.3358535766602,803,25817,"iowa","jackson",2024,271
"5436",-90.4184646606445,42.3358535766602,803,25817,"iowa","jackson",2025,17
"5437",-90.4184646606445,42.2957458496094,803,25818,"iowa","jackson",2014,192
"5438",-90.4184646606445,42.2957458496094,803,25818,"iowa","jackson",2015,152
"5439",-90.4184646606445,42.2957458496094,803,25818,"iowa","jackson",2016,183
"5440",-90.4184646606445,42.2957458496094,803,25818,"iowa","jackson",2017,194
"5441",-90.4184646606445,42.2957458496094,803,25818,"iowa","jackson",2018,175
"5442",-90.4184646606445,42.2957458496094,803,25818,"iowa","jackson",2019,155
"5443",-90.4184646606445,42.2957458496094,803,25818,"iowa","jackson",2020,146
"5444",-90.4184646606445,42.2957458496094,803,25818,"iowa","jackson",2021,176
"5445",-90.4184646606445,42.2957458496094,803,25818,"iowa","jackson",2022,214
"5446",-90.4184646606445,42.2957458496094,803,25818,"iowa","jackson",2023,258
"5447",-90.4184646606445,42.2957458496094,803,25818,"iowa","jackson",2024,271
"5448",-90.4184646606445,42.2957458496094,803,25818,"iowa","jackson",2025,17
"5449",-90.4070129394531,42.2499084472656,803,25819,"iowa","jackson",2014,192
"5450",-90.4070129394531,42.2499084472656,803,25819,"iowa","jackson",2015,152
"5451",-90.4070129394531,42.2499084472656,803,25819,"iowa","jackson",2016,183
"5452",-90.4070129394531,42.2499084472656,803,25819,"iowa","jackson",2017,194
"5453",-90.4070129394531,42.2499084472656,803,25819,"iowa","jackson",2018,175
"5454",-90.4070129394531,42.2499084472656,803,25819,"iowa","jackson",2019,155
"5455",-90.4070129394531,42.2499084472656,803,25819,"iowa","jackson",2020,146
"5456",-90.4070129394531,42.2499084472656,803,25819,"iowa","jackson",2021,176
"5457",-90.4070129394531,42.2499084472656,803,25819,"iowa","jackson",2022,214
"5458",-90.4070129394531,42.2499084472656,803,25819,"iowa","jackson",2023,258
"5459",-90.4070129394531,42.2499084472656,803,25819,"iowa","jackson",2024,271
"5460",-90.4070129394531,42.2499084472656,803,25819,"iowa","jackson",2025,17
"5461",-90.3726272583008,42.2269897460938,803,25820,"iowa","jackson",2014,192
"5462",-90.3726272583008,42.2269897460938,803,25820,"iowa","jackson",2015,152
"5463",-90.3726272583008,42.2269897460938,803,25820,"iowa","jackson",2016,183
"5464",-90.3726272583008,42.2269897460938,803,25820,"iowa","jackson",2017,194
"5465",-90.3726272583008,42.2269897460938,803,25820,"iowa","jackson",2018,175
"5466",-90.3726272583008,42.2269897460938,803,25820,"iowa","jackson",2019,155
"5467",-90.3726272583008,42.2269897460938,803,25820,"iowa","jackson",2020,146
"5468",-90.3726272583008,42.2269897460938,803,25820,"iowa","jackson",2021,176
"5469",-90.3726272583008,42.2269897460938,803,25820,"iowa","jackson",2022,214
"5470",-90.3726272583008,42.2269897460938,803,25820,"iowa","jackson",2023,258
"5471",-90.3726272583008,42.2269897460938,803,25820,"iowa","jackson",2024,271
"5472",-90.3726272583008,42.2269897460938,803,25820,"iowa","jackson",2025,17
"5473",-90.3267974853516,42.2040710449219,803,25821,"iowa","jackson",2014,192
"5474",-90.3267974853516,42.2040710449219,803,25821,"iowa","jackson",2015,152
"5475",-90.3267974853516,42.2040710449219,803,25821,"iowa","jackson",2016,183
"5476",-90.3267974853516,42.2040710449219,803,25821,"iowa","jackson",2017,194
"5477",-90.3267974853516,42.2040710449219,803,25821,"iowa","jackson",2018,175
"5478",-90.3267974853516,42.2040710449219,803,25821,"iowa","jackson",2019,155
"5479",-90.3267974853516,42.2040710449219,803,25821,"iowa","jackson",2020,146
"5480",-90.3267974853516,42.2040710449219,803,25821,"iowa","jackson",2021,176
"5481",-90.3267974853516,42.2040710449219,803,25821,"iowa","jackson",2022,214
"5482",-90.3267974853516,42.2040710449219,803,25821,"iowa","jackson",2023,258
"5483",-90.3267974853516,42.2040710449219,803,25821,"iowa","jackson",2024,271
"5484",-90.3267974853516,42.2040710449219,803,25821,"iowa","jackson",2025,17
"5485",-90.24658203125,42.175422668457,803,25822,"iowa","jackson",2014,192
"5486",-90.24658203125,42.175422668457,803,25822,"iowa","jackson",2015,152
"5487",-90.24658203125,42.175422668457,803,25822,"iowa","jackson",2016,183
"5488",-90.24658203125,42.175422668457,803,25822,"iowa","jackson",2017,194
"5489",-90.24658203125,42.175422668457,803,25822,"iowa","jackson",2018,175
"5490",-90.24658203125,42.175422668457,803,25822,"iowa","jackson",2019,155
"5491",-90.24658203125,42.175422668457,803,25822,"iowa","jackson",2020,146
"5492",-90.24658203125,42.175422668457,803,25822,"iowa","jackson",2021,176
"5493",-90.24658203125,42.175422668457,803,25822,"iowa","jackson",2022,214
"5494",-90.24658203125,42.175422668457,803,25822,"iowa","jackson",2023,258
"5495",-90.24658203125,42.175422668457,803,25822,"iowa","jackson",2024,271
"5496",-90.24658203125,42.175422668457,803,25822,"iowa","jackson",2025,17
"5497",-90.1778259277344,42.1353187561035,803,25823,"iowa","jackson",2014,192
"5498",-90.1778259277344,42.1353187561035,803,25823,"iowa","jackson",2015,152
"5499",-90.1778259277344,42.1353187561035,803,25823,"iowa","jackson",2016,183
"5500",-90.1778259277344,42.1353187561035,803,25823,"iowa","jackson",2017,194
"5501",-90.1778259277344,42.1353187561035,803,25823,"iowa","jackson",2018,175
"5502",-90.1778259277344,42.1353187561035,803,25823,"iowa","jackson",2019,155
"5503",-90.1778259277344,42.1353187561035,803,25823,"iowa","jackson",2020,146
"5504",-90.1778259277344,42.1353187561035,803,25823,"iowa","jackson",2021,176
"5505",-90.1778259277344,42.1353187561035,803,25823,"iowa","jackson",2022,214
"5506",-90.1778259277344,42.1353187561035,803,25823,"iowa","jackson",2023,258
"5507",-90.1778259277344,42.1353187561035,803,25823,"iowa","jackson",2024,271
"5508",-90.1778259277344,42.1353187561035,803,25823,"iowa","jackson",2025,17
"5509",-90.16064453125,42.1009368896484,803,25824,"iowa","jackson",2014,192
"5510",-90.16064453125,42.1009368896484,803,25824,"iowa","jackson",2015,152
"5511",-90.16064453125,42.1009368896484,803,25824,"iowa","jackson",2016,183
"5512",-90.16064453125,42.1009368896484,803,25824,"iowa","jackson",2017,194
"5513",-90.16064453125,42.1009368896484,803,25824,"iowa","jackson",2018,175
"5514",-90.16064453125,42.1009368896484,803,25824,"iowa","jackson",2019,155
"5515",-90.16064453125,42.1009368896484,803,25824,"iowa","jackson",2020,146
"5516",-90.16064453125,42.1009368896484,803,25824,"iowa","jackson",2021,176
"5517",-90.16064453125,42.1009368896484,803,25824,"iowa","jackson",2022,214
"5518",-90.16064453125,42.1009368896484,803,25824,"iowa","jackson",2023,258
"5519",-90.16064453125,42.1009368896484,803,25824,"iowa","jackson",2024,271
"5520",-90.16064453125,42.1009368896484,803,25824,"iowa","jackson",2025,17
"5521",-90.1491775512695,42.0379104614258,803,25825,"iowa","jackson",2014,192
"5522",-90.1491775512695,42.0379104614258,803,25825,"iowa","jackson",2015,152
"5523",-90.1491775512695,42.0379104614258,803,25825,"iowa","jackson",2016,183
"5524",-90.1491775512695,42.0379104614258,803,25825,"iowa","jackson",2017,194
"5525",-90.1491775512695,42.0379104614258,803,25825,"iowa","jackson",2018,175
"5526",-90.1491775512695,42.0379104614258,803,25825,"iowa","jackson",2019,155
"5527",-90.1491775512695,42.0379104614258,803,25825,"iowa","jackson",2020,146
"5528",-90.1491775512695,42.0379104614258,803,25825,"iowa","jackson",2021,176
"5529",-90.1491775512695,42.0379104614258,803,25825,"iowa","jackson",2022,214
"5530",-90.1491775512695,42.0379104614258,803,25825,"iowa","jackson",2023,258
"5531",-90.1491775512695,42.0379104614258,803,25825,"iowa","jackson",2024,271
"5532",-90.1491775512695,42.0379104614258,803,25825,"iowa","jackson",2025,17
"5533",-93.3348236083984,41.5050621032715,804,25827,"iowa","jasper",2014,517
"5534",-93.3348236083984,41.5050621032715,804,25827,"iowa","jasper",2015,568
"5535",-93.3348236083984,41.5050621032715,804,25827,"iowa","jasper",2016,586
"5536",-93.3348236083984,41.5050621032715,804,25827,"iowa","jasper",2017,582
"5537",-93.3348236083984,41.5050621032715,804,25827,"iowa","jasper",2018,704
"5538",-93.3348236083984,41.5050621032715,804,25827,"iowa","jasper",2019,708
"5539",-93.3348236083984,41.5050621032715,804,25827,"iowa","jasper",2020,571
"5540",-93.3348236083984,41.5050621032715,804,25827,"iowa","jasper",2021,692
"5541",-93.3348236083984,41.5050621032715,804,25827,"iowa","jasper",2022,652
"5542",-93.3348236083984,41.5050621032715,804,25827,"iowa","jasper",2023,577
"5543",-93.3348236083984,41.5050621032715,804,25827,"iowa","jasper",2024,627
"5544",-93.3348236083984,41.5050621032715,804,25827,"iowa","jasper",2025,36
"5545",-93.3348236083984,41.6081924438477,804,25828,"iowa","jasper",2014,517
"5546",-93.3348236083984,41.6081924438477,804,25828,"iowa","jasper",2015,568
"5547",-93.3348236083984,41.6081924438477,804,25828,"iowa","jasper",2016,586
"5548",-93.3348236083984,41.6081924438477,804,25828,"iowa","jasper",2017,582
"5549",-93.3348236083984,41.6081924438477,804,25828,"iowa","jasper",2018,704
"5550",-93.3348236083984,41.6081924438477,804,25828,"iowa","jasper",2019,708
"5551",-93.3348236083984,41.6081924438477,804,25828,"iowa","jasper",2020,571
"5552",-93.3348236083984,41.6081924438477,804,25828,"iowa","jasper",2021,692
"5553",-93.3348236083984,41.6081924438477,804,25828,"iowa","jasper",2022,652
"5554",-93.3348236083984,41.6081924438477,804,25828,"iowa","jasper",2023,577
"5555",-93.3348236083984,41.6081924438477,804,25828,"iowa","jasper",2024,627
"5556",-93.3348236083984,41.6081924438477,804,25828,"iowa","jasper",2025,36
"5557",-93.3520126342773,41.6081924438477,804,25829,"iowa","jasper",2014,517
"5558",-93.3520126342773,41.6081924438477,804,25829,"iowa","jasper",2015,568
"5559",-93.3520126342773,41.6081924438477,804,25829,"iowa","jasper",2016,586
"5560",-93.3520126342773,41.6081924438477,804,25829,"iowa","jasper",2017,582
"5561",-93.3520126342773,41.6081924438477,804,25829,"iowa","jasper",2018,704
"5562",-93.3520126342773,41.6081924438477,804,25829,"iowa","jasper",2019,708
"5563",-93.3520126342773,41.6081924438477,804,25829,"iowa","jasper",2020,571
"5564",-93.3520126342773,41.6081924438477,804,25829,"iowa","jasper",2021,692
"5565",-93.3520126342773,41.6081924438477,804,25829,"iowa","jasper",2022,652
"5566",-93.3520126342773,41.6081924438477,804,25829,"iowa","jasper",2023,577
"5567",-93.3520126342773,41.6081924438477,804,25829,"iowa","jasper",2024,627
"5568",-93.3520126342773,41.6081924438477,804,25829,"iowa","jasper",2025,36
"5569",-93.3462829589844,41.8602981567383,804,25830,"iowa","jasper",2014,517
"5570",-93.3462829589844,41.8602981567383,804,25830,"iowa","jasper",2015,568
"5571",-93.3462829589844,41.8602981567383,804,25830,"iowa","jasper",2016,586
"5572",-93.3462829589844,41.8602981567383,804,25830,"iowa","jasper",2017,582
"5573",-93.3462829589844,41.8602981567383,804,25830,"iowa","jasper",2018,704
"5574",-93.3462829589844,41.8602981567383,804,25830,"iowa","jasper",2019,708
"5575",-93.3462829589844,41.8602981567383,804,25830,"iowa","jasper",2020,571
"5576",-93.3462829589844,41.8602981567383,804,25830,"iowa","jasper",2021,692
"5577",-93.3462829589844,41.8602981567383,804,25830,"iowa","jasper",2022,652
"5578",-93.3462829589844,41.8602981567383,804,25830,"iowa","jasper",2023,577
"5579",-93.3462829589844,41.8602981567383,804,25830,"iowa","jasper",2024,627
"5580",-93.3462829589844,41.8602981567383,804,25830,"iowa","jasper",2025,36
"5581",-93.231689453125,41.8660278320312,804,25831,"iowa","jasper",2014,517
"5582",-93.231689453125,41.8660278320312,804,25831,"iowa","jasper",2015,568
"5583",-93.231689453125,41.8660278320312,804,25831,"iowa","jasper",2016,586
"5584",-93.231689453125,41.8660278320312,804,25831,"iowa","jasper",2017,582
"5585",-93.231689453125,41.8660278320312,804,25831,"iowa","jasper",2018,704
"5586",-93.231689453125,41.8660278320312,804,25831,"iowa","jasper",2019,708
"5587",-93.231689453125,41.8660278320312,804,25831,"iowa","jasper",2020,571
"5588",-93.231689453125,41.8660278320312,804,25831,"iowa","jasper",2021,692
"5589",-93.231689453125,41.8660278320312,804,25831,"iowa","jasper",2022,652
"5590",-93.231689453125,41.8660278320312,804,25831,"iowa","jasper",2023,577
"5591",-93.231689453125,41.8660278320312,804,25831,"iowa","jasper",2024,627
"5592",-93.231689453125,41.8660278320312,804,25831,"iowa","jasper",2025,36
"5593",-92.7618637084961,41.871753692627,804,25832,"iowa","jasper",2014,517
"5594",-92.7618637084961,41.871753692627,804,25832,"iowa","jasper",2015,568
"5595",-92.7618637084961,41.871753692627,804,25832,"iowa","jasper",2016,586
"5596",-92.7618637084961,41.871753692627,804,25832,"iowa","jasper",2017,582
"5597",-92.7618637084961,41.871753692627,804,25832,"iowa","jasper",2018,704
"5598",-92.7618637084961,41.871753692627,804,25832,"iowa","jasper",2019,708
"5599",-92.7618637084961,41.871753692627,804,25832,"iowa","jasper",2020,571
"5600",-92.7618637084961,41.871753692627,804,25832,"iowa","jasper",2021,692
"5601",-92.7618637084961,41.871753692627,804,25832,"iowa","jasper",2022,652
"5602",-92.7618637084961,41.871753692627,804,25832,"iowa","jasper",2023,577
"5603",-92.7618637084961,41.871753692627,804,25832,"iowa","jasper",2024,627
"5604",-92.7618637084961,41.871753692627,804,25832,"iowa","jasper",2025,36
"5605",-92.7618637084961,41.6311111450195,804,25833,"iowa","jasper",2014,517
"5606",-92.7618637084961,41.6311111450195,804,25833,"iowa","jasper",2015,568
"5607",-92.7618637084961,41.6311111450195,804,25833,"iowa","jasper",2016,586
"5608",-92.7618637084961,41.6311111450195,804,25833,"iowa","jasper",2017,582
"5609",-92.7618637084961,41.6311111450195,804,25833,"iowa","jasper",2018,704
"5610",-92.7618637084961,41.6311111450195,804,25833,"iowa","jasper",2019,708
"5611",-92.7618637084961,41.6311111450195,804,25833,"iowa","jasper",2020,571
"5612",-92.7618637084961,41.6311111450195,804,25833,"iowa","jasper",2021,692
"5613",-92.7618637084961,41.6311111450195,804,25833,"iowa","jasper",2022,652
"5614",-92.7618637084961,41.6311111450195,804,25833,"iowa","jasper",2023,577
"5615",-92.7618637084961,41.6311111450195,804,25833,"iowa","jasper",2024,627
"5616",-92.7618637084961,41.6311111450195,804,25833,"iowa","jasper",2025,36
"5617",-92.7446823120117,41.6311111450195,804,25834,"iowa","jasper",2014,517
"5618",-92.7446823120117,41.6311111450195,804,25834,"iowa","jasper",2015,568
"5619",-92.7446823120117,41.6311111450195,804,25834,"iowa","jasper",2016,586
"5620",-92.7446823120117,41.6311111450195,804,25834,"iowa","jasper",2017,582
"5621",-92.7446823120117,41.6311111450195,804,25834,"iowa","jasper",2018,704
"5622",-92.7446823120117,41.6311111450195,804,25834,"iowa","jasper",2019,708
"5623",-92.7446823120117,41.6311111450195,804,25834,"iowa","jasper",2020,571
"5624",-92.7446823120117,41.6311111450195,804,25834,"iowa","jasper",2021,692
"5625",-92.7446823120117,41.6311111450195,804,25834,"iowa","jasper",2022,652
"5626",-92.7446823120117,41.6311111450195,804,25834,"iowa","jasper",2023,577
"5627",-92.7446823120117,41.6311111450195,804,25834,"iowa","jasper",2024,627
"5628",-92.7446823120117,41.6311111450195,804,25834,"iowa","jasper",2025,36
"5629",-92.7446823120117,41.5165214538574,804,25835,"iowa","jasper",2014,517
"5630",-92.7446823120117,41.5165214538574,804,25835,"iowa","jasper",2015,568
"5631",-92.7446823120117,41.5165214538574,804,25835,"iowa","jasper",2016,586
"5632",-92.7446823120117,41.5165214538574,804,25835,"iowa","jasper",2017,582
"5633",-92.7446823120117,41.5165214538574,804,25835,"iowa","jasper",2018,704
"5634",-92.7446823120117,41.5165214538574,804,25835,"iowa","jasper",2019,708
"5635",-92.7446823120117,41.5165214538574,804,25835,"iowa","jasper",2020,571
"5636",-92.7446823120117,41.5165214538574,804,25835,"iowa","jasper",2021,692
"5637",-92.7446823120117,41.5165214538574,804,25835,"iowa","jasper",2022,652
"5638",-92.7446823120117,41.5165214538574,804,25835,"iowa","jasper",2023,577
"5639",-92.7446823120117,41.5165214538574,804,25835,"iowa","jasper",2024,627
"5640",-92.7446823120117,41.5165214538574,804,25835,"iowa","jasper",2025,36
"5641",-92.8592681884766,41.5165214538574,804,25836,"iowa","jasper",2014,517
"5642",-92.8592681884766,41.5165214538574,804,25836,"iowa","jasper",2015,568
"5643",-92.8592681884766,41.5165214538574,804,25836,"iowa","jasper",2016,586
"5644",-92.8592681884766,41.5165214538574,804,25836,"iowa","jasper",2017,582
"5645",-92.8592681884766,41.5165214538574,804,25836,"iowa","jasper",2018,704
"5646",-92.8592681884766,41.5165214538574,804,25836,"iowa","jasper",2019,708
"5647",-92.8592681884766,41.5165214538574,804,25836,"iowa","jasper",2020,571
"5648",-92.8592681884766,41.5165214538574,804,25836,"iowa","jasper",2021,692
"5649",-92.8592681884766,41.5165214538574,804,25836,"iowa","jasper",2022,652
"5650",-92.8592681884766,41.5165214538574,804,25836,"iowa","jasper",2023,577
"5651",-92.8592681884766,41.5165214538574,804,25836,"iowa","jasper",2024,627
"5652",-92.8592681884766,41.5165214538574,804,25836,"iowa","jasper",2025,36
"5653",-93.3348236083984,41.5050621032715,804,25837,"iowa","jasper",2014,517
"5654",-93.3348236083984,41.5050621032715,804,25837,"iowa","jasper",2015,568
"5655",-93.3348236083984,41.5050621032715,804,25837,"iowa","jasper",2016,586
"5656",-93.3348236083984,41.5050621032715,804,25837,"iowa","jasper",2017,582
"5657",-93.3348236083984,41.5050621032715,804,25837,"iowa","jasper",2018,704
"5658",-93.3348236083984,41.5050621032715,804,25837,"iowa","jasper",2019,708
"5659",-93.3348236083984,41.5050621032715,804,25837,"iowa","jasper",2020,571
"5660",-93.3348236083984,41.5050621032715,804,25837,"iowa","jasper",2021,692
"5661",-93.3348236083984,41.5050621032715,804,25837,"iowa","jasper",2022,652
"5662",-93.3348236083984,41.5050621032715,804,25837,"iowa","jasper",2023,577
"5663",-93.3348236083984,41.5050621032715,804,25837,"iowa","jasper",2024,627
"5664",-93.3348236083984,41.5050621032715,804,25837,"iowa","jasper",2025,36
"5665",-91.9253540039062,41.1727447509766,805,25839,"iowa","jefferson",2014,246
"5666",-91.9253540039062,41.1727447509766,805,25839,"iowa","jefferson",2015,256
"5667",-91.9253540039062,41.1727447509766,805,25839,"iowa","jefferson",2016,239
"5668",-91.9253540039062,41.1727447509766,805,25839,"iowa","jefferson",2017,247
"5669",-91.9253540039062,41.1727447509766,805,25839,"iowa","jefferson",2018,247
"5670",-91.9253540039062,41.1727447509766,805,25839,"iowa","jefferson",2019,229
"5671",-91.9253540039062,41.1727447509766,805,25839,"iowa","jefferson",2020,177
"5672",-91.9253540039062,41.1727447509766,805,25839,"iowa","jefferson",2021,238
"5673",-91.9253540039062,41.1727447509766,805,25839,"iowa","jefferson",2022,207
"5674",-91.9253540039062,41.1727447509766,805,25839,"iowa","jefferson",2023,202
"5675",-91.9253540039062,41.1727447509766,805,25839,"iowa","jefferson",2024,212
"5676",-91.9253540039062,41.1727447509766,805,25839,"iowa","jefferson",2025,14
"5677",-91.7018966674805,41.1727447509766,805,25840,"iowa","jefferson",2014,246
"5678",-91.7018966674805,41.1727447509766,805,25840,"iowa","jefferson",2015,256
"5679",-91.7018966674805,41.1727447509766,805,25840,"iowa","jefferson",2016,239
"5680",-91.7018966674805,41.1727447509766,805,25840,"iowa","jefferson",2017,247
"5681",-91.7018966674805,41.1727447509766,805,25840,"iowa","jefferson",2018,247
"5682",-91.7018966674805,41.1727447509766,805,25840,"iowa","jefferson",2019,229
"5683",-91.7018966674805,41.1727447509766,805,25840,"iowa","jefferson",2020,177
"5684",-91.7018966674805,41.1727447509766,805,25840,"iowa","jefferson",2021,238
"5685",-91.7018966674805,41.1727447509766,805,25840,"iowa","jefferson",2022,207
"5686",-91.7018966674805,41.1727447509766,805,25840,"iowa","jefferson",2023,202
"5687",-91.7018966674805,41.1727447509766,805,25840,"iowa","jefferson",2024,212
"5688",-91.7018966674805,41.1727447509766,805,25840,"iowa","jefferson",2025,14
"5689",-91.7018966674805,40.9034576416016,805,25841,"iowa","jefferson",2014,246
"5690",-91.7018966674805,40.9034576416016,805,25841,"iowa","jefferson",2015,256
"5691",-91.7018966674805,40.9034576416016,805,25841,"iowa","jefferson",2016,239
"5692",-91.7018966674805,40.9034576416016,805,25841,"iowa","jefferson",2017,247
"5693",-91.7018966674805,40.9034576416016,805,25841,"iowa","jefferson",2018,247
"5694",-91.7018966674805,40.9034576416016,805,25841,"iowa","jefferson",2019,229
"5695",-91.7018966674805,40.9034576416016,805,25841,"iowa","jefferson",2020,177
"5696",-91.7018966674805,40.9034576416016,805,25841,"iowa","jefferson",2021,238
"5697",-91.7018966674805,40.9034576416016,805,25841,"iowa","jefferson",2022,207
"5698",-91.7018966674805,40.9034576416016,805,25841,"iowa","jefferson",2023,202
"5699",-91.7018966674805,40.9034576416016,805,25841,"iowa","jefferson",2024,212
"5700",-91.7018966674805,40.9034576416016,805,25841,"iowa","jefferson",2025,14
"5701",-92.1717224121094,40.9034576416016,805,25842,"iowa","jefferson",2014,246
"5702",-92.1717224121094,40.9034576416016,805,25842,"iowa","jefferson",2015,256
"5703",-92.1717224121094,40.9034576416016,805,25842,"iowa","jefferson",2016,239
"5704",-92.1717224121094,40.9034576416016,805,25842,"iowa","jefferson",2017,247
"5705",-92.1717224121094,40.9034576416016,805,25842,"iowa","jefferson",2018,247
"5706",-92.1717224121094,40.9034576416016,805,25842,"iowa","jefferson",2019,229
"5707",-92.1717224121094,40.9034576416016,805,25842,"iowa","jefferson",2020,177
"5708",-92.1717224121094,40.9034576416016,805,25842,"iowa","jefferson",2021,238
"5709",-92.1717224121094,40.9034576416016,805,25842,"iowa","jefferson",2022,207
"5710",-92.1717224121094,40.9034576416016,805,25842,"iowa","jefferson",2023,202
"5711",-92.1717224121094,40.9034576416016,805,25842,"iowa","jefferson",2024,212
"5712",-92.1717224121094,40.9034576416016,805,25842,"iowa","jefferson",2025,14
"5713",-92.1659927368164,41.1670188903809,805,25843,"iowa","jefferson",2014,246
"5714",-92.1659927368164,41.1670188903809,805,25843,"iowa","jefferson",2015,256
"5715",-92.1659927368164,41.1670188903809,805,25843,"iowa","jefferson",2016,239
"5716",-92.1659927368164,41.1670188903809,805,25843,"iowa","jefferson",2017,247
"5717",-92.1659927368164,41.1670188903809,805,25843,"iowa","jefferson",2018,247
"5718",-92.1659927368164,41.1670188903809,805,25843,"iowa","jefferson",2019,229
"5719",-92.1659927368164,41.1670188903809,805,25843,"iowa","jefferson",2020,177
"5720",-92.1659927368164,41.1670188903809,805,25843,"iowa","jefferson",2021,238
"5721",-92.1659927368164,41.1670188903809,805,25843,"iowa","jefferson",2022,207
"5722",-92.1659927368164,41.1670188903809,805,25843,"iowa","jefferson",2023,202
"5723",-92.1659927368164,41.1670188903809,805,25843,"iowa","jefferson",2024,212
"5724",-92.1659927368164,41.1670188903809,805,25843,"iowa","jefferson",2025,14
"5725",-91.9253540039062,41.1727447509766,805,25844,"iowa","jefferson",2014,246
"5726",-91.9253540039062,41.1727447509766,805,25844,"iowa","jefferson",2015,256
"5727",-91.9253540039062,41.1727447509766,805,25844,"iowa","jefferson",2016,239
"5728",-91.9253540039062,41.1727447509766,805,25844,"iowa","jefferson",2017,247
"5729",-91.9253540039062,41.1727447509766,805,25844,"iowa","jefferson",2018,247
"5730",-91.9253540039062,41.1727447509766,805,25844,"iowa","jefferson",2019,229
"5731",-91.9253540039062,41.1727447509766,805,25844,"iowa","jefferson",2020,177
"5732",-91.9253540039062,41.1727447509766,805,25844,"iowa","jefferson",2021,238
"5733",-91.9253540039062,41.1727447509766,805,25844,"iowa","jefferson",2022,207
"5734",-91.9253540039062,41.1727447509766,805,25844,"iowa","jefferson",2023,202
"5735",-91.9253540039062,41.1727447509766,805,25844,"iowa","jefferson",2024,212
"5736",-91.9253540039062,41.1727447509766,805,25844,"iowa","jefferson",2025,14
"5737",-91.3466644287109,41.6081924438477,806,25846,"iowa","johnson",2014,2397
"5738",-91.3466644287109,41.6081924438477,806,25846,"iowa","johnson",2015,2380
"5739",-91.3466644287109,41.6081924438477,806,25846,"iowa","johnson",2016,2601
"5740",-91.3466644287109,41.6081924438477,806,25846,"iowa","johnson",2017,2602
"5741",-91.3466644287109,41.6081924438477,806,25846,"iowa","johnson",2018,2583
"5742",-91.3466644287109,41.6081924438477,806,25846,"iowa","johnson",2019,2606
"5743",-91.3466644287109,41.6081924438477,806,25846,"iowa","johnson",2020,1636
"5744",-91.3466644287109,41.6081924438477,806,25846,"iowa","johnson",2021,2351
"5745",-91.3466644287109,41.6081924438477,806,25846,"iowa","johnson",2022,2395
"5746",-91.3466644287109,41.6081924438477,806,25846,"iowa","johnson",2023,2346
"5747",-91.3466644287109,41.6081924438477,806,25846,"iowa","johnson",2024,2513
"5748",-91.3466644287109,41.6081924438477,806,25846,"iowa","johnson",2025,220
"5749",-91.3523941040039,41.4248466491699,806,25847,"iowa","johnson",2014,2397
"5750",-91.3523941040039,41.4248466491699,806,25847,"iowa","johnson",2015,2380
"5751",-91.3523941040039,41.4248466491699,806,25847,"iowa","johnson",2016,2601
"5752",-91.3523941040039,41.4248466491699,806,25847,"iowa","johnson",2017,2602
"5753",-91.3523941040039,41.4248466491699,806,25847,"iowa","johnson",2018,2583
"5754",-91.3523941040039,41.4248466491699,806,25847,"iowa","johnson",2019,2606
"5755",-91.3523941040039,41.4248466491699,806,25847,"iowa","johnson",2020,1636
"5756",-91.3523941040039,41.4248466491699,806,25847,"iowa","johnson",2021,2351
"5757",-91.3523941040039,41.4248466491699,806,25847,"iowa","johnson",2022,2395
"5758",-91.3523941040039,41.4248466491699,806,25847,"iowa","johnson",2023,2346
"5759",-91.3523941040039,41.4248466491699,806,25847,"iowa","johnson",2024,2513
"5760",-91.3523941040039,41.4248466491699,806,25847,"iowa","johnson",2025,220
"5761",-91.4727172851562,41.4305801391602,806,25848,"iowa","johnson",2014,2397
"5762",-91.4727172851562,41.4305801391602,806,25848,"iowa","johnson",2015,2380
"5763",-91.4727172851562,41.4305801391602,806,25848,"iowa","johnson",2016,2601
"5764",-91.4727172851562,41.4305801391602,806,25848,"iowa","johnson",2017,2602
"5765",-91.4727172851562,41.4305801391602,806,25848,"iowa","johnson",2018,2583
"5766",-91.4727172851562,41.4305801391602,806,25848,"iowa","johnson",2019,2606
"5767",-91.4727172851562,41.4305801391602,806,25848,"iowa","johnson",2020,1636
"5768",-91.4727172851562,41.4305801391602,806,25848,"iowa","johnson",2021,2351
"5769",-91.4727172851562,41.4305801391602,806,25848,"iowa","johnson",2022,2395
"5770",-91.4727172851562,41.4305801391602,806,25848,"iowa","johnson",2023,2346
"5771",-91.4727172851562,41.4305801391602,806,25848,"iowa","johnson",2024,2513
"5772",-91.4727172851562,41.4305801391602,806,25848,"iowa","johnson",2025,220
"5773",-91.4841690063477,41.4477653503418,806,25849,"iowa","johnson",2014,2397
"5774",-91.4841690063477,41.4477653503418,806,25849,"iowa","johnson",2015,2380
"5775",-91.4841690063477,41.4477653503418,806,25849,"iowa","johnson",2016,2601
"5776",-91.4841690063477,41.4477653503418,806,25849,"iowa","johnson",2017,2602
"5777",-91.4841690063477,41.4477653503418,806,25849,"iowa","johnson",2018,2583
"5778",-91.4841690063477,41.4477653503418,806,25849,"iowa","johnson",2019,2606
"5779",-91.4841690063477,41.4477653503418,806,25849,"iowa","johnson",2020,1636
"5780",-91.4841690063477,41.4477653503418,806,25849,"iowa","johnson",2021,2351
"5781",-91.4841690063477,41.4477653503418,806,25849,"iowa","johnson",2022,2395
"5782",-91.4841690063477,41.4477653503418,806,25849,"iowa","johnson",2023,2346
"5783",-91.4841690063477,41.4477653503418,806,25849,"iowa","johnson",2024,2513
"5784",-91.4841690063477,41.4477653503418,806,25849,"iowa","johnson",2025,220
"5785",-91.4898986816406,41.4649543762207,806,25850,"iowa","johnson",2014,2397
"5786",-91.4898986816406,41.4649543762207,806,25850,"iowa","johnson",2015,2380
"5787",-91.4898986816406,41.4649543762207,806,25850,"iowa","johnson",2016,2601
"5788",-91.4898986816406,41.4649543762207,806,25850,"iowa","johnson",2017,2602
"5789",-91.4898986816406,41.4649543762207,806,25850,"iowa","johnson",2018,2583
"5790",-91.4898986816406,41.4649543762207,806,25850,"iowa","johnson",2019,2606
"5791",-91.4898986816406,41.4649543762207,806,25850,"iowa","johnson",2020,1636
"5792",-91.4898986816406,41.4649543762207,806,25850,"iowa","johnson",2021,2351
"5793",-91.4898986816406,41.4649543762207,806,25850,"iowa","johnson",2022,2395
"5794",-91.4898986816406,41.4649543762207,806,25850,"iowa","johnson",2023,2346
"5795",-91.4898986816406,41.4649543762207,806,25850,"iowa","johnson",2024,2513
"5796",-91.4898986816406,41.4649543762207,806,25850,"iowa","johnson",2025,220
"5797",-91.5013580322266,41.4764175415039,806,25851,"iowa","johnson",2014,2397
"5798",-91.5013580322266,41.4764175415039,806,25851,"iowa","johnson",2015,2380
"5799",-91.5013580322266,41.4764175415039,806,25851,"iowa","johnson",2016,2601
"5800",-91.5013580322266,41.4764175415039,806,25851,"iowa","johnson",2017,2602
"5801",-91.5013580322266,41.4764175415039,806,25851,"iowa","johnson",2018,2583
"5802",-91.5013580322266,41.4764175415039,806,25851,"iowa","johnson",2019,2606
"5803",-91.5013580322266,41.4764175415039,806,25851,"iowa","johnson",2020,1636
"5804",-91.5013580322266,41.4764175415039,806,25851,"iowa","johnson",2021,2351
"5805",-91.5013580322266,41.4764175415039,806,25851,"iowa","johnson",2022,2395
"5806",-91.5013580322266,41.4764175415039,806,25851,"iowa","johnson",2023,2346
"5807",-91.5013580322266,41.4764175415039,806,25851,"iowa","johnson",2024,2513
"5808",-91.5013580322266,41.4764175415039,806,25851,"iowa","johnson",2025,220
"5809",-91.4956283569336,41.4993362426758,806,25852,"iowa","johnson",2014,2397
"5810",-91.4956283569336,41.4993362426758,806,25852,"iowa","johnson",2015,2380
"5811",-91.4956283569336,41.4993362426758,806,25852,"iowa","johnson",2016,2601
"5812",-91.4956283569336,41.4993362426758,806,25852,"iowa","johnson",2017,2602
"5813",-91.4956283569336,41.4993362426758,806,25852,"iowa","johnson",2018,2583
"5814",-91.4956283569336,41.4993362426758,806,25852,"iowa","johnson",2019,2606
"5815",-91.4956283569336,41.4993362426758,806,25852,"iowa","johnson",2020,1636
"5816",-91.4956283569336,41.4993362426758,806,25852,"iowa","johnson",2021,2351
"5817",-91.4956283569336,41.4993362426758,806,25852,"iowa","johnson",2022,2395
"5818",-91.4956283569336,41.4993362426758,806,25852,"iowa","johnson",2023,2346
"5819",-91.4956283569336,41.4993362426758,806,25852,"iowa","johnson",2024,2513
"5820",-91.4956283569336,41.4993362426758,806,25852,"iowa","johnson",2025,220
"5821",-91.5013580322266,41.5107917785645,806,25853,"iowa","johnson",2014,2397
"5822",-91.5013580322266,41.5107917785645,806,25853,"iowa","johnson",2015,2380
"5823",-91.5013580322266,41.5107917785645,806,25853,"iowa","johnson",2016,2601
"5824",-91.5013580322266,41.5107917785645,806,25853,"iowa","johnson",2017,2602
"5825",-91.5013580322266,41.5107917785645,806,25853,"iowa","johnson",2018,2583
"5826",-91.5013580322266,41.5107917785645,806,25853,"iowa","johnson",2019,2606
"5827",-91.5013580322266,41.5107917785645,806,25853,"iowa","johnson",2020,1636
"5828",-91.5013580322266,41.5107917785645,806,25853,"iowa","johnson",2021,2351
"5829",-91.5013580322266,41.5107917785645,806,25853,"iowa","johnson",2022,2395
"5830",-91.5013580322266,41.5107917785645,806,25853,"iowa","johnson",2023,2346
"5831",-91.5013580322266,41.5107917785645,806,25853,"iowa","johnson",2024,2513
"5832",-91.5013580322266,41.5107917785645,806,25853,"iowa","johnson",2025,220
"5833",-91.5185546875,41.5222511291504,806,25854,"iowa","johnson",2014,2397
"5834",-91.5185546875,41.5222511291504,806,25854,"iowa","johnson",2015,2380
"5835",-91.5185546875,41.5222511291504,806,25854,"iowa","johnson",2016,2601
"5836",-91.5185546875,41.5222511291504,806,25854,"iowa","johnson",2017,2602
"5837",-91.5185546875,41.5222511291504,806,25854,"iowa","johnson",2018,2583
"5838",-91.5185546875,41.5222511291504,806,25854,"iowa","johnson",2019,2606
"5839",-91.5185546875,41.5222511291504,806,25854,"iowa","johnson",2020,1636
"5840",-91.5185546875,41.5222511291504,806,25854,"iowa","johnson",2021,2351
"5841",-91.5185546875,41.5222511291504,806,25854,"iowa","johnson",2022,2395
"5842",-91.5185546875,41.5222511291504,806,25854,"iowa","johnson",2023,2346
"5843",-91.5185546875,41.5222511291504,806,25854,"iowa","johnson",2024,2513
"5844",-91.5185546875,41.5222511291504,806,25854,"iowa","johnson",2025,220
"5845",-91.8222122192383,41.5165214538574,806,25855,"iowa","johnson",2014,2397
"5846",-91.8222122192383,41.5165214538574,806,25855,"iowa","johnson",2015,2380
"5847",-91.8222122192383,41.5165214538574,806,25855,"iowa","johnson",2016,2601
"5848",-91.8222122192383,41.5165214538574,806,25855,"iowa","johnson",2017,2602
"5849",-91.8222122192383,41.5165214538574,806,25855,"iowa","johnson",2018,2583
"5850",-91.8222122192383,41.5165214538574,806,25855,"iowa","johnson",2019,2606
"5851",-91.8222122192383,41.5165214538574,806,25855,"iowa","johnson",2020,1636
"5852",-91.8222122192383,41.5165214538574,806,25855,"iowa","johnson",2021,2351
"5853",-91.8222122192383,41.5165214538574,806,25855,"iowa","johnson",2022,2395
"5854",-91.8222122192383,41.5165214538574,806,25855,"iowa","johnson",2023,2346
"5855",-91.8222122192383,41.5165214538574,806,25855,"iowa","johnson",2024,2513
"5856",-91.8222122192383,41.5165214538574,806,25855,"iowa","johnson",2025,220
"5857",-91.8164825439453,41.6081924438477,806,25856,"iowa","johnson",2014,2397
"5858",-91.8164825439453,41.6081924438477,806,25856,"iowa","johnson",2015,2380
"5859",-91.8164825439453,41.6081924438477,806,25856,"iowa","johnson",2016,2601
"5860",-91.8164825439453,41.6081924438477,806,25856,"iowa","johnson",2017,2602
"5861",-91.8164825439453,41.6081924438477,806,25856,"iowa","johnson",2018,2583
"5862",-91.8164825439453,41.6081924438477,806,25856,"iowa","johnson",2019,2606
"5863",-91.8164825439453,41.6081924438477,806,25856,"iowa","johnson",2020,1636
"5864",-91.8164825439453,41.6081924438477,806,25856,"iowa","johnson",2021,2351
"5865",-91.8164825439453,41.6081924438477,806,25856,"iowa","johnson",2022,2395
"5866",-91.8164825439453,41.6081924438477,806,25856,"iowa","johnson",2023,2346
"5867",-91.8164825439453,41.6081924438477,806,25856,"iowa","johnson",2024,2513
"5868",-91.8164825439453,41.6081924438477,806,25856,"iowa","johnson",2025,220
"5869",-91.8279418945312,41.6081924438477,806,25857,"iowa","johnson",2014,2397
"5870",-91.8279418945312,41.6081924438477,806,25857,"iowa","johnson",2015,2380
"5871",-91.8279418945312,41.6081924438477,806,25857,"iowa","johnson",2016,2601
"5872",-91.8279418945312,41.6081924438477,806,25857,"iowa","johnson",2017,2602
"5873",-91.8279418945312,41.6081924438477,806,25857,"iowa","johnson",2018,2583
"5874",-91.8279418945312,41.6081924438477,806,25857,"iowa","johnson",2019,2606
"5875",-91.8279418945312,41.6081924438477,806,25857,"iowa","johnson",2020,1636
"5876",-91.8279418945312,41.6081924438477,806,25857,"iowa","johnson",2021,2351
"5877",-91.8279418945312,41.6081924438477,806,25857,"iowa","johnson",2022,2395
"5878",-91.8279418945312,41.6081924438477,806,25857,"iowa","johnson",2023,2346
"5879",-91.8279418945312,41.6081924438477,806,25857,"iowa","johnson",2024,2513
"5880",-91.8279418945312,41.6081924438477,806,25857,"iowa","johnson",2025,220
"5881",-91.8222122192383,41.871753692627,806,25858,"iowa","johnson",2014,2397
"5882",-91.8222122192383,41.871753692627,806,25858,"iowa","johnson",2015,2380
"5883",-91.8222122192383,41.871753692627,806,25858,"iowa","johnson",2016,2601
"5884",-91.8222122192383,41.871753692627,806,25858,"iowa","johnson",2017,2602
"5885",-91.8222122192383,41.871753692627,806,25858,"iowa","johnson",2018,2583
"5886",-91.8222122192383,41.871753692627,806,25858,"iowa","johnson",2019,2606
"5887",-91.8222122192383,41.871753692627,806,25858,"iowa","johnson",2020,1636
"5888",-91.8222122192383,41.871753692627,806,25858,"iowa","johnson",2021,2351
"5889",-91.8222122192383,41.871753692627,806,25858,"iowa","johnson",2022,2395
"5890",-91.8222122192383,41.871753692627,806,25858,"iowa","johnson",2023,2346
"5891",-91.8222122192383,41.871753692627,806,25858,"iowa","johnson",2024,2513
"5892",-91.8222122192383,41.871753692627,806,25858,"iowa","johnson",2025,220
"5893",-91.3523941040039,41.871753692627,806,25859,"iowa","johnson",2014,2397
"5894",-91.3523941040039,41.871753692627,806,25859,"iowa","johnson",2015,2380
"5895",-91.3523941040039,41.871753692627,806,25859,"iowa","johnson",2016,2601
"5896",-91.3523941040039,41.871753692627,806,25859,"iowa","johnson",2017,2602
"5897",-91.3523941040039,41.871753692627,806,25859,"iowa","johnson",2018,2583
"5898",-91.3523941040039,41.871753692627,806,25859,"iowa","johnson",2019,2606
"5899",-91.3523941040039,41.871753692627,806,25859,"iowa","johnson",2020,1636
"5900",-91.3523941040039,41.871753692627,806,25859,"iowa","johnson",2021,2351
"5901",-91.3523941040039,41.871753692627,806,25859,"iowa","johnson",2022,2395
"5902",-91.3523941040039,41.871753692627,806,25859,"iowa","johnson",2023,2346
"5903",-91.3523941040039,41.871753692627,806,25859,"iowa","johnson",2024,2513
"5904",-91.3523941040039,41.871753692627,806,25859,"iowa","johnson",2025,220
"5905",-91.3466644287109,41.6081924438477,806,25860,"iowa","johnson",2014,2397
"5906",-91.3466644287109,41.6081924438477,806,25860,"iowa","johnson",2015,2380
"5907",-91.3466644287109,41.6081924438477,806,25860,"iowa","johnson",2016,2601
"5908",-91.3466644287109,41.6081924438477,806,25860,"iowa","johnson",2017,2602
"5909",-91.3466644287109,41.6081924438477,806,25860,"iowa","johnson",2018,2583
"5910",-91.3466644287109,41.6081924438477,806,25860,"iowa","johnson",2019,2606
"5911",-91.3466644287109,41.6081924438477,806,25860,"iowa","johnson",2020,1636
"5912",-91.3466644287109,41.6081924438477,806,25860,"iowa","johnson",2021,2351
"5913",-91.3466644287109,41.6081924438477,806,25860,"iowa","johnson",2022,2395
"5914",-91.3466644287109,41.6081924438477,806,25860,"iowa","johnson",2023,2346
"5915",-91.3466644287109,41.6081924438477,806,25860,"iowa","johnson",2024,2513
"5916",-91.3466644287109,41.6081924438477,806,25860,"iowa","johnson",2025,220
"5917",-90.8711013793945,42.3014755249023,807,25862,"iowa","jones",2014,284
"5918",-90.8711013793945,42.3014755249023,807,25862,"iowa","jones",2015,314
"5919",-90.8711013793945,42.3014755249023,807,25862,"iowa","jones",2016,306
"5920",-90.8711013793945,42.3014755249023,807,25862,"iowa","jones",2017,272
"5921",-90.8711013793945,42.3014755249023,807,25862,"iowa","jones",2018,288
"5922",-90.8711013793945,42.3014755249023,807,25862,"iowa","jones",2019,293
"5923",-90.8711013793945,42.3014755249023,807,25862,"iowa","jones",2020,289
"5924",-90.8711013793945,42.3014755249023,807,25862,"iowa","jones",2021,296
"5925",-90.8711013793945,42.3014755249023,807,25862,"iowa","jones",2022,254
"5926",-90.8711013793945,42.3014755249023,807,25862,"iowa","jones",2023,231
"5927",-90.8711013793945,42.3014755249023,807,25862,"iowa","jones",2024,231
"5928",-90.8711013793945,42.3014755249023,807,25862,"iowa","jones",2025,15
"5929",-90.8768310546875,42.0379104614258,807,25863,"iowa","jones",2014,284
"5930",-90.8768310546875,42.0379104614258,807,25863,"iowa","jones",2015,314
"5931",-90.8768310546875,42.0379104614258,807,25863,"iowa","jones",2016,306
"5932",-90.8768310546875,42.0379104614258,807,25863,"iowa","jones",2017,272
"5933",-90.8768310546875,42.0379104614258,807,25863,"iowa","jones",2018,288
"5934",-90.8768310546875,42.0379104614258,807,25863,"iowa","jones",2019,293
"5935",-90.8768310546875,42.0379104614258,807,25863,"iowa","jones",2020,289
"5936",-90.8768310546875,42.0379104614258,807,25863,"iowa","jones",2021,296
"5937",-90.8768310546875,42.0379104614258,807,25863,"iowa","jones",2022,254
"5938",-90.8768310546875,42.0379104614258,807,25863,"iowa","jones",2023,231
"5939",-90.8768310546875,42.0379104614258,807,25863,"iowa","jones",2024,231
"5940",-90.8768310546875,42.0379104614258,807,25863,"iowa","jones",2025,15
"5941",-90.882568359375,41.9519729614258,807,25864,"iowa","jones",2014,284
"5942",-90.882568359375,41.9519729614258,807,25864,"iowa","jones",2015,314
"5943",-90.882568359375,41.9519729614258,807,25864,"iowa","jones",2016,306
"5944",-90.882568359375,41.9519729614258,807,25864,"iowa","jones",2017,272
"5945",-90.882568359375,41.9519729614258,807,25864,"iowa","jones",2018,288
"5946",-90.882568359375,41.9519729614258,807,25864,"iowa","jones",2019,293
"5947",-90.882568359375,41.9519729614258,807,25864,"iowa","jones",2020,289
"5948",-90.882568359375,41.9519729614258,807,25864,"iowa","jones",2021,296
"5949",-90.882568359375,41.9519729614258,807,25864,"iowa","jones",2022,254
"5950",-90.882568359375,41.9519729614258,807,25864,"iowa","jones",2023,231
"5951",-90.882568359375,41.9519729614258,807,25864,"iowa","jones",2024,231
"5952",-90.882568359375,41.9519729614258,807,25864,"iowa","jones",2025,15
"5953",-91.3523941040039,41.9519729614258,807,25865,"iowa","jones",2014,284
"5954",-91.3523941040039,41.9519729614258,807,25865,"iowa","jones",2015,314
"5955",-91.3523941040039,41.9519729614258,807,25865,"iowa","jones",2016,306
"5956",-91.3523941040039,41.9519729614258,807,25865,"iowa","jones",2017,272
"5957",-91.3523941040039,41.9519729614258,807,25865,"iowa","jones",2018,288
"5958",-91.3523941040039,41.9519729614258,807,25865,"iowa","jones",2019,293
"5959",-91.3523941040039,41.9519729614258,807,25865,"iowa","jones",2020,289
"5960",-91.3523941040039,41.9519729614258,807,25865,"iowa","jones",2021,296
"5961",-91.3523941040039,41.9519729614258,807,25865,"iowa","jones",2022,254
"5962",-91.3523941040039,41.9519729614258,807,25865,"iowa","jones",2023,231
"5963",-91.3523941040039,41.9519729614258,807,25865,"iowa","jones",2024,231
"5964",-91.3523941040039,41.9519729614258,807,25865,"iowa","jones",2025,15
"5965",-91.3523941040039,42.3014755249023,807,25866,"iowa","jones",2014,284
"5966",-91.3523941040039,42.3014755249023,807,25866,"iowa","jones",2015,314
"5967",-91.3523941040039,42.3014755249023,807,25866,"iowa","jones",2016,306
"5968",-91.3523941040039,42.3014755249023,807,25866,"iowa","jones",2017,272
"5969",-91.3523941040039,42.3014755249023,807,25866,"iowa","jones",2018,288
"5970",-91.3523941040039,42.3014755249023,807,25866,"iowa","jones",2019,293
"5971",-91.3523941040039,42.3014755249023,807,25866,"iowa","jones",2020,289
"5972",-91.3523941040039,42.3014755249023,807,25866,"iowa","jones",2021,296
"5973",-91.3523941040039,42.3014755249023,807,25866,"iowa","jones",2022,254
"5974",-91.3523941040039,42.3014755249023,807,25866,"iowa","jones",2023,231
"5975",-91.3523941040039,42.3014755249023,807,25866,"iowa","jones",2024,231
"5976",-91.3523941040039,42.3014755249023,807,25866,"iowa","jones",2025,15
"5977",-91.1174774169922,42.3014755249023,807,25867,"iowa","jones",2014,284
"5978",-91.1174774169922,42.3014755249023,807,25867,"iowa","jones",2015,314
"5979",-91.1174774169922,42.3014755249023,807,25867,"iowa","jones",2016,306
"5980",-91.1174774169922,42.3014755249023,807,25867,"iowa","jones",2017,272
"5981",-91.1174774169922,42.3014755249023,807,25867,"iowa","jones",2018,288
"5982",-91.1174774169922,42.3014755249023,807,25867,"iowa","jones",2019,293
"5983",-91.1174774169922,42.3014755249023,807,25867,"iowa","jones",2020,289
"5984",-91.1174774169922,42.3014755249023,807,25867,"iowa","jones",2021,296
"5985",-91.1174774169922,42.3014755249023,807,25867,"iowa","jones",2022,254
"5986",-91.1174774169922,42.3014755249023,807,25867,"iowa","jones",2023,231
"5987",-91.1174774169922,42.3014755249023,807,25867,"iowa","jones",2024,231
"5988",-91.1174774169922,42.3014755249023,807,25867,"iowa","jones",2025,15
"5989",-90.8711013793945,42.3014755249023,807,25868,"iowa","jones",2014,284
"5990",-90.8711013793945,42.3014755249023,807,25868,"iowa","jones",2015,314
"5991",-90.8711013793945,42.3014755249023,807,25868,"iowa","jones",2016,306
"5992",-90.8711013793945,42.3014755249023,807,25868,"iowa","jones",2017,272
"5993",-90.8711013793945,42.3014755249023,807,25868,"iowa","jones",2018,288
"5994",-90.8711013793945,42.3014755249023,807,25868,"iowa","jones",2019,293
"5995",-90.8711013793945,42.3014755249023,807,25868,"iowa","jones",2020,289
"5996",-90.8711013793945,42.3014755249023,807,25868,"iowa","jones",2021,296
"5997",-90.8711013793945,42.3014755249023,807,25868,"iowa","jones",2022,254
"5998",-90.8711013793945,42.3014755249023,807,25868,"iowa","jones",2023,231
"5999",-90.8711013793945,42.3014755249023,807,25868,"iowa","jones",2024,231
"6000",-90.8711013793945,42.3014755249023,807,25868,"iowa","jones",2025,15
"6001",-91.9310836791992,41.5165214538574,808,25870,"iowa","keokuk",2014,94
"6002",-91.9310836791992,41.5165214538574,808,25870,"iowa","keokuk",2015,91
"6003",-91.9310836791992,41.5165214538574,808,25870,"iowa","keokuk",2016,107
"6004",-91.9310836791992,41.5165214538574,808,25870,"iowa","keokuk",2017,123
"6005",-91.9310836791992,41.5165214538574,808,25870,"iowa","keokuk",2018,104
"6006",-91.9310836791992,41.5165214538574,808,25870,"iowa","keokuk",2019,86
"6007",-91.9310836791992,41.5165214538574,808,25870,"iowa","keokuk",2020,83
"6008",-91.9310836791992,41.5165214538574,808,25870,"iowa","keokuk",2021,92
"6009",-91.9310836791992,41.5165214538574,808,25870,"iowa","keokuk",2022,81
"6010",-91.9310836791992,41.5165214538574,808,25870,"iowa","keokuk",2023,100
"6011",-91.9310836791992,41.5165214538574,808,25870,"iowa","keokuk",2024,66
"6012",-91.9310836791992,41.5165214538574,808,25870,"iowa","keokuk",2025,1
"6013",-91.9253540039062,41.1727447509766,808,25871,"iowa","keokuk",2014,94
"6014",-91.9253540039062,41.1727447509766,808,25871,"iowa","keokuk",2015,91
"6015",-91.9253540039062,41.1727447509766,808,25871,"iowa","keokuk",2016,107
"6016",-91.9253540039062,41.1727447509766,808,25871,"iowa","keokuk",2017,123
"6017",-91.9253540039062,41.1727447509766,808,25871,"iowa","keokuk",2018,104
"6018",-91.9253540039062,41.1727447509766,808,25871,"iowa","keokuk",2019,86
"6019",-91.9253540039062,41.1727447509766,808,25871,"iowa","keokuk",2020,83
"6020",-91.9253540039062,41.1727447509766,808,25871,"iowa","keokuk",2021,92
"6021",-91.9253540039062,41.1727447509766,808,25871,"iowa","keokuk",2022,81
"6022",-91.9253540039062,41.1727447509766,808,25871,"iowa","keokuk",2023,100
"6023",-91.9253540039062,41.1727447509766,808,25871,"iowa","keokuk",2024,66
"6024",-91.9253540039062,41.1727447509766,808,25871,"iowa","keokuk",2025,1
"6025",-92.1659927368164,41.1670188903809,808,25872,"iowa","keokuk",2014,94
"6026",-92.1659927368164,41.1670188903809,808,25872,"iowa","keokuk",2015,91
"6027",-92.1659927368164,41.1670188903809,808,25872,"iowa","keokuk",2016,107
"6028",-92.1659927368164,41.1670188903809,808,25872,"iowa","keokuk",2017,123
"6029",-92.1659927368164,41.1670188903809,808,25872,"iowa","keokuk",2018,104
"6030",-92.1659927368164,41.1670188903809,808,25872,"iowa","keokuk",2019,86
"6031",-92.1659927368164,41.1670188903809,808,25872,"iowa","keokuk",2020,83
"6032",-92.1659927368164,41.1670188903809,808,25872,"iowa","keokuk",2021,92
"6033",-92.1659927368164,41.1670188903809,808,25872,"iowa","keokuk",2022,81
"6034",-92.1659927368164,41.1670188903809,808,25872,"iowa","keokuk",2023,100
"6035",-92.1659927368164,41.1670188903809,808,25872,"iowa","keokuk",2024,66
"6036",-92.1659927368164,41.1670188903809,808,25872,"iowa","keokuk",2025,1
"6037",-92.3951721191406,41.1727447509766,808,25873,"iowa","keokuk",2014,94
"6038",-92.3951721191406,41.1727447509766,808,25873,"iowa","keokuk",2015,91
"6039",-92.3951721191406,41.1727447509766,808,25873,"iowa","keokuk",2016,107
"6040",-92.3951721191406,41.1727447509766,808,25873,"iowa","keokuk",2017,123
"6041",-92.3951721191406,41.1727447509766,808,25873,"iowa","keokuk",2018,104
"6042",-92.3951721191406,41.1727447509766,808,25873,"iowa","keokuk",2019,86
"6043",-92.3951721191406,41.1727447509766,808,25873,"iowa","keokuk",2020,83
"6044",-92.3951721191406,41.1727447509766,808,25873,"iowa","keokuk",2021,92
"6045",-92.3951721191406,41.1727447509766,808,25873,"iowa","keokuk",2022,81
"6046",-92.3951721191406,41.1727447509766,808,25873,"iowa","keokuk",2023,100
"6047",-92.3951721191406,41.1727447509766,808,25873,"iowa","keokuk",2024,66
"6048",-92.3951721191406,41.1727447509766,808,25873,"iowa","keokuk",2025,1
"6049",-92.4123611450195,41.5222511291504,808,25874,"iowa","keokuk",2014,94
"6050",-92.4123611450195,41.5222511291504,808,25874,"iowa","keokuk",2015,91
"6051",-92.4123611450195,41.5222511291504,808,25874,"iowa","keokuk",2016,107
"6052",-92.4123611450195,41.5222511291504,808,25874,"iowa","keokuk",2017,123
"6053",-92.4123611450195,41.5222511291504,808,25874,"iowa","keokuk",2018,104
"6054",-92.4123611450195,41.5222511291504,808,25874,"iowa","keokuk",2019,86
"6055",-92.4123611450195,41.5222511291504,808,25874,"iowa","keokuk",2020,83
"6056",-92.4123611450195,41.5222511291504,808,25874,"iowa","keokuk",2021,92
"6057",-92.4123611450195,41.5222511291504,808,25874,"iowa","keokuk",2022,81
"6058",-92.4123611450195,41.5222511291504,808,25874,"iowa","keokuk",2023,100
"6059",-92.4123611450195,41.5222511291504,808,25874,"iowa","keokuk",2024,66
"6060",-92.4123611450195,41.5222511291504,808,25874,"iowa","keokuk",2025,1
"6061",-92.2691192626953,41.5222511291504,808,25875,"iowa","keokuk",2014,94
"6062",-92.2691192626953,41.5222511291504,808,25875,"iowa","keokuk",2015,91
"6063",-92.2691192626953,41.5222511291504,808,25875,"iowa","keokuk",2016,107
"6064",-92.2691192626953,41.5222511291504,808,25875,"iowa","keokuk",2017,123
"6065",-92.2691192626953,41.5222511291504,808,25875,"iowa","keokuk",2018,104
"6066",-92.2691192626953,41.5222511291504,808,25875,"iowa","keokuk",2019,86
"6067",-92.2691192626953,41.5222511291504,808,25875,"iowa","keokuk",2020,83
"6068",-92.2691192626953,41.5222511291504,808,25875,"iowa","keokuk",2021,92
"6069",-92.2691192626953,41.5222511291504,808,25875,"iowa","keokuk",2022,81
"6070",-92.2691192626953,41.5222511291504,808,25875,"iowa","keokuk",2023,100
"6071",-92.2691192626953,41.5222511291504,808,25875,"iowa","keokuk",2024,66
"6072",-92.2691192626953,41.5222511291504,808,25875,"iowa","keokuk",2025,1
"6073",-91.9310836791992,41.5165214538574,808,25876,"iowa","keokuk",2014,94
"6074",-91.9310836791992,41.5165214538574,808,25876,"iowa","keokuk",2015,91
"6075",-91.9310836791992,41.5165214538574,808,25876,"iowa","keokuk",2016,107
"6076",-91.9310836791992,41.5165214538574,808,25876,"iowa","keokuk",2017,123
"6077",-91.9310836791992,41.5165214538574,808,25876,"iowa","keokuk",2018,104
"6078",-91.9310836791992,41.5165214538574,808,25876,"iowa","keokuk",2019,86
"6079",-91.9310836791992,41.5165214538574,808,25876,"iowa","keokuk",2020,83
"6080",-91.9310836791992,41.5165214538574,808,25876,"iowa","keokuk",2021,92
"6081",-91.9310836791992,41.5165214538574,808,25876,"iowa","keokuk",2022,81
"6082",-91.9310836791992,41.5165214538574,808,25876,"iowa","keokuk",2023,100
"6083",-91.9310836791992,41.5165214538574,808,25876,"iowa","keokuk",2024,66
"6084",-91.9310836791992,41.5165214538574,808,25876,"iowa","keokuk",2025,1
"6085",-94.4520874023438,43.2640419006348,809,25878,"iowa","kossuth",2014,168
"6086",-94.4520874023438,43.2640419006348,809,25878,"iowa","kossuth",2015,160
"6087",-94.4520874023438,43.2640419006348,809,25878,"iowa","kossuth",2016,180
"6088",-94.4520874023438,43.2640419006348,809,25878,"iowa","kossuth",2017,168
"6089",-94.4520874023438,43.2640419006348,809,25878,"iowa","kossuth",2018,142
"6090",-94.4520874023438,43.2640419006348,809,25878,"iowa","kossuth",2019,147
"6091",-94.4520874023438,43.2640419006348,809,25878,"iowa","kossuth",2020,131
"6092",-94.4520874023438,43.2640419006348,809,25878,"iowa","kossuth",2021,103
"6093",-94.4520874023438,43.2640419006348,809,25878,"iowa","kossuth",2022,161
"6094",-94.4520874023438,43.2640419006348,809,25878,"iowa","kossuth",2023,123
"6095",-94.4520874023438,43.2640419006348,809,25878,"iowa","kossuth",2024,143
"6096",-94.4520874023438,43.2640419006348,809,25878,"iowa","kossuth",2025,8
"6097",-94.4520874023438,43.5046844482422,809,25879,"iowa","kossuth",2014,168
"6098",-94.4520874023438,43.5046844482422,809,25879,"iowa","kossuth",2015,160
"6099",-94.4520874023438,43.5046844482422,809,25879,"iowa","kossuth",2016,180
"6100",-94.4520874023438,43.5046844482422,809,25879,"iowa","kossuth",2017,168
"6101",-94.4520874023438,43.5046844482422,809,25879,"iowa","kossuth",2018,142
"6102",-94.4520874023438,43.5046844482422,809,25879,"iowa","kossuth",2019,147
"6103",-94.4520874023438,43.5046844482422,809,25879,"iowa","kossuth",2020,131
"6104",-94.4520874023438,43.5046844482422,809,25879,"iowa","kossuth",2021,103
"6105",-94.4520874023438,43.5046844482422,809,25879,"iowa","kossuth",2022,161
"6106",-94.4520874023438,43.5046844482422,809,25879,"iowa","kossuth",2023,123
"6107",-94.4520874023438,43.5046844482422,809,25879,"iowa","kossuth",2024,143
"6108",-94.4520874023438,43.5046844482422,809,25879,"iowa","kossuth",2025,8
"6109",-94.2630157470703,43.5046844482422,809,25880,"iowa","kossuth",2014,168
"6110",-94.2630157470703,43.5046844482422,809,25880,"iowa","kossuth",2015,160
"6111",-94.2630157470703,43.5046844482422,809,25880,"iowa","kossuth",2016,180
"6112",-94.2630157470703,43.5046844482422,809,25880,"iowa","kossuth",2017,168
"6113",-94.2630157470703,43.5046844482422,809,25880,"iowa","kossuth",2018,142
"6114",-94.2630157470703,43.5046844482422,809,25880,"iowa","kossuth",2019,147
"6115",-94.2630157470703,43.5046844482422,809,25880,"iowa","kossuth",2020,131
"6116",-94.2630157470703,43.5046844482422,809,25880,"iowa","kossuth",2021,103
"6117",-94.2630157470703,43.5046844482422,809,25880,"iowa","kossuth",2022,161
"6118",-94.2630157470703,43.5046844482422,809,25880,"iowa","kossuth",2023,123
"6119",-94.2630157470703,43.5046844482422,809,25880,"iowa","kossuth",2024,143
"6120",-94.2630157470703,43.5046844482422,809,25880,"iowa","kossuth",2025,8
"6121",-93.9765396118164,43.5104141235352,809,25881,"iowa","kossuth",2014,168
"6122",-93.9765396118164,43.5104141235352,809,25881,"iowa","kossuth",2015,160
"6123",-93.9765396118164,43.5104141235352,809,25881,"iowa","kossuth",2016,180
"6124",-93.9765396118164,43.5104141235352,809,25881,"iowa","kossuth",2017,168
"6125",-93.9765396118164,43.5104141235352,809,25881,"iowa","kossuth",2018,142
"6126",-93.9765396118164,43.5104141235352,809,25881,"iowa","kossuth",2019,147
"6127",-93.9765396118164,43.5104141235352,809,25881,"iowa","kossuth",2020,131
"6128",-93.9765396118164,43.5104141235352,809,25881,"iowa","kossuth",2021,103
"6129",-93.9765396118164,43.5104141235352,809,25881,"iowa","kossuth",2022,161
"6130",-93.9765396118164,43.5104141235352,809,25881,"iowa","kossuth",2023,123
"6131",-93.9765396118164,43.5104141235352,809,25881,"iowa","kossuth",2024,143
"6132",-93.9765396118164,43.5104141235352,809,25881,"iowa","kossuth",2025,8
"6133",-93.9708099365234,43.2583122253418,809,25882,"iowa","kossuth",2014,168
"6134",-93.9708099365234,43.2583122253418,809,25882,"iowa","kossuth",2015,160
"6135",-93.9708099365234,43.2583122253418,809,25882,"iowa","kossuth",2016,180
"6136",-93.9708099365234,43.2583122253418,809,25882,"iowa","kossuth",2017,168
"6137",-93.9708099365234,43.2583122253418,809,25882,"iowa","kossuth",2018,142
"6138",-93.9708099365234,43.2583122253418,809,25882,"iowa","kossuth",2019,147
"6139",-93.9708099365234,43.2583122253418,809,25882,"iowa","kossuth",2020,131
"6140",-93.9708099365234,43.2583122253418,809,25882,"iowa","kossuth",2021,103
"6141",-93.9708099365234,43.2583122253418,809,25882,"iowa","kossuth",2022,161
"6142",-93.9708099365234,43.2583122253418,809,25882,"iowa","kossuth",2023,123
"6143",-93.9708099365234,43.2583122253418,809,25882,"iowa","kossuth",2024,143
"6144",-93.9708099365234,43.2583122253418,809,25882,"iowa","kossuth",2025,8
"6145",-93.9708099365234,42.9145393371582,809,25883,"iowa","kossuth",2014,168
"6146",-93.9708099365234,42.9145393371582,809,25883,"iowa","kossuth",2015,160
"6147",-93.9708099365234,42.9145393371582,809,25883,"iowa","kossuth",2016,180
"6148",-93.9708099365234,42.9145393371582,809,25883,"iowa","kossuth",2017,168
"6149",-93.9708099365234,42.9145393371582,809,25883,"iowa","kossuth",2018,142
"6150",-93.9708099365234,42.9145393371582,809,25883,"iowa","kossuth",2019,147
"6151",-93.9708099365234,42.9145393371582,809,25883,"iowa","kossuth",2020,131
"6152",-93.9708099365234,42.9145393371582,809,25883,"iowa","kossuth",2021,103
"6153",-93.9708099365234,42.9145393371582,809,25883,"iowa","kossuth",2022,161
"6154",-93.9708099365234,42.9145393371582,809,25883,"iowa","kossuth",2023,123
"6155",-93.9708099365234,42.9145393371582,809,25883,"iowa","kossuth",2024,143
"6156",-93.9708099365234,42.9145393371582,809,25883,"iowa","kossuth",2025,8
"6157",-94.4406356811523,42.9202690124512,809,25884,"iowa","kossuth",2014,168
"6158",-94.4406356811523,42.9202690124512,809,25884,"iowa","kossuth",2015,160
"6159",-94.4406356811523,42.9202690124512,809,25884,"iowa","kossuth",2016,180
"6160",-94.4406356811523,42.9202690124512,809,25884,"iowa","kossuth",2017,168
"6161",-94.4406356811523,42.9202690124512,809,25884,"iowa","kossuth",2018,142
"6162",-94.4406356811523,42.9202690124512,809,25884,"iowa","kossuth",2019,147
"6163",-94.4406356811523,42.9202690124512,809,25884,"iowa","kossuth",2020,131
"6164",-94.4406356811523,42.9202690124512,809,25884,"iowa","kossuth",2021,103
"6165",-94.4406356811523,42.9202690124512,809,25884,"iowa","kossuth",2022,161
"6166",-94.4406356811523,42.9202690124512,809,25884,"iowa","kossuth",2023,123
"6167",-94.4406356811523,42.9202690124512,809,25884,"iowa","kossuth",2024,143
"6168",-94.4406356811523,42.9202690124512,809,25884,"iowa","kossuth",2025,8
"6169",-94.4520874023438,43.2640419006348,809,25885,"iowa","kossuth",2014,168
"6170",-94.4520874023438,43.2640419006348,809,25885,"iowa","kossuth",2015,160
"6171",-94.4520874023438,43.2640419006348,809,25885,"iowa","kossuth",2016,180
"6172",-94.4520874023438,43.2640419006348,809,25885,"iowa","kossuth",2017,168
"6173",-94.4520874023438,43.2640419006348,809,25885,"iowa","kossuth",2018,142
"6174",-94.4520874023438,43.2640419006348,809,25885,"iowa","kossuth",2019,147
"6175",-94.4520874023438,43.2640419006348,809,25885,"iowa","kossuth",2020,131
"6176",-94.4520874023438,43.2640419006348,809,25885,"iowa","kossuth",2021,103
"6177",-94.4520874023438,43.2640419006348,809,25885,"iowa","kossuth",2022,161
"6178",-94.4520874023438,43.2640419006348,809,25885,"iowa","kossuth",2023,123
"6179",-94.4520874023438,43.2640419006348,809,25885,"iowa","kossuth",2024,143
"6180",-94.4520874023438,43.2640419006348,809,25885,"iowa","kossuth",2025,8
"6181",-91.1117477416992,40.7086524963379,810,25887,"iowa","lee",2014,582
"6182",-91.1117477416992,40.7086524963379,810,25887,"iowa","lee",2015,767
"6183",-91.1117477416992,40.7086524963379,810,25887,"iowa","lee",2016,629
"6184",-91.1117477416992,40.7086524963379,810,25887,"iowa","lee",2017,631
"6185",-91.1117477416992,40.7086524963379,810,25887,"iowa","lee",2018,607
"6186",-91.1117477416992,40.7086524963379,810,25887,"iowa","lee",2019,664
"6187",-91.1117477416992,40.7086524963379,810,25887,"iowa","lee",2020,611
"6188",-91.1117477416992,40.7086524963379,810,25887,"iowa","lee",2021,764
"6189",-91.1117477416992,40.7086524963379,810,25887,"iowa","lee",2022,669
"6190",-91.1117477416992,40.7086524963379,810,25887,"iowa","lee",2023,712
"6191",-91.1117477416992,40.7086524963379,810,25887,"iowa","lee",2024,699
"6192",-91.1117477416992,40.7086524963379,810,25887,"iowa","lee",2025,30
"6193",-91.1117477416992,40.680004119873,810,25888,"iowa","lee",2014,582
"6194",-91.1117477416992,40.680004119873,810,25888,"iowa","lee",2015,767
"6195",-91.1117477416992,40.680004119873,810,25888,"iowa","lee",2016,629
"6196",-91.1117477416992,40.680004119873,810,25888,"iowa","lee",2017,631
"6197",-91.1117477416992,40.680004119873,810,25888,"iowa","lee",2018,607
"6198",-91.1117477416992,40.680004119873,810,25888,"iowa","lee",2019,664
"6199",-91.1117477416992,40.680004119873,810,25888,"iowa","lee",2020,611
"6200",-91.1117477416992,40.680004119873,810,25888,"iowa","lee",2021,764
"6201",-91.1117477416992,40.680004119873,810,25888,"iowa","lee",2022,669
"6202",-91.1117477416992,40.680004119873,810,25888,"iowa","lee",2023,712
"6203",-91.1117477416992,40.680004119873,810,25888,"iowa","lee",2024,699
"6204",-91.1117477416992,40.680004119873,810,25888,"iowa","lee",2025,30
"6205",-91.146125793457,40.6570854187012,810,25889,"iowa","lee",2014,582
"6206",-91.146125793457,40.6570854187012,810,25889,"iowa","lee",2015,767
"6207",-91.146125793457,40.6570854187012,810,25889,"iowa","lee",2016,629
"6208",-91.146125793457,40.6570854187012,810,25889,"iowa","lee",2017,631
"6209",-91.146125793457,40.6570854187012,810,25889,"iowa","lee",2018,607
"6210",-91.146125793457,40.6570854187012,810,25889,"iowa","lee",2019,664
"6211",-91.146125793457,40.6570854187012,810,25889,"iowa","lee",2020,611
"6212",-91.146125793457,40.6570854187012,810,25889,"iowa","lee",2021,764
"6213",-91.146125793457,40.6570854187012,810,25889,"iowa","lee",2022,669
"6214",-91.146125793457,40.6570854187012,810,25889,"iowa","lee",2023,712
"6215",-91.146125793457,40.6570854187012,810,25889,"iowa","lee",2024,699
"6216",-91.146125793457,40.6570854187012,810,25889,"iowa","lee",2025,30
"6217",-91.1862335205078,40.6341667175293,810,25890,"iowa","lee",2014,582
"6218",-91.1862335205078,40.6341667175293,810,25890,"iowa","lee",2015,767
"6219",-91.1862335205078,40.6341667175293,810,25890,"iowa","lee",2016,629
"6220",-91.1862335205078,40.6341667175293,810,25890,"iowa","lee",2017,631
"6221",-91.1862335205078,40.6341667175293,810,25890,"iowa","lee",2018,607
"6222",-91.1862335205078,40.6341667175293,810,25890,"iowa","lee",2019,664
"6223",-91.1862335205078,40.6341667175293,810,25890,"iowa","lee",2020,611
"6224",-91.1862335205078,40.6341667175293,810,25890,"iowa","lee",2021,764
"6225",-91.1862335205078,40.6341667175293,810,25890,"iowa","lee",2022,669
"6226",-91.1862335205078,40.6341667175293,810,25890,"iowa","lee",2023,712
"6227",-91.1862335205078,40.6341667175293,810,25890,"iowa","lee",2024,699
"6228",-91.1862335205078,40.6341667175293,810,25890,"iowa","lee",2025,30
"6229",-91.2664489746094,40.6227073669434,810,25891,"iowa","lee",2014,582
"6230",-91.2664489746094,40.6227073669434,810,25891,"iowa","lee",2015,767
"6231",-91.2664489746094,40.6227073669434,810,25891,"iowa","lee",2016,629
"6232",-91.2664489746094,40.6227073669434,810,25891,"iowa","lee",2017,631
"6233",-91.2664489746094,40.6227073669434,810,25891,"iowa","lee",2018,607
"6234",-91.2664489746094,40.6227073669434,810,25891,"iowa","lee",2019,664
"6235",-91.2664489746094,40.6227073669434,810,25891,"iowa","lee",2020,611
"6236",-91.2664489746094,40.6227073669434,810,25891,"iowa","lee",2021,764
"6237",-91.2664489746094,40.6227073669434,810,25891,"iowa","lee",2022,669
"6238",-91.2664489746094,40.6227073669434,810,25891,"iowa","lee",2023,712
"6239",-91.2664489746094,40.6227073669434,810,25891,"iowa","lee",2024,699
"6240",-91.2664489746094,40.6227073669434,810,25891,"iowa","lee",2025,30
"6241",-91.3065567016602,40.6227073669434,810,25892,"iowa","lee",2014,582
"6242",-91.3065567016602,40.6227073669434,810,25892,"iowa","lee",2015,767
"6243",-91.3065567016602,40.6227073669434,810,25892,"iowa","lee",2016,629
"6244",-91.3065567016602,40.6227073669434,810,25892,"iowa","lee",2017,631
"6245",-91.3065567016602,40.6227073669434,810,25892,"iowa","lee",2018,607
"6246",-91.3065567016602,40.6227073669434,810,25892,"iowa","lee",2019,664
"6247",-91.3065567016602,40.6227073669434,810,25892,"iowa","lee",2020,611
"6248",-91.3065567016602,40.6227073669434,810,25892,"iowa","lee",2021,764
"6249",-91.3065567016602,40.6227073669434,810,25892,"iowa","lee",2022,669
"6250",-91.3065567016602,40.6227073669434,810,25892,"iowa","lee",2023,712
"6251",-91.3065567016602,40.6227073669434,810,25892,"iowa","lee",2024,699
"6252",-91.3065567016602,40.6227073669434,810,25892,"iowa","lee",2025,30
"6253",-91.3523941040039,40.6112480163574,810,25893,"iowa","lee",2014,582
"6254",-91.3523941040039,40.6112480163574,810,25893,"iowa","lee",2015,767
"6255",-91.3523941040039,40.6112480163574,810,25893,"iowa","lee",2016,629
"6256",-91.3523941040039,40.6112480163574,810,25893,"iowa","lee",2017,631
"6257",-91.3523941040039,40.6112480163574,810,25893,"iowa","lee",2018,607
"6258",-91.3523941040039,40.6112480163574,810,25893,"iowa","lee",2019,664
"6259",-91.3523941040039,40.6112480163574,810,25893,"iowa","lee",2020,611
"6260",-91.3523941040039,40.6112480163574,810,25893,"iowa","lee",2021,764
"6261",-91.3523941040039,40.6112480163574,810,25893,"iowa","lee",2022,669
"6262",-91.3523941040039,40.6112480163574,810,25893,"iowa","lee",2023,712
"6263",-91.3523941040039,40.6112480163574,810,25893,"iowa","lee",2024,699
"6264",-91.3523941040039,40.6112480163574,810,25893,"iowa","lee",2025,30
"6265",-91.3753051757812,40.5883293151855,810,25894,"iowa","lee",2014,582
"6266",-91.3753051757812,40.5883293151855,810,25894,"iowa","lee",2015,767
"6267",-91.3753051757812,40.5883293151855,810,25894,"iowa","lee",2016,629
"6268",-91.3753051757812,40.5883293151855,810,25894,"iowa","lee",2017,631
"6269",-91.3753051757812,40.5883293151855,810,25894,"iowa","lee",2018,607
"6270",-91.3753051757812,40.5883293151855,810,25894,"iowa","lee",2019,664
"6271",-91.3753051757812,40.5883293151855,810,25894,"iowa","lee",2020,611
"6272",-91.3753051757812,40.5883293151855,810,25894,"iowa","lee",2021,764
"6273",-91.3753051757812,40.5883293151855,810,25894,"iowa","lee",2022,669
"6274",-91.3753051757812,40.5883293151855,810,25894,"iowa","lee",2023,712
"6275",-91.3753051757812,40.5883293151855,810,25894,"iowa","lee",2024,699
"6276",-91.3753051757812,40.5883293151855,810,25894,"iowa","lee",2025,30
"6277",-91.415412902832,40.5654106140137,810,25895,"iowa","lee",2014,582
"6278",-91.415412902832,40.5654106140137,810,25895,"iowa","lee",2015,767
"6279",-91.415412902832,40.5654106140137,810,25895,"iowa","lee",2016,629
"6280",-91.415412902832,40.5654106140137,810,25895,"iowa","lee",2017,631
"6281",-91.415412902832,40.5654106140137,810,25895,"iowa","lee",2018,607
"6282",-91.415412902832,40.5654106140137,810,25895,"iowa","lee",2019,664
"6283",-91.415412902832,40.5654106140137,810,25895,"iowa","lee",2020,611
"6284",-91.415412902832,40.5654106140137,810,25895,"iowa","lee",2021,764
"6285",-91.415412902832,40.5654106140137,810,25895,"iowa","lee",2022,669
"6286",-91.415412902832,40.5654106140137,810,25895,"iowa","lee",2023,712
"6287",-91.415412902832,40.5654106140137,810,25895,"iowa","lee",2024,699
"6288",-91.415412902832,40.5654106140137,810,25895,"iowa","lee",2025,30
"6289",-91.415412902832,40.5539512634277,810,25896,"iowa","lee",2014,582
"6290",-91.415412902832,40.5539512634277,810,25896,"iowa","lee",2015,767
"6291",-91.415412902832,40.5539512634277,810,25896,"iowa","lee",2016,629
"6292",-91.415412902832,40.5539512634277,810,25896,"iowa","lee",2017,631
"6293",-91.415412902832,40.5539512634277,810,25896,"iowa","lee",2018,607
"6294",-91.415412902832,40.5539512634277,810,25896,"iowa","lee",2019,664
"6295",-91.415412902832,40.5539512634277,810,25896,"iowa","lee",2020,611
"6296",-91.415412902832,40.5539512634277,810,25896,"iowa","lee",2021,764
"6297",-91.415412902832,40.5539512634277,810,25896,"iowa","lee",2022,669
"6298",-91.415412902832,40.5539512634277,810,25896,"iowa","lee",2023,712
"6299",-91.415412902832,40.5539512634277,810,25896,"iowa","lee",2024,699
"6300",-91.415412902832,40.5539512634277,810,25896,"iowa","lee",2025,30
"6301",-91.3753051757812,40.496654510498,810,25897,"iowa","lee",2014,582
"6302",-91.3753051757812,40.496654510498,810,25897,"iowa","lee",2015,767
"6303",-91.3753051757812,40.496654510498,810,25897,"iowa","lee",2016,629
"6304",-91.3753051757812,40.496654510498,810,25897,"iowa","lee",2017,631
"6305",-91.3753051757812,40.496654510498,810,25897,"iowa","lee",2018,607
"6306",-91.3753051757812,40.496654510498,810,25897,"iowa","lee",2019,664
"6307",-91.3753051757812,40.496654510498,810,25897,"iowa","lee",2020,611
"6308",-91.3753051757812,40.496654510498,810,25897,"iowa","lee",2021,764
"6309",-91.3753051757812,40.496654510498,810,25897,"iowa","lee",2022,669
"6310",-91.3753051757812,40.496654510498,810,25897,"iowa","lee",2023,712
"6311",-91.3753051757812,40.496654510498,810,25897,"iowa","lee",2024,699
"6312",-91.3753051757812,40.496654510498,810,25897,"iowa","lee",2025,30
"6313",-91.3925018310547,40.4450912475586,810,25898,"iowa","lee",2014,582
"6314",-91.3925018310547,40.4450912475586,810,25898,"iowa","lee",2015,767
"6315",-91.3925018310547,40.4450912475586,810,25898,"iowa","lee",2016,629
"6316",-91.3925018310547,40.4450912475586,810,25898,"iowa","lee",2017,631
"6317",-91.3925018310547,40.4450912475586,810,25898,"iowa","lee",2018,607
"6318",-91.3925018310547,40.4450912475586,810,25898,"iowa","lee",2019,664
"6319",-91.3925018310547,40.4450912475586,810,25898,"iowa","lee",2020,611
"6320",-91.3925018310547,40.4450912475586,810,25898,"iowa","lee",2021,764
"6321",-91.3925018310547,40.4450912475586,810,25898,"iowa","lee",2022,669
"6322",-91.3925018310547,40.4450912475586,810,25898,"iowa","lee",2023,712
"6323",-91.3925018310547,40.4450912475586,810,25898,"iowa","lee",2024,699
"6324",-91.3925018310547,40.4450912475586,810,25898,"iowa","lee",2025,30
"6325",-91.3925018310547,40.4221725463867,810,25899,"iowa","lee",2014,582
"6326",-91.3925018310547,40.4221725463867,810,25899,"iowa","lee",2015,767
"6327",-91.3925018310547,40.4221725463867,810,25899,"iowa","lee",2016,629
"6328",-91.3925018310547,40.4221725463867,810,25899,"iowa","lee",2017,631
"6329",-91.3925018310547,40.4221725463867,810,25899,"iowa","lee",2018,607
"6330",-91.3925018310547,40.4221725463867,810,25899,"iowa","lee",2019,664
"6331",-91.3925018310547,40.4221725463867,810,25899,"iowa","lee",2020,611
"6332",-91.3925018310547,40.4221725463867,810,25899,"iowa","lee",2021,764
"6333",-91.3925018310547,40.4221725463867,810,25899,"iowa","lee",2022,669
"6334",-91.3925018310547,40.4221725463867,810,25899,"iowa","lee",2023,712
"6335",-91.3925018310547,40.4221725463867,810,25899,"iowa","lee",2024,699
"6336",-91.3925018310547,40.4221725463867,810,25899,"iowa","lee",2025,30
"6337",-91.3867721557617,40.3935241699219,810,25900,"iowa","lee",2014,582
"6338",-91.3867721557617,40.3935241699219,810,25900,"iowa","lee",2015,767
"6339",-91.3867721557617,40.3935241699219,810,25900,"iowa","lee",2016,629
"6340",-91.3867721557617,40.3935241699219,810,25900,"iowa","lee",2017,631
"6341",-91.3867721557617,40.3935241699219,810,25900,"iowa","lee",2018,607
"6342",-91.3867721557617,40.3935241699219,810,25900,"iowa","lee",2019,664
"6343",-91.3867721557617,40.3935241699219,810,25900,"iowa","lee",2020,611
"6344",-91.3867721557617,40.3935241699219,810,25900,"iowa","lee",2021,764
"6345",-91.3867721557617,40.3935241699219,810,25900,"iowa","lee",2022,669
"6346",-91.3867721557617,40.3935241699219,810,25900,"iowa","lee",2023,712
"6347",-91.3867721557617,40.3935241699219,810,25900,"iowa","lee",2024,699
"6348",-91.3867721557617,40.3935241699219,810,25900,"iowa","lee",2025,30
"6349",-91.4096832275391,40.3820648193359,810,25901,"iowa","lee",2014,582
"6350",-91.4096832275391,40.3820648193359,810,25901,"iowa","lee",2015,767
"6351",-91.4096832275391,40.3820648193359,810,25901,"iowa","lee",2016,629
"6352",-91.4096832275391,40.3820648193359,810,25901,"iowa","lee",2017,631
"6353",-91.4096832275391,40.3820648193359,810,25901,"iowa","lee",2018,607
"6354",-91.4096832275391,40.3820648193359,810,25901,"iowa","lee",2019,664
"6355",-91.4096832275391,40.3820648193359,810,25901,"iowa","lee",2020,611
"6356",-91.4096832275391,40.3820648193359,810,25901,"iowa","lee",2021,764
"6357",-91.4096832275391,40.3820648193359,810,25901,"iowa","lee",2022,669
"6358",-91.4096832275391,40.3820648193359,810,25901,"iowa","lee",2023,712
"6359",-91.4096832275391,40.3820648193359,810,25901,"iowa","lee",2024,699
"6360",-91.4096832275391,40.3820648193359,810,25901,"iowa","lee",2025,30
"6361",-91.415412902832,40.376335144043,810,25902,"iowa","lee",2014,582
"6362",-91.415412902832,40.376335144043,810,25902,"iowa","lee",2015,767
"6363",-91.415412902832,40.376335144043,810,25902,"iowa","lee",2016,629
"6364",-91.415412902832,40.376335144043,810,25902,"iowa","lee",2017,631
"6365",-91.415412902832,40.376335144043,810,25902,"iowa","lee",2018,607
"6366",-91.415412902832,40.376335144043,810,25902,"iowa","lee",2019,664
"6367",-91.415412902832,40.376335144043,810,25902,"iowa","lee",2020,611
"6368",-91.415412902832,40.376335144043,810,25902,"iowa","lee",2021,764
"6369",-91.415412902832,40.376335144043,810,25902,"iowa","lee",2022,669
"6370",-91.415412902832,40.376335144043,810,25902,"iowa","lee",2023,712
"6371",-91.415412902832,40.376335144043,810,25902,"iowa","lee",2024,699
"6372",-91.415412902832,40.376335144043,810,25902,"iowa","lee",2025,30
"6373",-91.4898986816406,40.4164428710938,810,25903,"iowa","lee",2014,582
"6374",-91.4898986816406,40.4164428710938,810,25903,"iowa","lee",2015,767
"6375",-91.4898986816406,40.4164428710938,810,25903,"iowa","lee",2016,629
"6376",-91.4898986816406,40.4164428710938,810,25903,"iowa","lee",2017,631
"6377",-91.4898986816406,40.4164428710938,810,25903,"iowa","lee",2018,607
"6378",-91.4898986816406,40.4164428710938,810,25903,"iowa","lee",2019,664
"6379",-91.4898986816406,40.4164428710938,810,25903,"iowa","lee",2020,611
"6380",-91.4898986816406,40.4164428710938,810,25903,"iowa","lee",2021,764
"6381",-91.4898986816406,40.4164428710938,810,25903,"iowa","lee",2022,669
"6382",-91.4898986816406,40.4164428710938,810,25903,"iowa","lee",2023,712
"6383",-91.4898986816406,40.4164428710938,810,25903,"iowa","lee",2024,699
"6384",-91.4898986816406,40.4164428710938,810,25903,"iowa","lee",2025,30
"6385",-91.5242767333984,40.4737358093262,810,25904,"iowa","lee",2014,582
"6386",-91.5242767333984,40.4737358093262,810,25904,"iowa","lee",2015,767
"6387",-91.5242767333984,40.4737358093262,810,25904,"iowa","lee",2016,629
"6388",-91.5242767333984,40.4737358093262,810,25904,"iowa","lee",2017,631
"6389",-91.5242767333984,40.4737358093262,810,25904,"iowa","lee",2018,607
"6390",-91.5242767333984,40.4737358093262,810,25904,"iowa","lee",2019,664
"6391",-91.5242767333984,40.4737358093262,810,25904,"iowa","lee",2020,611
"6392",-91.5242767333984,40.4737358093262,810,25904,"iowa","lee",2021,764
"6393",-91.5242767333984,40.4737358093262,810,25904,"iowa","lee",2022,669
"6394",-91.5242767333984,40.4737358093262,810,25904,"iowa","lee",2023,712
"6395",-91.5242767333984,40.4737358093262,810,25904,"iowa","lee",2024,699
"6396",-91.5242767333984,40.4737358093262,810,25904,"iowa","lee",2025,30
"6397",-91.5873031616211,40.5081176757812,810,25905,"iowa","lee",2014,582
"6398",-91.5873031616211,40.5081176757812,810,25905,"iowa","lee",2015,767
"6399",-91.5873031616211,40.5081176757812,810,25905,"iowa","lee",2016,629
"6400",-91.5873031616211,40.5081176757812,810,25905,"iowa","lee",2017,631
"6401",-91.5873031616211,40.5081176757812,810,25905,"iowa","lee",2018,607
"6402",-91.5873031616211,40.5081176757812,810,25905,"iowa","lee",2019,664
"6403",-91.5873031616211,40.5081176757812,810,25905,"iowa","lee",2020,611
"6404",-91.5873031616211,40.5081176757812,810,25905,"iowa","lee",2021,764
"6405",-91.5873031616211,40.5081176757812,810,25905,"iowa","lee",2022,669
"6406",-91.5873031616211,40.5081176757812,810,25905,"iowa","lee",2023,712
"6407",-91.5873031616211,40.5081176757812,810,25905,"iowa","lee",2024,699
"6408",-91.5873031616211,40.5081176757812,810,25905,"iowa","lee",2025,30
"6409",-91.6159515380859,40.5654106140137,810,25906,"iowa","lee",2014,582
"6410",-91.6159515380859,40.5654106140137,810,25906,"iowa","lee",2015,767
"6411",-91.6159515380859,40.5654106140137,810,25906,"iowa","lee",2016,629
"6412",-91.6159515380859,40.5654106140137,810,25906,"iowa","lee",2017,631
"6413",-91.6159515380859,40.5654106140137,810,25906,"iowa","lee",2018,607
"6414",-91.6159515380859,40.5654106140137,810,25906,"iowa","lee",2019,664
"6415",-91.6159515380859,40.5654106140137,810,25906,"iowa","lee",2020,611
"6416",-91.6159515380859,40.5654106140137,810,25906,"iowa","lee",2021,764
"6417",-91.6159515380859,40.5654106140137,810,25906,"iowa","lee",2022,669
"6418",-91.6159515380859,40.5654106140137,810,25906,"iowa","lee",2023,712
"6419",-91.6159515380859,40.5654106140137,810,25906,"iowa","lee",2024,699
"6420",-91.6159515380859,40.5654106140137,810,25906,"iowa","lee",2025,30
"6421",-91.6675186157227,40.5654106140137,810,25907,"iowa","lee",2014,582
"6422",-91.6675186157227,40.5654106140137,810,25907,"iowa","lee",2015,767
"6423",-91.6675186157227,40.5654106140137,810,25907,"iowa","lee",2016,629
"6424",-91.6675186157227,40.5654106140137,810,25907,"iowa","lee",2017,631
"6425",-91.6675186157227,40.5654106140137,810,25907,"iowa","lee",2018,607
"6426",-91.6675186157227,40.5654106140137,810,25907,"iowa","lee",2019,664
"6427",-91.6675186157227,40.5654106140137,810,25907,"iowa","lee",2020,611
"6428",-91.6675186157227,40.5654106140137,810,25907,"iowa","lee",2021,764
"6429",-91.6675186157227,40.5654106140137,810,25907,"iowa","lee",2022,669
"6430",-91.6675186157227,40.5654106140137,810,25907,"iowa","lee",2023,712
"6431",-91.6675186157227,40.5654106140137,810,25907,"iowa","lee",2024,699
"6432",-91.6675186157227,40.5654106140137,810,25907,"iowa","lee",2025,30
"6433",-91.7018966674805,40.6169776916504,810,25908,"iowa","lee",2014,582
"6434",-91.7018966674805,40.6169776916504,810,25908,"iowa","lee",2015,767
"6435",-91.7018966674805,40.6169776916504,810,25908,"iowa","lee",2016,629
"6436",-91.7018966674805,40.6169776916504,810,25908,"iowa","lee",2017,631
"6437",-91.7018966674805,40.6169776916504,810,25908,"iowa","lee",2018,607
"6438",-91.7018966674805,40.6169776916504,810,25908,"iowa","lee",2019,664
"6439",-91.7018966674805,40.6169776916504,810,25908,"iowa","lee",2020,611
"6440",-91.7018966674805,40.6169776916504,810,25908,"iowa","lee",2021,764
"6441",-91.7018966674805,40.6169776916504,810,25908,"iowa","lee",2022,669
"6442",-91.7018966674805,40.6169776916504,810,25908,"iowa","lee",2023,712
"6443",-91.7018966674805,40.6169776916504,810,25908,"iowa","lee",2024,699
"6444",-91.7018966674805,40.6169776916504,810,25908,"iowa","lee",2025,30
"6445",-91.7076263427734,40.8232421875,810,25909,"iowa","lee",2014,582
"6446",-91.7076263427734,40.8232421875,810,25909,"iowa","lee",2015,767
"6447",-91.7076263427734,40.8232421875,810,25909,"iowa","lee",2016,629
"6448",-91.7076263427734,40.8232421875,810,25909,"iowa","lee",2017,631
"6449",-91.7076263427734,40.8232421875,810,25909,"iowa","lee",2018,607
"6450",-91.7076263427734,40.8232421875,810,25909,"iowa","lee",2019,664
"6451",-91.7076263427734,40.8232421875,810,25909,"iowa","lee",2020,611
"6452",-91.7076263427734,40.8232421875,810,25909,"iowa","lee",2021,764
"6453",-91.7076263427734,40.8232421875,810,25909,"iowa","lee",2022,669
"6454",-91.7076263427734,40.8232421875,810,25909,"iowa","lee",2023,712
"6455",-91.7076263427734,40.8232421875,810,25909,"iowa","lee",2024,699
"6456",-91.7076263427734,40.8232421875,810,25909,"iowa","lee",2025,30
"6457",-91.3982238769531,40.8232421875,810,25910,"iowa","lee",2014,582
"6458",-91.3982238769531,40.8232421875,810,25910,"iowa","lee",2015,767
"6459",-91.3982238769531,40.8232421875,810,25910,"iowa","lee",2016,629
"6460",-91.3982238769531,40.8232421875,810,25910,"iowa","lee",2017,631
"6461",-91.3982238769531,40.8232421875,810,25910,"iowa","lee",2018,607
"6462",-91.3982238769531,40.8232421875,810,25910,"iowa","lee",2019,664
"6463",-91.3982238769531,40.8232421875,810,25910,"iowa","lee",2020,611
"6464",-91.3982238769531,40.8232421875,810,25910,"iowa","lee",2021,764
"6465",-91.3982238769531,40.8232421875,810,25910,"iowa","lee",2022,669
"6466",-91.3982238769531,40.8232421875,810,25910,"iowa","lee",2023,712
"6467",-91.3982238769531,40.8232421875,810,25910,"iowa","lee",2024,699
"6468",-91.3982238769531,40.8232421875,810,25910,"iowa","lee",2025,30
"6469",-91.3581161499023,40.8175163269043,810,25911,"iowa","lee",2014,582
"6470",-91.3581161499023,40.8175163269043,810,25911,"iowa","lee",2015,767
"6471",-91.3581161499023,40.8175163269043,810,25911,"iowa","lee",2016,629
"6472",-91.3581161499023,40.8175163269043,810,25911,"iowa","lee",2017,631
"6473",-91.3581161499023,40.8175163269043,810,25911,"iowa","lee",2018,607
"6474",-91.3581161499023,40.8175163269043,810,25911,"iowa","lee",2019,664
"6475",-91.3581161499023,40.8175163269043,810,25911,"iowa","lee",2020,611
"6476",-91.3581161499023,40.8175163269043,810,25911,"iowa","lee",2021,764
"6477",-91.3581161499023,40.8175163269043,810,25911,"iowa","lee",2022,669
"6478",-91.3581161499023,40.8175163269043,810,25911,"iowa","lee",2023,712
"6479",-91.3581161499023,40.8175163269043,810,25911,"iowa","lee",2024,699
"6480",-91.3581161499023,40.8175163269043,810,25911,"iowa","lee",2025,30
"6481",-91.335205078125,40.8060531616211,810,25912,"iowa","lee",2014,582
"6482",-91.335205078125,40.8060531616211,810,25912,"iowa","lee",2015,767
"6483",-91.335205078125,40.8060531616211,810,25912,"iowa","lee",2016,629
"6484",-91.335205078125,40.8060531616211,810,25912,"iowa","lee",2017,631
"6485",-91.335205078125,40.8060531616211,810,25912,"iowa","lee",2018,607
"6486",-91.335205078125,40.8060531616211,810,25912,"iowa","lee",2019,664
"6487",-91.335205078125,40.8060531616211,810,25912,"iowa","lee",2020,611
"6488",-91.335205078125,40.8060531616211,810,25912,"iowa","lee",2021,764
"6489",-91.335205078125,40.8060531616211,810,25912,"iowa","lee",2022,669
"6490",-91.335205078125,40.8060531616211,810,25912,"iowa","lee",2023,712
"6491",-91.335205078125,40.8060531616211,810,25912,"iowa","lee",2024,699
"6492",-91.335205078125,40.8060531616211,810,25912,"iowa","lee",2025,30
"6493",-91.3065567016602,40.7945976257324,810,25913,"iowa","lee",2014,582
"6494",-91.3065567016602,40.7945976257324,810,25913,"iowa","lee",2015,767
"6495",-91.3065567016602,40.7945976257324,810,25913,"iowa","lee",2016,629
"6496",-91.3065567016602,40.7945976257324,810,25913,"iowa","lee",2017,631
"6497",-91.3065567016602,40.7945976257324,810,25913,"iowa","lee",2018,607
"6498",-91.3065567016602,40.7945976257324,810,25913,"iowa","lee",2019,664
"6499",-91.3065567016602,40.7945976257324,810,25913,"iowa","lee",2020,611
"6500",-91.3065567016602,40.7945976257324,810,25913,"iowa","lee",2021,764
"6501",-91.3065567016602,40.7945976257324,810,25913,"iowa","lee",2022,669
"6502",-91.3065567016602,40.7945976257324,810,25913,"iowa","lee",2023,712
"6503",-91.3065567016602,40.7945976257324,810,25913,"iowa","lee",2024,699
"6504",-91.3065567016602,40.7945976257324,810,25913,"iowa","lee",2025,30
"6505",-91.3008270263672,40.7774085998535,810,25914,"iowa","lee",2014,582
"6506",-91.3008270263672,40.7774085998535,810,25914,"iowa","lee",2015,767
"6507",-91.3008270263672,40.7774085998535,810,25914,"iowa","lee",2016,629
"6508",-91.3008270263672,40.7774085998535,810,25914,"iowa","lee",2017,631
"6509",-91.3008270263672,40.7774085998535,810,25914,"iowa","lee",2018,607
"6510",-91.3008270263672,40.7774085998535,810,25914,"iowa","lee",2019,664
"6511",-91.3008270263672,40.7774085998535,810,25914,"iowa","lee",2020,611
"6512",-91.3008270263672,40.7774085998535,810,25914,"iowa","lee",2021,764
"6513",-91.3008270263672,40.7774085998535,810,25914,"iowa","lee",2022,669
"6514",-91.3008270263672,40.7774085998535,810,25914,"iowa","lee",2023,712
"6515",-91.3008270263672,40.7774085998535,810,25914,"iowa","lee",2024,699
"6516",-91.3008270263672,40.7774085998535,810,25914,"iowa","lee",2025,30
"6517",-91.2664489746094,40.7602157592773,810,25915,"iowa","lee",2014,582
"6518",-91.2664489746094,40.7602157592773,810,25915,"iowa","lee",2015,767
"6519",-91.2664489746094,40.7602157592773,810,25915,"iowa","lee",2016,629
"6520",-91.2664489746094,40.7602157592773,810,25915,"iowa","lee",2017,631
"6521",-91.2664489746094,40.7602157592773,810,25915,"iowa","lee",2018,607
"6522",-91.2664489746094,40.7602157592773,810,25915,"iowa","lee",2019,664
"6523",-91.2664489746094,40.7602157592773,810,25915,"iowa","lee",2020,611
"6524",-91.2664489746094,40.7602157592773,810,25915,"iowa","lee",2021,764
"6525",-91.2664489746094,40.7602157592773,810,25915,"iowa","lee",2022,669
"6526",-91.2664489746094,40.7602157592773,810,25915,"iowa","lee",2023,712
"6527",-91.2664489746094,40.7602157592773,810,25915,"iowa","lee",2024,699
"6528",-91.2664489746094,40.7602157592773,810,25915,"iowa","lee",2025,30
"6529",-91.23779296875,40.7602157592773,810,25916,"iowa","lee",2014,582
"6530",-91.23779296875,40.7602157592773,810,25916,"iowa","lee",2015,767
"6531",-91.23779296875,40.7602157592773,810,25916,"iowa","lee",2016,629
"6532",-91.23779296875,40.7602157592773,810,25916,"iowa","lee",2017,631
"6533",-91.23779296875,40.7602157592773,810,25916,"iowa","lee",2018,607
"6534",-91.23779296875,40.7602157592773,810,25916,"iowa","lee",2019,664
"6535",-91.23779296875,40.7602157592773,810,25916,"iowa","lee",2020,611
"6536",-91.23779296875,40.7602157592773,810,25916,"iowa","lee",2021,764
"6537",-91.23779296875,40.7602157592773,810,25916,"iowa","lee",2022,669
"6538",-91.23779296875,40.7602157592773,810,25916,"iowa","lee",2023,712
"6539",-91.23779296875,40.7602157592773,810,25916,"iowa","lee",2024,699
"6540",-91.23779296875,40.7602157592773,810,25916,"iowa","lee",2025,30
"6541",-91.2148818969727,40.7373008728027,810,25917,"iowa","lee",2014,582
"6542",-91.2148818969727,40.7373008728027,810,25917,"iowa","lee",2015,767
"6543",-91.2148818969727,40.7373008728027,810,25917,"iowa","lee",2016,629
"6544",-91.2148818969727,40.7373008728027,810,25917,"iowa","lee",2017,631
"6545",-91.2148818969727,40.7373008728027,810,25917,"iowa","lee",2018,607
"6546",-91.2148818969727,40.7373008728027,810,25917,"iowa","lee",2019,664
"6547",-91.2148818969727,40.7373008728027,810,25917,"iowa","lee",2020,611
"6548",-91.2148818969727,40.7373008728027,810,25917,"iowa","lee",2021,764
"6549",-91.2148818969727,40.7373008728027,810,25917,"iowa","lee",2022,669
"6550",-91.2148818969727,40.7373008728027,810,25917,"iowa","lee",2023,712
"6551",-91.2148818969727,40.7373008728027,810,25917,"iowa","lee",2024,699
"6552",-91.2148818969727,40.7373008728027,810,25917,"iowa","lee",2025,30
"6553",-91.1862335205078,40.7315711975098,810,25918,"iowa","lee",2014,582
"6554",-91.1862335205078,40.7315711975098,810,25918,"iowa","lee",2015,767
"6555",-91.1862335205078,40.7315711975098,810,25918,"iowa","lee",2016,629
"6556",-91.1862335205078,40.7315711975098,810,25918,"iowa","lee",2017,631
"6557",-91.1862335205078,40.7315711975098,810,25918,"iowa","lee",2018,607
"6558",-91.1862335205078,40.7315711975098,810,25918,"iowa","lee",2019,664
"6559",-91.1862335205078,40.7315711975098,810,25918,"iowa","lee",2020,611
"6560",-91.1862335205078,40.7315711975098,810,25918,"iowa","lee",2021,764
"6561",-91.1862335205078,40.7315711975098,810,25918,"iowa","lee",2022,669
"6562",-91.1862335205078,40.7315711975098,810,25918,"iowa","lee",2023,712
"6563",-91.1862335205078,40.7315711975098,810,25918,"iowa","lee",2024,699
"6564",-91.1862335205078,40.7315711975098,810,25918,"iowa","lee",2025,30
"6565",-91.1633148193359,40.7315711975098,810,25919,"iowa","lee",2014,582
"6566",-91.1633148193359,40.7315711975098,810,25919,"iowa","lee",2015,767
"6567",-91.1633148193359,40.7315711975098,810,25919,"iowa","lee",2016,629
"6568",-91.1633148193359,40.7315711975098,810,25919,"iowa","lee",2017,631
"6569",-91.1633148193359,40.7315711975098,810,25919,"iowa","lee",2018,607
"6570",-91.1633148193359,40.7315711975098,810,25919,"iowa","lee",2019,664
"6571",-91.1633148193359,40.7315711975098,810,25919,"iowa","lee",2020,611
"6572",-91.1633148193359,40.7315711975098,810,25919,"iowa","lee",2021,764
"6573",-91.1633148193359,40.7315711975098,810,25919,"iowa","lee",2022,669
"6574",-91.1633148193359,40.7315711975098,810,25919,"iowa","lee",2023,712
"6575",-91.1633148193359,40.7315711975098,810,25919,"iowa","lee",2024,699
"6576",-91.1633148193359,40.7315711975098,810,25919,"iowa","lee",2025,30
"6577",-91.15185546875,40.7315711975098,810,25920,"iowa","lee",2014,582
"6578",-91.15185546875,40.7315711975098,810,25920,"iowa","lee",2015,767
"6579",-91.15185546875,40.7315711975098,810,25920,"iowa","lee",2016,629
"6580",-91.15185546875,40.7315711975098,810,25920,"iowa","lee",2017,631
"6581",-91.15185546875,40.7315711975098,810,25920,"iowa","lee",2018,607
"6582",-91.15185546875,40.7315711975098,810,25920,"iowa","lee",2019,664
"6583",-91.15185546875,40.7315711975098,810,25920,"iowa","lee",2020,611
"6584",-91.15185546875,40.7315711975098,810,25920,"iowa","lee",2021,764
"6585",-91.15185546875,40.7315711975098,810,25920,"iowa","lee",2022,669
"6586",-91.15185546875,40.7315711975098,810,25920,"iowa","lee",2023,712
"6587",-91.15185546875,40.7315711975098,810,25920,"iowa","lee",2024,699
"6588",-91.15185546875,40.7315711975098,810,25920,"iowa","lee",2025,30
"6589",-91.1403961181641,40.7258415222168,810,25921,"iowa","lee",2014,582
"6590",-91.1403961181641,40.7258415222168,810,25921,"iowa","lee",2015,767
"6591",-91.1403961181641,40.7258415222168,810,25921,"iowa","lee",2016,629
"6592",-91.1403961181641,40.7258415222168,810,25921,"iowa","lee",2017,631
"6593",-91.1403961181641,40.7258415222168,810,25921,"iowa","lee",2018,607
"6594",-91.1403961181641,40.7258415222168,810,25921,"iowa","lee",2019,664
"6595",-91.1403961181641,40.7258415222168,810,25921,"iowa","lee",2020,611
"6596",-91.1403961181641,40.7258415222168,810,25921,"iowa","lee",2021,764
"6597",-91.1403961181641,40.7258415222168,810,25921,"iowa","lee",2022,669
"6598",-91.1403961181641,40.7258415222168,810,25921,"iowa","lee",2023,712
"6599",-91.1403961181641,40.7258415222168,810,25921,"iowa","lee",2024,699
"6600",-91.1403961181641,40.7258415222168,810,25921,"iowa","lee",2025,30
"6601",-91.1117477416992,40.7086524963379,810,25922,"iowa","lee",2014,582
"6602",-91.1117477416992,40.7086524963379,810,25922,"iowa","lee",2015,767
"6603",-91.1117477416992,40.7086524963379,810,25922,"iowa","lee",2016,629
"6604",-91.1117477416992,40.7086524963379,810,25922,"iowa","lee",2017,631
"6605",-91.1117477416992,40.7086524963379,810,25922,"iowa","lee",2018,607
"6606",-91.1117477416992,40.7086524963379,810,25922,"iowa","lee",2019,664
"6607",-91.1117477416992,40.7086524963379,810,25922,"iowa","lee",2020,611
"6608",-91.1117477416992,40.7086524963379,810,25922,"iowa","lee",2021,764
"6609",-91.1117477416992,40.7086524963379,810,25922,"iowa","lee",2022,669
"6610",-91.1117477416992,40.7086524963379,810,25922,"iowa","lee",2023,712
"6611",-91.1117477416992,40.7086524963379,810,25922,"iowa","lee",2024,699
"6612",-91.1117477416992,40.7086524963379,810,25922,"iowa","lee",2025,30
"6613",-91.8222122192383,42.3014755249023,811,25924,"iowa","linn",2014,3169
"6614",-91.8222122192383,42.3014755249023,811,25924,"iowa","linn",2015,3347
"6615",-91.8222122192383,42.3014755249023,811,25924,"iowa","linn",2016,3383
"6616",-91.8222122192383,42.3014755249023,811,25924,"iowa","linn",2017,3465
"6617",-91.8222122192383,42.3014755249023,811,25924,"iowa","linn",2018,3763
"6618",-91.8222122192383,42.3014755249023,811,25924,"iowa","linn",2019,3697
"6619",-91.8222122192383,42.3014755249023,811,25924,"iowa","linn",2020,2916
"6620",-91.8222122192383,42.3014755249023,811,25924,"iowa","linn",2021,3334
"6621",-91.8222122192383,42.3014755249023,811,25924,"iowa","linn",2022,3178
"6622",-91.8222122192383,42.3014755249023,811,25924,"iowa","linn",2023,3146
"6623",-91.8222122192383,42.3014755249023,811,25924,"iowa","linn",2024,3090
"6624",-91.8222122192383,42.3014755249023,811,25924,"iowa","linn",2025,246
"6625",-91.5873031616211,42.3014755249023,811,25925,"iowa","linn",2014,3169
"6626",-91.5873031616211,42.3014755249023,811,25925,"iowa","linn",2015,3347
"6627",-91.5873031616211,42.3014755249023,811,25925,"iowa","linn",2016,3383
"6628",-91.5873031616211,42.3014755249023,811,25925,"iowa","linn",2017,3465
"6629",-91.5873031616211,42.3014755249023,811,25925,"iowa","linn",2018,3763
"6630",-91.5873031616211,42.3014755249023,811,25925,"iowa","linn",2019,3697
"6631",-91.5873031616211,42.3014755249023,811,25925,"iowa","linn",2020,2916
"6632",-91.5873031616211,42.3014755249023,811,25925,"iowa","linn",2021,3334
"6633",-91.5873031616211,42.3014755249023,811,25925,"iowa","linn",2022,3178
"6634",-91.5873031616211,42.3014755249023,811,25925,"iowa","linn",2023,3146
"6635",-91.5873031616211,42.3014755249023,811,25925,"iowa","linn",2024,3090
"6636",-91.5873031616211,42.3014755249023,811,25925,"iowa","linn",2025,246
"6637",-91.3523941040039,42.3014755249023,811,25926,"iowa","linn",2014,3169
"6638",-91.3523941040039,42.3014755249023,811,25926,"iowa","linn",2015,3347
"6639",-91.3523941040039,42.3014755249023,811,25926,"iowa","linn",2016,3383
"6640",-91.3523941040039,42.3014755249023,811,25926,"iowa","linn",2017,3465
"6641",-91.3523941040039,42.3014755249023,811,25926,"iowa","linn",2018,3763
"6642",-91.3523941040039,42.3014755249023,811,25926,"iowa","linn",2019,3697
"6643",-91.3523941040039,42.3014755249023,811,25926,"iowa","linn",2020,2916
"6644",-91.3523941040039,42.3014755249023,811,25926,"iowa","linn",2021,3334
"6645",-91.3523941040039,42.3014755249023,811,25926,"iowa","linn",2022,3178
"6646",-91.3523941040039,42.3014755249023,811,25926,"iowa","linn",2023,3146
"6647",-91.3523941040039,42.3014755249023,811,25926,"iowa","linn",2024,3090
"6648",-91.3523941040039,42.3014755249023,811,25926,"iowa","linn",2025,246
"6649",-91.3523941040039,41.9519729614258,811,25927,"iowa","linn",2014,3169
"6650",-91.3523941040039,41.9519729614258,811,25927,"iowa","linn",2015,3347
"6651",-91.3523941040039,41.9519729614258,811,25927,"iowa","linn",2016,3383
"6652",-91.3523941040039,41.9519729614258,811,25927,"iowa","linn",2017,3465
"6653",-91.3523941040039,41.9519729614258,811,25927,"iowa","linn",2018,3763
"6654",-91.3523941040039,41.9519729614258,811,25927,"iowa","linn",2019,3697
"6655",-91.3523941040039,41.9519729614258,811,25927,"iowa","linn",2020,2916
"6656",-91.3523941040039,41.9519729614258,811,25927,"iowa","linn",2021,3334
"6657",-91.3523941040039,41.9519729614258,811,25927,"iowa","linn",2022,3178
"6658",-91.3523941040039,41.9519729614258,811,25927,"iowa","linn",2023,3146
"6659",-91.3523941040039,41.9519729614258,811,25927,"iowa","linn",2024,3090
"6660",-91.3523941040039,41.9519729614258,811,25927,"iowa","linn",2025,246
"6661",-91.3523941040039,41.871753692627,811,25928,"iowa","linn",2014,3169
"6662",-91.3523941040039,41.871753692627,811,25928,"iowa","linn",2015,3347
"6663",-91.3523941040039,41.871753692627,811,25928,"iowa","linn",2016,3383
"6664",-91.3523941040039,41.871753692627,811,25928,"iowa","linn",2017,3465
"6665",-91.3523941040039,41.871753692627,811,25928,"iowa","linn",2018,3763
"6666",-91.3523941040039,41.871753692627,811,25928,"iowa","linn",2019,3697
"6667",-91.3523941040039,41.871753692627,811,25928,"iowa","linn",2020,2916
"6668",-91.3523941040039,41.871753692627,811,25928,"iowa","linn",2021,3334
"6669",-91.3523941040039,41.871753692627,811,25928,"iowa","linn",2022,3178
"6670",-91.3523941040039,41.871753692627,811,25928,"iowa","linn",2023,3146
"6671",-91.3523941040039,41.871753692627,811,25928,"iowa","linn",2024,3090
"6672",-91.3523941040039,41.871753692627,811,25928,"iowa","linn",2025,246
"6673",-91.8222122192383,41.871753692627,811,25929,"iowa","linn",2014,3169
"6674",-91.8222122192383,41.871753692627,811,25929,"iowa","linn",2015,3347
"6675",-91.8222122192383,41.871753692627,811,25929,"iowa","linn",2016,3383
"6676",-91.8222122192383,41.871753692627,811,25929,"iowa","linn",2017,3465
"6677",-91.8222122192383,41.871753692627,811,25929,"iowa","linn",2018,3763
"6678",-91.8222122192383,41.871753692627,811,25929,"iowa","linn",2019,3697
"6679",-91.8222122192383,41.871753692627,811,25929,"iowa","linn",2020,2916
"6680",-91.8222122192383,41.871753692627,811,25929,"iowa","linn",2021,3334
"6681",-91.8222122192383,41.871753692627,811,25929,"iowa","linn",2022,3178
"6682",-91.8222122192383,41.871753692627,811,25929,"iowa","linn",2023,3146
"6683",-91.8222122192383,41.871753692627,811,25929,"iowa","linn",2024,3090
"6684",-91.8222122192383,41.871753692627,811,25929,"iowa","linn",2025,246
"6685",-91.8222122192383,42.3014755249023,811,25930,"iowa","linn",2014,3169
"6686",-91.8222122192383,42.3014755249023,811,25930,"iowa","linn",2015,3347
"6687",-91.8222122192383,42.3014755249023,811,25930,"iowa","linn",2016,3383
"6688",-91.8222122192383,42.3014755249023,811,25930,"iowa","linn",2017,3465
"6689",-91.8222122192383,42.3014755249023,811,25930,"iowa","linn",2018,3763
"6690",-91.8222122192383,42.3014755249023,811,25930,"iowa","linn",2019,3697
"6691",-91.8222122192383,42.3014755249023,811,25930,"iowa","linn",2020,2916
"6692",-91.8222122192383,42.3014755249023,811,25930,"iowa","linn",2021,3334
"6693",-91.8222122192383,42.3014755249023,811,25930,"iowa","linn",2022,3178
"6694",-91.8222122192383,42.3014755249023,811,25930,"iowa","linn",2023,3146
"6695",-91.8222122192383,42.3014755249023,811,25930,"iowa","linn",2024,3090
"6696",-91.8222122192383,42.3014755249023,811,25930,"iowa","linn",2025,246
"6697",-91.06591796875,41.3446350097656,812,25932,"iowa","louisa",2014,161
"6698",-91.06591796875,41.3446350097656,812,25932,"iowa","louisa",2015,172
"6699",-91.06591796875,41.3446350097656,812,25932,"iowa","louisa",2016,196
"6700",-91.06591796875,41.3446350097656,812,25932,"iowa","louisa",2017,202
"6701",-91.06591796875,41.3446350097656,812,25932,"iowa","louisa",2018,214
"6702",-91.06591796875,41.3446350097656,812,25932,"iowa","louisa",2019,198
"6703",-91.06591796875,41.3446350097656,812,25932,"iowa","louisa",2020,206
"6704",-91.06591796875,41.3446350097656,812,25932,"iowa","louisa",2021,170
"6705",-91.06591796875,41.3446350097656,812,25932,"iowa","louisa",2022,171
"6706",-91.06591796875,41.3446350097656,812,25932,"iowa","louisa",2023,210
"6707",-91.06591796875,41.3446350097656,812,25932,"iowa","louisa",2024,221
"6708",-91.06591796875,41.3446350097656,812,25932,"iowa","louisa",2025,14
"6709",-91.0601806640625,41.3274459838867,812,25933,"iowa","louisa",2014,161
"6710",-91.0601806640625,41.3274459838867,812,25933,"iowa","louisa",2015,172
"6711",-91.0601806640625,41.3274459838867,812,25933,"iowa","louisa",2016,196
"6712",-91.0601806640625,41.3274459838867,812,25933,"iowa","louisa",2017,202
"6713",-91.0601806640625,41.3274459838867,812,25933,"iowa","louisa",2018,214
"6714",-91.0601806640625,41.3274459838867,812,25933,"iowa","louisa",2019,198
"6715",-91.0601806640625,41.3274459838867,812,25933,"iowa","louisa",2020,206
"6716",-91.0601806640625,41.3274459838867,812,25933,"iowa","louisa",2021,170
"6717",-91.0601806640625,41.3274459838867,812,25933,"iowa","louisa",2022,171
"6718",-91.0601806640625,41.3274459838867,812,25933,"iowa","louisa",2023,210
"6719",-91.0601806640625,41.3274459838867,812,25933,"iowa","louisa",2024,221
"6720",-91.0601806640625,41.3274459838867,812,25933,"iowa","louisa",2025,14
"6721",-91.06591796875,41.3102569580078,812,25934,"iowa","louisa",2014,161
"6722",-91.06591796875,41.3102569580078,812,25934,"iowa","louisa",2015,172
"6723",-91.06591796875,41.3102569580078,812,25934,"iowa","louisa",2016,196
"6724",-91.06591796875,41.3102569580078,812,25934,"iowa","louisa",2017,202
"6725",-91.06591796875,41.3102569580078,812,25934,"iowa","louisa",2018,214
"6726",-91.06591796875,41.3102569580078,812,25934,"iowa","louisa",2019,198
"6727",-91.06591796875,41.3102569580078,812,25934,"iowa","louisa",2020,206
"6728",-91.06591796875,41.3102569580078,812,25934,"iowa","louisa",2021,170
"6729",-91.06591796875,41.3102569580078,812,25934,"iowa","louisa",2022,171
"6730",-91.06591796875,41.3102569580078,812,25934,"iowa","louisa",2023,210
"6731",-91.06591796875,41.3102569580078,812,25934,"iowa","louisa",2024,221
"6732",-91.06591796875,41.3102569580078,812,25934,"iowa","louisa",2025,14
"6733",-91.0888290405273,41.270149230957,812,25935,"iowa","louisa",2014,161
"6734",-91.0888290405273,41.270149230957,812,25935,"iowa","louisa",2015,172
"6735",-91.0888290405273,41.270149230957,812,25935,"iowa","louisa",2016,196
"6736",-91.0888290405273,41.270149230957,812,25935,"iowa","louisa",2017,202
"6737",-91.0888290405273,41.270149230957,812,25935,"iowa","louisa",2018,214
"6738",-91.0888290405273,41.270149230957,812,25935,"iowa","louisa",2019,198
"6739",-91.0888290405273,41.270149230957,812,25935,"iowa","louisa",2020,206
"6740",-91.0888290405273,41.270149230957,812,25935,"iowa","louisa",2021,170
"6741",-91.0888290405273,41.270149230957,812,25935,"iowa","louisa",2022,171
"6742",-91.0888290405273,41.270149230957,812,25935,"iowa","louisa",2023,210
"6743",-91.0888290405273,41.270149230957,812,25935,"iowa","louisa",2024,221
"6744",-91.0888290405273,41.270149230957,812,25935,"iowa","louisa",2025,14
"6745",-91.0888290405273,41.2300453186035,812,25936,"iowa","louisa",2014,161
"6746",-91.0888290405273,41.2300453186035,812,25936,"iowa","louisa",2015,172
"6747",-91.0888290405273,41.2300453186035,812,25936,"iowa","louisa",2016,196
"6748",-91.0888290405273,41.2300453186035,812,25936,"iowa","louisa",2017,202
"6749",-91.0888290405273,41.2300453186035,812,25936,"iowa","louisa",2018,214
"6750",-91.0888290405273,41.2300453186035,812,25936,"iowa","louisa",2019,198
"6751",-91.0888290405273,41.2300453186035,812,25936,"iowa","louisa",2020,206
"6752",-91.0888290405273,41.2300453186035,812,25936,"iowa","louisa",2021,170
"6753",-91.0888290405273,41.2300453186035,812,25936,"iowa","louisa",2022,171
"6754",-91.0888290405273,41.2300453186035,812,25936,"iowa","louisa",2023,210
"6755",-91.0888290405273,41.2300453186035,812,25936,"iowa","louisa",2024,221
"6756",-91.0888290405273,41.2300453186035,812,25936,"iowa","louisa",2025,14
"6757",-91.0544509887695,41.2013931274414,812,25937,"iowa","louisa",2014,161
"6758",-91.0544509887695,41.2013931274414,812,25937,"iowa","louisa",2015,172
"6759",-91.0544509887695,41.2013931274414,812,25937,"iowa","louisa",2016,196
"6760",-91.0544509887695,41.2013931274414,812,25937,"iowa","louisa",2017,202
"6761",-91.0544509887695,41.2013931274414,812,25937,"iowa","louisa",2018,214
"6762",-91.0544509887695,41.2013931274414,812,25937,"iowa","louisa",2019,198
"6763",-91.0544509887695,41.2013931274414,812,25937,"iowa","louisa",2020,206
"6764",-91.0544509887695,41.2013931274414,812,25937,"iowa","louisa",2021,170
"6765",-91.0544509887695,41.2013931274414,812,25937,"iowa","louisa",2022,171
"6766",-91.0544509887695,41.2013931274414,812,25937,"iowa","louisa",2023,210
"6767",-91.0544509887695,41.2013931274414,812,25937,"iowa","louisa",2024,221
"6768",-91.0544509887695,41.2013931274414,812,25937,"iowa","louisa",2025,14
"6769",-91.0200805664062,41.1784744262695,812,25938,"iowa","louisa",2014,161
"6770",-91.0200805664062,41.1784744262695,812,25938,"iowa","louisa",2015,172
"6771",-91.0200805664062,41.1784744262695,812,25938,"iowa","louisa",2016,196
"6772",-91.0200805664062,41.1784744262695,812,25938,"iowa","louisa",2017,202
"6773",-91.0200805664062,41.1784744262695,812,25938,"iowa","louisa",2018,214
"6774",-91.0200805664062,41.1784744262695,812,25938,"iowa","louisa",2019,198
"6775",-91.0200805664062,41.1784744262695,812,25938,"iowa","louisa",2020,206
"6776",-91.0200805664062,41.1784744262695,812,25938,"iowa","louisa",2021,170
"6777",-91.0200805664062,41.1784744262695,812,25938,"iowa","louisa",2022,171
"6778",-91.0200805664062,41.1784744262695,812,25938,"iowa","louisa",2023,210
"6779",-91.0200805664062,41.1784744262695,812,25938,"iowa","louisa",2024,221
"6780",-91.0200805664062,41.1784744262695,812,25938,"iowa","louisa",2025,14
"6781",-90.9857025146484,41.1555557250977,812,25939,"iowa","louisa",2014,161
"6782",-90.9857025146484,41.1555557250977,812,25939,"iowa","louisa",2015,172
"6783",-90.9857025146484,41.1555557250977,812,25939,"iowa","louisa",2016,196
"6784",-90.9857025146484,41.1555557250977,812,25939,"iowa","louisa",2017,202
"6785",-90.9857025146484,41.1555557250977,812,25939,"iowa","louisa",2018,214
"6786",-90.9857025146484,41.1555557250977,812,25939,"iowa","louisa",2019,198
"6787",-90.9857025146484,41.1555557250977,812,25939,"iowa","louisa",2020,206
"6788",-90.9857025146484,41.1555557250977,812,25939,"iowa","louisa",2021,170
"6789",-90.9857025146484,41.1555557250977,812,25939,"iowa","louisa",2022,171
"6790",-90.9857025146484,41.1555557250977,812,25939,"iowa","louisa",2023,210
"6791",-90.9857025146484,41.1555557250977,812,25939,"iowa","louisa",2024,221
"6792",-90.9857025146484,41.1555557250977,812,25939,"iowa","louisa",2025,14
"6793",-90.9570465087891,41.1154518127441,812,25940,"iowa","louisa",2014,161
"6794",-90.9570465087891,41.1154518127441,812,25940,"iowa","louisa",2015,172
"6795",-90.9570465087891,41.1154518127441,812,25940,"iowa","louisa",2016,196
"6796",-90.9570465087891,41.1154518127441,812,25940,"iowa","louisa",2017,202
"6797",-90.9570465087891,41.1154518127441,812,25940,"iowa","louisa",2018,214
"6798",-90.9570465087891,41.1154518127441,812,25940,"iowa","louisa",2019,198
"6799",-90.9570465087891,41.1154518127441,812,25940,"iowa","louisa",2020,206
"6800",-90.9570465087891,41.1154518127441,812,25940,"iowa","louisa",2021,170
"6801",-90.9570465087891,41.1154518127441,812,25940,"iowa","louisa",2022,171
"6802",-90.9570465087891,41.1154518127441,812,25940,"iowa","louisa",2023,210
"6803",-90.9570465087891,41.1154518127441,812,25940,"iowa","louisa",2024,221
"6804",-90.9570465087891,41.1154518127441,812,25940,"iowa","louisa",2025,14
"6805",-90.9513168334961,41.0810737609863,812,25941,"iowa","louisa",2014,161
"6806",-90.9513168334961,41.0810737609863,812,25941,"iowa","louisa",2015,172
"6807",-90.9513168334961,41.0810737609863,812,25941,"iowa","louisa",2016,196
"6808",-90.9513168334961,41.0810737609863,812,25941,"iowa","louisa",2017,202
"6809",-90.9513168334961,41.0810737609863,812,25941,"iowa","louisa",2018,214
"6810",-90.9513168334961,41.0810737609863,812,25941,"iowa","louisa",2019,198
"6811",-90.9513168334961,41.0810737609863,812,25941,"iowa","louisa",2020,206
"6812",-90.9513168334961,41.0810737609863,812,25941,"iowa","louisa",2021,170
"6813",-90.9513168334961,41.0810737609863,812,25941,"iowa","louisa",2022,171
"6814",-90.9513168334961,41.0810737609863,812,25941,"iowa","louisa",2023,210
"6815",-90.9513168334961,41.0810737609863,812,25941,"iowa","louisa",2024,221
"6816",-90.9513168334961,41.0810737609863,812,25941,"iowa","louisa",2025,14
"6817",-91.3523941040039,41.0868034362793,812,25942,"iowa","louisa",2014,161
"6818",-91.3523941040039,41.0868034362793,812,25942,"iowa","louisa",2015,172
"6819",-91.3523941040039,41.0868034362793,812,25942,"iowa","louisa",2016,196
"6820",-91.3523941040039,41.0868034362793,812,25942,"iowa","louisa",2017,202
"6821",-91.3523941040039,41.0868034362793,812,25942,"iowa","louisa",2018,214
"6822",-91.3523941040039,41.0868034362793,812,25942,"iowa","louisa",2019,198
"6823",-91.3523941040039,41.0868034362793,812,25942,"iowa","louisa",2020,206
"6824",-91.3523941040039,41.0868034362793,812,25942,"iowa","louisa",2021,170
"6825",-91.3523941040039,41.0868034362793,812,25942,"iowa","louisa",2022,171
"6826",-91.3523941040039,41.0868034362793,812,25942,"iowa","louisa",2023,210
"6827",-91.3523941040039,41.0868034362793,812,25942,"iowa","louisa",2024,221
"6828",-91.3523941040039,41.0868034362793,812,25942,"iowa","louisa",2025,14
"6829",-91.3581161499023,41.1727447509766,812,25943,"iowa","louisa",2014,161
"6830",-91.3581161499023,41.1727447509766,812,25943,"iowa","louisa",2015,172
"6831",-91.3581161499023,41.1727447509766,812,25943,"iowa","louisa",2016,196
"6832",-91.3581161499023,41.1727447509766,812,25943,"iowa","louisa",2017,202
"6833",-91.3581161499023,41.1727447509766,812,25943,"iowa","louisa",2018,214
"6834",-91.3581161499023,41.1727447509766,812,25943,"iowa","louisa",2019,198
"6835",-91.3581161499023,41.1727447509766,812,25943,"iowa","louisa",2020,206
"6836",-91.3581161499023,41.1727447509766,812,25943,"iowa","louisa",2021,170
"6837",-91.3581161499023,41.1727447509766,812,25943,"iowa","louisa",2022,171
"6838",-91.3581161499023,41.1727447509766,812,25943,"iowa","louisa",2023,210
"6839",-91.3581161499023,41.1727447509766,812,25943,"iowa","louisa",2024,221
"6840",-91.3581161499023,41.1727447509766,812,25943,"iowa","louisa",2025,14
"6841",-91.4669799804688,41.1727447509766,812,25944,"iowa","louisa",2014,161
"6842",-91.4669799804688,41.1727447509766,812,25944,"iowa","louisa",2015,172
"6843",-91.4669799804688,41.1727447509766,812,25944,"iowa","louisa",2016,196
"6844",-91.4669799804688,41.1727447509766,812,25944,"iowa","louisa",2017,202
"6845",-91.4669799804688,41.1727447509766,812,25944,"iowa","louisa",2018,214
"6846",-91.4669799804688,41.1727447509766,812,25944,"iowa","louisa",2019,198
"6847",-91.4669799804688,41.1727447509766,812,25944,"iowa","louisa",2020,206
"6848",-91.4669799804688,41.1727447509766,812,25944,"iowa","louisa",2021,170
"6849",-91.4669799804688,41.1727447509766,812,25944,"iowa","louisa",2022,171
"6850",-91.4669799804688,41.1727447509766,812,25944,"iowa","louisa",2023,210
"6851",-91.4669799804688,41.1727447509766,812,25944,"iowa","louisa",2024,221
"6852",-91.4669799804688,41.1727447509766,812,25944,"iowa","louisa",2025,14
"6853",-91.4727172851562,41.4305801391602,812,25945,"iowa","louisa",2014,161
"6854",-91.4727172851562,41.4305801391602,812,25945,"iowa","louisa",2015,172
"6855",-91.4727172851562,41.4305801391602,812,25945,"iowa","louisa",2016,196
"6856",-91.4727172851562,41.4305801391602,812,25945,"iowa","louisa",2017,202
"6857",-91.4727172851562,41.4305801391602,812,25945,"iowa","louisa",2018,214
"6858",-91.4727172851562,41.4305801391602,812,25945,"iowa","louisa",2019,198
"6859",-91.4727172851562,41.4305801391602,812,25945,"iowa","louisa",2020,206
"6860",-91.4727172851562,41.4305801391602,812,25945,"iowa","louisa",2021,170
"6861",-91.4727172851562,41.4305801391602,812,25945,"iowa","louisa",2022,171
"6862",-91.4727172851562,41.4305801391602,812,25945,"iowa","louisa",2023,210
"6863",-91.4727172851562,41.4305801391602,812,25945,"iowa","louisa",2024,221
"6864",-91.4727172851562,41.4305801391602,812,25945,"iowa","louisa",2025,14
"6865",-91.3523941040039,41.4248466491699,812,25946,"iowa","louisa",2014,161
"6866",-91.3523941040039,41.4248466491699,812,25946,"iowa","louisa",2015,172
"6867",-91.3523941040039,41.4248466491699,812,25946,"iowa","louisa",2016,196
"6868",-91.3523941040039,41.4248466491699,812,25946,"iowa","louisa",2017,202
"6869",-91.3523941040039,41.4248466491699,812,25946,"iowa","louisa",2018,214
"6870",-91.3523941040039,41.4248466491699,812,25946,"iowa","louisa",2019,198
"6871",-91.3523941040039,41.4248466491699,812,25946,"iowa","louisa",2020,206
"6872",-91.3523941040039,41.4248466491699,812,25946,"iowa","louisa",2021,170
"6873",-91.3523941040039,41.4248466491699,812,25946,"iowa","louisa",2022,171
"6874",-91.3523941040039,41.4248466491699,812,25946,"iowa","louisa",2023,210
"6875",-91.3523941040039,41.4248466491699,812,25946,"iowa","louisa",2024,221
"6876",-91.3523941040039,41.4248466491699,812,25946,"iowa","louisa",2025,14
"6877",-91.3523941040039,41.3503646850586,812,25947,"iowa","louisa",2014,161
"6878",-91.3523941040039,41.3503646850586,812,25947,"iowa","louisa",2015,172
"6879",-91.3523941040039,41.3503646850586,812,25947,"iowa","louisa",2016,196
"6880",-91.3523941040039,41.3503646850586,812,25947,"iowa","louisa",2017,202
"6881",-91.3523941040039,41.3503646850586,812,25947,"iowa","louisa",2018,214
"6882",-91.3523941040039,41.3503646850586,812,25947,"iowa","louisa",2019,198
"6883",-91.3523941040039,41.3503646850586,812,25947,"iowa","louisa",2020,206
"6884",-91.3523941040039,41.3503646850586,812,25947,"iowa","louisa",2021,170
"6885",-91.3523941040039,41.3503646850586,812,25947,"iowa","louisa",2022,171
"6886",-91.3523941040039,41.3503646850586,812,25947,"iowa","louisa",2023,210
"6887",-91.3523941040039,41.3503646850586,812,25947,"iowa","louisa",2024,221
"6888",-91.3523941040039,41.3503646850586,812,25947,"iowa","louisa",2025,14
"6889",-91.06591796875,41.3446350097656,812,25948,"iowa","louisa",2014,161
"6890",-91.06591796875,41.3446350097656,812,25948,"iowa","louisa",2015,172
"6891",-91.06591796875,41.3446350097656,812,25948,"iowa","louisa",2016,196
"6892",-91.06591796875,41.3446350097656,812,25948,"iowa","louisa",2017,202
"6893",-91.06591796875,41.3446350097656,812,25948,"iowa","louisa",2018,214
"6894",-91.06591796875,41.3446350097656,812,25948,"iowa","louisa",2019,198
"6895",-91.06591796875,41.3446350097656,812,25948,"iowa","louisa",2020,206
"6896",-91.06591796875,41.3446350097656,812,25948,"iowa","louisa",2021,170
"6897",-91.06591796875,41.3446350097656,812,25948,"iowa","louisa",2022,171
"6898",-91.06591796875,41.3446350097656,812,25948,"iowa","louisa",2023,210
"6899",-91.06591796875,41.3446350097656,812,25948,"iowa","louisa",2024,221
"6900",-91.06591796875,41.3446350097656,812,25948,"iowa","louisa",2025,14
"6901",-93.1056442260742,41.1670188903809,813,25950,"iowa","lucas",2014,139
"6902",-93.1056442260742,41.1670188903809,813,25950,"iowa","lucas",2015,119
"6903",-93.1056442260742,41.1670188903809,813,25950,"iowa","lucas",2016,123
"6904",-93.1056442260742,41.1670188903809,813,25950,"iowa","lucas",2017,132
"6905",-93.1056442260742,41.1670188903809,813,25950,"iowa","lucas",2018,117
"6906",-93.1056442260742,41.1670188903809,813,25950,"iowa","lucas",2019,132
"6907",-93.1056442260742,41.1670188903809,813,25950,"iowa","lucas",2020,125
"6908",-93.1056442260742,41.1670188903809,813,25950,"iowa","lucas",2021,109
"6909",-93.1056442260742,41.1670188903809,813,25950,"iowa","lucas",2022,121
"6910",-93.1056442260742,41.1670188903809,813,25950,"iowa","lucas",2023,96
"6911",-93.1056442260742,41.1670188903809,813,25950,"iowa","lucas",2024,104
"6912",-93.1056442260742,41.1670188903809,813,25950,"iowa","lucas",2025,3
"6913",-93.1056442260742,40.9034576416016,813,25951,"iowa","lucas",2014,139
"6914",-93.1056442260742,40.9034576416016,813,25951,"iowa","lucas",2015,119
"6915",-93.1056442260742,40.9034576416016,813,25951,"iowa","lucas",2016,123
"6916",-93.1056442260742,40.9034576416016,813,25951,"iowa","lucas",2017,132
"6917",-93.1056442260742,40.9034576416016,813,25951,"iowa","lucas",2018,117
"6918",-93.1056442260742,40.9034576416016,813,25951,"iowa","lucas",2019,132
"6919",-93.1056442260742,40.9034576416016,813,25951,"iowa","lucas",2020,125
"6920",-93.1056442260742,40.9034576416016,813,25951,"iowa","lucas",2021,109
"6921",-93.1056442260742,40.9034576416016,813,25951,"iowa","lucas",2022,121
"6922",-93.1056442260742,40.9034576416016,813,25951,"iowa","lucas",2023,96
"6923",-93.1056442260742,40.9034576416016,813,25951,"iowa","lucas",2024,104
"6924",-93.1056442260742,40.9034576416016,813,25951,"iowa","lucas",2025,3
"6925",-93.5640106201172,40.9034576416016,813,25952,"iowa","lucas",2014,139
"6926",-93.5640106201172,40.9034576416016,813,25952,"iowa","lucas",2015,119
"6927",-93.5640106201172,40.9034576416016,813,25952,"iowa","lucas",2016,123
"6928",-93.5640106201172,40.9034576416016,813,25952,"iowa","lucas",2017,132
"6929",-93.5640106201172,40.9034576416016,813,25952,"iowa","lucas",2018,117
"6930",-93.5640106201172,40.9034576416016,813,25952,"iowa","lucas",2019,132
"6931",-93.5640106201172,40.9034576416016,813,25952,"iowa","lucas",2020,125
"6932",-93.5640106201172,40.9034576416016,813,25952,"iowa","lucas",2021,109
"6933",-93.5640106201172,40.9034576416016,813,25952,"iowa","lucas",2022,121
"6934",-93.5640106201172,40.9034576416016,813,25952,"iowa","lucas",2023,96
"6935",-93.5640106201172,40.9034576416016,813,25952,"iowa","lucas",2024,104
"6936",-93.5640106201172,40.9034576416016,813,25952,"iowa","lucas",2025,3
"6937",-93.5640106201172,41.1612892150879,813,25953,"iowa","lucas",2014,139
"6938",-93.5640106201172,41.1612892150879,813,25953,"iowa","lucas",2015,119
"6939",-93.5640106201172,41.1612892150879,813,25953,"iowa","lucas",2016,123
"6940",-93.5640106201172,41.1612892150879,813,25953,"iowa","lucas",2017,132
"6941",-93.5640106201172,41.1612892150879,813,25953,"iowa","lucas",2018,117
"6942",-93.5640106201172,41.1612892150879,813,25953,"iowa","lucas",2019,132
"6943",-93.5640106201172,41.1612892150879,813,25953,"iowa","lucas",2020,125
"6944",-93.5640106201172,41.1612892150879,813,25953,"iowa","lucas",2021,109
"6945",-93.5640106201172,41.1612892150879,813,25953,"iowa","lucas",2022,121
"6946",-93.5640106201172,41.1612892150879,813,25953,"iowa","lucas",2023,96
"6947",-93.5640106201172,41.1612892150879,813,25953,"iowa","lucas",2024,104
"6948",-93.5640106201172,41.1612892150879,813,25953,"iowa","lucas",2025,3
"6949",-93.3348236083984,41.1612892150879,813,25954,"iowa","lucas",2014,139
"6950",-93.3348236083984,41.1612892150879,813,25954,"iowa","lucas",2015,119
"6951",-93.3348236083984,41.1612892150879,813,25954,"iowa","lucas",2016,123
"6952",-93.3348236083984,41.1612892150879,813,25954,"iowa","lucas",2017,132
"6953",-93.3348236083984,41.1612892150879,813,25954,"iowa","lucas",2018,117
"6954",-93.3348236083984,41.1612892150879,813,25954,"iowa","lucas",2019,132
"6955",-93.3348236083984,41.1612892150879,813,25954,"iowa","lucas",2020,125
"6956",-93.3348236083984,41.1612892150879,813,25954,"iowa","lucas",2021,109
"6957",-93.3348236083984,41.1612892150879,813,25954,"iowa","lucas",2022,121
"6958",-93.3348236083984,41.1612892150879,813,25954,"iowa","lucas",2023,96
"6959",-93.3348236083984,41.1612892150879,813,25954,"iowa","lucas",2024,104
"6960",-93.3348236083984,41.1612892150879,813,25954,"iowa","lucas",2025,3
"6961",-93.1056442260742,41.1670188903809,813,25955,"iowa","lucas",2014,139
"6962",-93.1056442260742,41.1670188903809,813,25955,"iowa","lucas",2015,119
"6963",-93.1056442260742,41.1670188903809,813,25955,"iowa","lucas",2016,123
"6964",-93.1056442260742,41.1670188903809,813,25955,"iowa","lucas",2017,132
"6965",-93.1056442260742,41.1670188903809,813,25955,"iowa","lucas",2018,117
"6966",-93.1056442260742,41.1670188903809,813,25955,"iowa","lucas",2019,132
"6967",-93.1056442260742,41.1670188903809,813,25955,"iowa","lucas",2020,125
"6968",-93.1056442260742,41.1670188903809,813,25955,"iowa","lucas",2021,109
"6969",-93.1056442260742,41.1670188903809,813,25955,"iowa","lucas",2022,121
"6970",-93.1056442260742,41.1670188903809,813,25955,"iowa","lucas",2023,96
"6971",-93.1056442260742,41.1670188903809,813,25955,"iowa","lucas",2024,104
"6972",-93.1056442260742,41.1670188903809,813,25955,"iowa","lucas",2025,3
"6973",-96.0449142456055,43.4989547729492,814,25957,"iowa","lyon",2014,135
"6974",-96.0449142456055,43.4989547729492,814,25957,"iowa","lyon",2015,145
"6975",-96.0449142456055,43.4989547729492,814,25957,"iowa","lyon",2016,120
"6976",-96.0449142456055,43.4989547729492,814,25957,"iowa","lyon",2017,147
"6977",-96.0449142456055,43.4989547729492,814,25957,"iowa","lyon",2018,128
"6978",-96.0449142456055,43.4989547729492,814,25957,"iowa","lyon",2019,146
"6979",-96.0449142456055,43.4989547729492,814,25957,"iowa","lyon",2020,136
"6980",-96.0449142456055,43.4989547729492,814,25957,"iowa","lyon",2021,162
"6981",-96.0449142456055,43.4989547729492,814,25957,"iowa","lyon",2022,144
"6982",-96.0449142456055,43.4989547729492,814,25957,"iowa","lyon",2023,151
"6983",-96.0449142456055,43.4989547729492,814,25957,"iowa","lyon",2024,145
"6984",-96.0449142456055,43.4989547729492,814,25957,"iowa","lyon",2025,5
"6985",-95.8615646362305,43.5046844482422,814,25958,"iowa","lyon",2014,135
"6986",-95.8615646362305,43.5046844482422,814,25958,"iowa","lyon",2015,145
"6987",-95.8615646362305,43.5046844482422,814,25958,"iowa","lyon",2016,120
"6988",-95.8615646362305,43.5046844482422,814,25958,"iowa","lyon",2017,147
"6989",-95.8615646362305,43.5046844482422,814,25958,"iowa","lyon",2018,128
"6990",-95.8615646362305,43.5046844482422,814,25958,"iowa","lyon",2019,146
"6991",-95.8615646362305,43.5046844482422,814,25958,"iowa","lyon",2020,136
"6992",-95.8615646362305,43.5046844482422,814,25958,"iowa","lyon",2021,162
"6993",-95.8615646362305,43.5046844482422,814,25958,"iowa","lyon",2022,144
"6994",-95.8615646362305,43.5046844482422,814,25958,"iowa","lyon",2023,151
"6995",-95.8615646362305,43.5046844482422,814,25958,"iowa","lyon",2024,145
"6996",-95.8615646362305,43.5046844482422,814,25958,"iowa","lyon",2025,5
"6997",-95.8615646362305,43.2640419006348,814,25959,"iowa","lyon",2014,135
"6998",-95.8615646362305,43.2640419006348,814,25959,"iowa","lyon",2015,145
"6999",-95.8615646362305,43.2640419006348,814,25959,"iowa","lyon",2016,120
"7000",-95.8615646362305,43.2640419006348,814,25959,"iowa","lyon",2017,147
"7001",-95.8615646362305,43.2640419006348,814,25959,"iowa","lyon",2018,128
"7002",-95.8615646362305,43.2640419006348,814,25959,"iowa","lyon",2019,146
"7003",-95.8615646362305,43.2640419006348,814,25959,"iowa","lyon",2020,136
"7004",-95.8615646362305,43.2640419006348,814,25959,"iowa","lyon",2021,162
"7005",-95.8615646362305,43.2640419006348,814,25959,"iowa","lyon",2022,144
"7006",-95.8615646362305,43.2640419006348,814,25959,"iowa","lyon",2023,151
"7007",-95.8615646362305,43.2640419006348,814,25959,"iowa","lyon",2024,145
"7008",-95.8615646362305,43.2640419006348,814,25959,"iowa","lyon",2025,5
"7009",-96.5605773925781,43.2583122253418,814,25960,"iowa","lyon",2014,135
"7010",-96.5605773925781,43.2583122253418,814,25960,"iowa","lyon",2015,145
"7011",-96.5605773925781,43.2583122253418,814,25960,"iowa","lyon",2016,120
"7012",-96.5605773925781,43.2583122253418,814,25960,"iowa","lyon",2017,147
"7013",-96.5605773925781,43.2583122253418,814,25960,"iowa","lyon",2018,128
"7014",-96.5605773925781,43.2583122253418,814,25960,"iowa","lyon",2019,146
"7015",-96.5605773925781,43.2583122253418,814,25960,"iowa","lyon",2020,136
"7016",-96.5605773925781,43.2583122253418,814,25960,"iowa","lyon",2021,162
"7017",-96.5605773925781,43.2583122253418,814,25960,"iowa","lyon",2022,144
"7018",-96.5605773925781,43.2583122253418,814,25960,"iowa","lyon",2023,151
"7019",-96.5605773925781,43.2583122253418,814,25960,"iowa","lyon",2024,145
"7020",-96.5605773925781,43.2583122253418,814,25960,"iowa","lyon",2025,5
"7021",-96.5720367431641,43.2812309265137,814,25961,"iowa","lyon",2014,135
"7022",-96.5720367431641,43.2812309265137,814,25961,"iowa","lyon",2015,145
"7023",-96.5720367431641,43.2812309265137,814,25961,"iowa","lyon",2016,120
"7024",-96.5720367431641,43.2812309265137,814,25961,"iowa","lyon",2017,147
"7025",-96.5720367431641,43.2812309265137,814,25961,"iowa","lyon",2018,128
"7026",-96.5720367431641,43.2812309265137,814,25961,"iowa","lyon",2019,146
"7027",-96.5720367431641,43.2812309265137,814,25961,"iowa","lyon",2020,136
"7028",-96.5720367431641,43.2812309265137,814,25961,"iowa","lyon",2021,162
"7029",-96.5720367431641,43.2812309265137,814,25961,"iowa","lyon",2022,144
"7030",-96.5720367431641,43.2812309265137,814,25961,"iowa","lyon",2023,151
"7031",-96.5720367431641,43.2812309265137,814,25961,"iowa","lyon",2024,145
"7032",-96.5720367431641,43.2812309265137,814,25961,"iowa","lyon",2025,5
"7033",-96.5548477172852,43.2984199523926,814,25962,"iowa","lyon",2014,135
"7034",-96.5548477172852,43.2984199523926,814,25962,"iowa","lyon",2015,145
"7035",-96.5548477172852,43.2984199523926,814,25962,"iowa","lyon",2016,120
"7036",-96.5548477172852,43.2984199523926,814,25962,"iowa","lyon",2017,147
"7037",-96.5548477172852,43.2984199523926,814,25962,"iowa","lyon",2018,128
"7038",-96.5548477172852,43.2984199523926,814,25962,"iowa","lyon",2019,146
"7039",-96.5548477172852,43.2984199523926,814,25962,"iowa","lyon",2020,136
"7040",-96.5548477172852,43.2984199523926,814,25962,"iowa","lyon",2021,162
"7041",-96.5548477172852,43.2984199523926,814,25962,"iowa","lyon",2022,144
"7042",-96.5548477172852,43.2984199523926,814,25962,"iowa","lyon",2023,151
"7043",-96.5548477172852,43.2984199523926,814,25962,"iowa","lyon",2024,145
"7044",-96.5548477172852,43.2984199523926,814,25962,"iowa","lyon",2025,5
"7045",-96.5319290161133,43.3098793029785,814,25963,"iowa","lyon",2014,135
"7046",-96.5319290161133,43.3098793029785,814,25963,"iowa","lyon",2015,145
"7047",-96.5319290161133,43.3098793029785,814,25963,"iowa","lyon",2016,120
"7048",-96.5319290161133,43.3098793029785,814,25963,"iowa","lyon",2017,147
"7049",-96.5319290161133,43.3098793029785,814,25963,"iowa","lyon",2018,128
"7050",-96.5319290161133,43.3098793029785,814,25963,"iowa","lyon",2019,146
"7051",-96.5319290161133,43.3098793029785,814,25963,"iowa","lyon",2020,136
"7052",-96.5319290161133,43.3098793029785,814,25963,"iowa","lyon",2021,162
"7053",-96.5319290161133,43.3098793029785,814,25963,"iowa","lyon",2022,144
"7054",-96.5319290161133,43.3098793029785,814,25963,"iowa","lyon",2023,151
"7055",-96.5319290161133,43.3098793029785,814,25963,"iowa","lyon",2024,145
"7056",-96.5319290161133,43.3098793029785,814,25963,"iowa","lyon",2025,5
"7057",-96.5147399902344,43.3385276794434,814,25964,"iowa","lyon",2014,135
"7058",-96.5147399902344,43.3385276794434,814,25964,"iowa","lyon",2015,145
"7059",-96.5147399902344,43.3385276794434,814,25964,"iowa","lyon",2016,120
"7060",-96.5147399902344,43.3385276794434,814,25964,"iowa","lyon",2017,147
"7061",-96.5147399902344,43.3385276794434,814,25964,"iowa","lyon",2018,128
"7062",-96.5147399902344,43.3385276794434,814,25964,"iowa","lyon",2019,146
"7063",-96.5147399902344,43.3385276794434,814,25964,"iowa","lyon",2020,136
"7064",-96.5147399902344,43.3385276794434,814,25964,"iowa","lyon",2021,162
"7065",-96.5147399902344,43.3385276794434,814,25964,"iowa","lyon",2022,144
"7066",-96.5147399902344,43.3385276794434,814,25964,"iowa","lyon",2023,151
"7067",-96.5147399902344,43.3385276794434,814,25964,"iowa","lyon",2024,145
"7068",-96.5147399902344,43.3385276794434,814,25964,"iowa","lyon",2025,5
"7069",-96.5090103149414,43.3786354064941,814,25965,"iowa","lyon",2014,135
"7070",-96.5090103149414,43.3786354064941,814,25965,"iowa","lyon",2015,145
"7071",-96.5090103149414,43.3786354064941,814,25965,"iowa","lyon",2016,120
"7072",-96.5090103149414,43.3786354064941,814,25965,"iowa","lyon",2017,147
"7073",-96.5090103149414,43.3786354064941,814,25965,"iowa","lyon",2018,128
"7074",-96.5090103149414,43.3786354064941,814,25965,"iowa","lyon",2019,146
"7075",-96.5090103149414,43.3786354064941,814,25965,"iowa","lyon",2020,136
"7076",-96.5090103149414,43.3786354064941,814,25965,"iowa","lyon",2021,162
"7077",-96.5090103149414,43.3786354064941,814,25965,"iowa","lyon",2022,144
"7078",-96.5090103149414,43.3786354064941,814,25965,"iowa","lyon",2023,151
"7079",-96.5090103149414,43.3786354064941,814,25965,"iowa","lyon",2024,145
"7080",-96.5090103149414,43.3786354064941,814,25965,"iowa","lyon",2025,5
"7081",-96.5376586914062,43.3958206176758,814,25966,"iowa","lyon",2014,135
"7082",-96.5376586914062,43.3958206176758,814,25966,"iowa","lyon",2015,145
"7083",-96.5376586914062,43.3958206176758,814,25966,"iowa","lyon",2016,120
"7084",-96.5376586914062,43.3958206176758,814,25966,"iowa","lyon",2017,147
"7085",-96.5376586914062,43.3958206176758,814,25966,"iowa","lyon",2018,128
"7086",-96.5376586914062,43.3958206176758,814,25966,"iowa","lyon",2019,146
"7087",-96.5376586914062,43.3958206176758,814,25966,"iowa","lyon",2020,136
"7088",-96.5376586914062,43.3958206176758,814,25966,"iowa","lyon",2021,162
"7089",-96.5376586914062,43.3958206176758,814,25966,"iowa","lyon",2022,144
"7090",-96.5376586914062,43.3958206176758,814,25966,"iowa","lyon",2023,151
"7091",-96.5376586914062,43.3958206176758,814,25966,"iowa","lyon",2024,145
"7092",-96.5376586914062,43.3958206176758,814,25966,"iowa","lyon",2025,5
"7093",-96.5720367431641,43.4244728088379,814,25967,"iowa","lyon",2014,135
"7094",-96.5720367431641,43.4244728088379,814,25967,"iowa","lyon",2015,145
"7095",-96.5720367431641,43.4244728088379,814,25967,"iowa","lyon",2016,120
"7096",-96.5720367431641,43.4244728088379,814,25967,"iowa","lyon",2017,147
"7097",-96.5720367431641,43.4244728088379,814,25967,"iowa","lyon",2018,128
"7098",-96.5720367431641,43.4244728088379,814,25967,"iowa","lyon",2019,146
"7099",-96.5720367431641,43.4244728088379,814,25967,"iowa","lyon",2020,136
"7100",-96.5720367431641,43.4244728088379,814,25967,"iowa","lyon",2021,162
"7101",-96.5720367431641,43.4244728088379,814,25967,"iowa","lyon",2022,144
"7102",-96.5720367431641,43.4244728088379,814,25967,"iowa","lyon",2023,151
"7103",-96.5720367431641,43.4244728088379,814,25967,"iowa","lyon",2024,145
"7104",-96.5720367431641,43.4244728088379,814,25967,"iowa","lyon",2025,5
"7105",-96.5949554443359,43.4531211853027,814,25968,"iowa","lyon",2014,135
"7106",-96.5949554443359,43.4531211853027,814,25968,"iowa","lyon",2015,145
"7107",-96.5949554443359,43.4531211853027,814,25968,"iowa","lyon",2016,120
"7108",-96.5949554443359,43.4531211853027,814,25968,"iowa","lyon",2017,147
"7109",-96.5949554443359,43.4531211853027,814,25968,"iowa","lyon",2018,128
"7110",-96.5949554443359,43.4531211853027,814,25968,"iowa","lyon",2019,146
"7111",-96.5949554443359,43.4531211853027,814,25968,"iowa","lyon",2020,136
"7112",-96.5949554443359,43.4531211853027,814,25968,"iowa","lyon",2021,162
"7113",-96.5949554443359,43.4531211853027,814,25968,"iowa","lyon",2022,144
"7114",-96.5949554443359,43.4531211853027,814,25968,"iowa","lyon",2023,151
"7115",-96.5949554443359,43.4531211853027,814,25968,"iowa","lyon",2024,145
"7116",-96.5949554443359,43.4531211853027,814,25968,"iowa","lyon",2025,5
"7117",-96.58349609375,43.4989547729492,814,25969,"iowa","lyon",2014,135
"7118",-96.58349609375,43.4989547729492,814,25969,"iowa","lyon",2015,145
"7119",-96.58349609375,43.4989547729492,814,25969,"iowa","lyon",2016,120
"7120",-96.58349609375,43.4989547729492,814,25969,"iowa","lyon",2017,147
"7121",-96.58349609375,43.4989547729492,814,25969,"iowa","lyon",2018,128
"7122",-96.58349609375,43.4989547729492,814,25969,"iowa","lyon",2019,146
"7123",-96.58349609375,43.4989547729492,814,25969,"iowa","lyon",2020,136
"7124",-96.58349609375,43.4989547729492,814,25969,"iowa","lyon",2021,162
"7125",-96.58349609375,43.4989547729492,814,25969,"iowa","lyon",2022,144
"7126",-96.58349609375,43.4989547729492,814,25969,"iowa","lyon",2023,151
"7127",-96.58349609375,43.4989547729492,814,25969,"iowa","lyon",2024,145
"7128",-96.58349609375,43.4989547729492,814,25969,"iowa","lyon",2025,5
"7129",-96.4287948608398,43.4932289123535,814,25970,"iowa","lyon",2014,135
"7130",-96.4287948608398,43.4932289123535,814,25970,"iowa","lyon",2015,145
"7131",-96.4287948608398,43.4932289123535,814,25970,"iowa","lyon",2016,120
"7132",-96.4287948608398,43.4932289123535,814,25970,"iowa","lyon",2017,147
"7133",-96.4287948608398,43.4932289123535,814,25970,"iowa","lyon",2018,128
"7134",-96.4287948608398,43.4932289123535,814,25970,"iowa","lyon",2019,146
"7135",-96.4287948608398,43.4932289123535,814,25970,"iowa","lyon",2020,136
"7136",-96.4287948608398,43.4932289123535,814,25970,"iowa","lyon",2021,162
"7137",-96.4287948608398,43.4932289123535,814,25970,"iowa","lyon",2022,144
"7138",-96.4287948608398,43.4932289123535,814,25970,"iowa","lyon",2023,151
"7139",-96.4287948608398,43.4932289123535,814,25970,"iowa","lyon",2024,145
"7140",-96.4287948608398,43.4932289123535,814,25970,"iowa","lyon",2025,5
"7141",-96.0449142456055,43.4989547729492,814,25971,"iowa","lyon",2014,135
"7142",-96.0449142456055,43.4989547729492,814,25971,"iowa","lyon",2015,145
"7143",-96.0449142456055,43.4989547729492,814,25971,"iowa","lyon",2016,120
"7144",-96.0449142456055,43.4989547729492,814,25971,"iowa","lyon",2017,147
"7145",-96.0449142456055,43.4989547729492,814,25971,"iowa","lyon",2018,128
"7146",-96.0449142456055,43.4989547729492,814,25971,"iowa","lyon",2019,146
"7147",-96.0449142456055,43.4989547729492,814,25971,"iowa","lyon",2020,136
"7148",-96.0449142456055,43.4989547729492,814,25971,"iowa","lyon",2021,162
"7149",-96.0449142456055,43.4989547729492,814,25971,"iowa","lyon",2022,144
"7150",-96.0449142456055,43.4989547729492,814,25971,"iowa","lyon",2023,151
"7151",-96.0449142456055,43.4989547729492,814,25971,"iowa","lyon",2024,145
"7152",-96.0449142456055,43.4989547729492,814,25971,"iowa","lyon",2025,5
"7153",-94.2458267211914,41.1612892150879,815,25973,"iowa","madison",2014,201
"7154",-94.2458267211914,41.1612892150879,815,25973,"iowa","madison",2015,180
"7155",-94.2458267211914,41.1612892150879,815,25973,"iowa","madison",2016,183
"7156",-94.2458267211914,41.1612892150879,815,25973,"iowa","madison",2017,207
"7157",-94.2458267211914,41.1612892150879,815,25973,"iowa","madison",2018,219
"7158",-94.2458267211914,41.1612892150879,815,25973,"iowa","madison",2019,200
"7159",-94.2458267211914,41.1612892150879,815,25973,"iowa","madison",2020,204
"7160",-94.2458267211914,41.1612892150879,815,25973,"iowa","madison",2021,221
"7161",-94.2458267211914,41.1612892150879,815,25973,"iowa","madison",2022,210
"7162",-94.2458267211914,41.1612892150879,815,25973,"iowa","madison",2023,198
"7163",-94.2458267211914,41.1612892150879,815,25973,"iowa","madison",2024,201
"7164",-94.2458267211914,41.1612892150879,815,25973,"iowa","madison",2025,9
"7165",-94.2458267211914,41.5050621032715,815,25974,"iowa","madison",2014,201
"7166",-94.2458267211914,41.5050621032715,815,25974,"iowa","madison",2015,180
"7167",-94.2458267211914,41.5050621032715,815,25974,"iowa","madison",2016,183
"7168",-94.2458267211914,41.5050621032715,815,25974,"iowa","madison",2017,207
"7169",-94.2458267211914,41.5050621032715,815,25974,"iowa","madison",2018,219
"7170",-94.2458267211914,41.5050621032715,815,25974,"iowa","madison",2019,200
"7171",-94.2458267211914,41.5050621032715,815,25974,"iowa","madison",2020,204
"7172",-94.2458267211914,41.5050621032715,815,25974,"iowa","madison",2021,221
"7173",-94.2458267211914,41.5050621032715,815,25974,"iowa","madison",2022,210
"7174",-94.2458267211914,41.5050621032715,815,25974,"iowa","madison",2023,198
"7175",-94.2458267211914,41.5050621032715,815,25974,"iowa","madison",2024,201
"7176",-94.2458267211914,41.5050621032715,815,25974,"iowa","madison",2025,9
"7177",-93.9937210083008,41.5050621032715,815,25975,"iowa","madison",2014,201
"7178",-93.9937210083008,41.5050621032715,815,25975,"iowa","madison",2015,180
"7179",-93.9937210083008,41.5050621032715,815,25975,"iowa","madison",2016,183
"7180",-93.9937210083008,41.5050621032715,815,25975,"iowa","madison",2017,207
"7181",-93.9937210083008,41.5050621032715,815,25975,"iowa","madison",2018,219
"7182",-93.9937210083008,41.5050621032715,815,25975,"iowa","madison",2019,200
"7183",-93.9937210083008,41.5050621032715,815,25975,"iowa","madison",2020,204
"7184",-93.9937210083008,41.5050621032715,815,25975,"iowa","madison",2021,221
"7185",-93.9937210083008,41.5050621032715,815,25975,"iowa","madison",2022,210
"7186",-93.9937210083008,41.5050621032715,815,25975,"iowa","madison",2023,198
"7187",-93.9937210083008,41.5050621032715,815,25975,"iowa","madison",2024,201
"7188",-93.9937210083008,41.5050621032715,815,25975,"iowa","madison",2025,9
"7189",-93.86767578125,41.5107917785645,815,25976,"iowa","madison",2014,201
"7190",-93.86767578125,41.5107917785645,815,25976,"iowa","madison",2015,180
"7191",-93.86767578125,41.5107917785645,815,25976,"iowa","madison",2016,183
"7192",-93.86767578125,41.5107917785645,815,25976,"iowa","madison",2017,207
"7193",-93.86767578125,41.5107917785645,815,25976,"iowa","madison",2018,219
"7194",-93.86767578125,41.5107917785645,815,25976,"iowa","madison",2019,200
"7195",-93.86767578125,41.5107917785645,815,25976,"iowa","madison",2020,204
"7196",-93.86767578125,41.5107917785645,815,25976,"iowa","madison",2021,221
"7197",-93.86767578125,41.5107917785645,815,25976,"iowa","madison",2022,210
"7198",-93.86767578125,41.5107917785645,815,25976,"iowa","madison",2023,198
"7199",-93.86767578125,41.5107917785645,815,25976,"iowa","madison",2024,201
"7200",-93.86767578125,41.5107917785645,815,25976,"iowa","madison",2025,9
"7201",-93.8046493530273,41.5107917785645,815,25977,"iowa","madison",2014,201
"7202",-93.8046493530273,41.5107917785645,815,25977,"iowa","madison",2015,180
"7203",-93.8046493530273,41.5107917785645,815,25977,"iowa","madison",2016,183
"7204",-93.8046493530273,41.5107917785645,815,25977,"iowa","madison",2017,207
"7205",-93.8046493530273,41.5107917785645,815,25977,"iowa","madison",2018,219
"7206",-93.8046493530273,41.5107917785645,815,25977,"iowa","madison",2019,200
"7207",-93.8046493530273,41.5107917785645,815,25977,"iowa","madison",2020,204
"7208",-93.8046493530273,41.5107917785645,815,25977,"iowa","madison",2021,221
"7209",-93.8046493530273,41.5107917785645,815,25977,"iowa","madison",2022,210
"7210",-93.8046493530273,41.5107917785645,815,25977,"iowa","madison",2023,198
"7211",-93.8046493530273,41.5107917785645,815,25977,"iowa","madison",2024,201
"7212",-93.8046493530273,41.5107917785645,815,25977,"iowa","madison",2025,9
"7213",-93.8046493530273,41.1670188903809,815,25978,"iowa","madison",2014,201
"7214",-93.8046493530273,41.1670188903809,815,25978,"iowa","madison",2015,180
"7215",-93.8046493530273,41.1670188903809,815,25978,"iowa","madison",2016,183
"7216",-93.8046493530273,41.1670188903809,815,25978,"iowa","madison",2017,207
"7217",-93.8046493530273,41.1670188903809,815,25978,"iowa","madison",2018,219
"7218",-93.8046493530273,41.1670188903809,815,25978,"iowa","madison",2019,200
"7219",-93.8046493530273,41.1670188903809,815,25978,"iowa","madison",2020,204
"7220",-93.8046493530273,41.1670188903809,815,25978,"iowa","madison",2021,221
"7221",-93.8046493530273,41.1670188903809,815,25978,"iowa","madison",2022,210
"7222",-93.8046493530273,41.1670188903809,815,25978,"iowa","madison",2023,198
"7223",-93.8046493530273,41.1670188903809,815,25978,"iowa","madison",2024,201
"7224",-93.8046493530273,41.1670188903809,815,25978,"iowa","madison",2025,9
"7225",-94.0166473388672,41.1612892150879,815,25979,"iowa","madison",2014,201
"7226",-94.0166473388672,41.1612892150879,815,25979,"iowa","madison",2015,180
"7227",-94.0166473388672,41.1612892150879,815,25979,"iowa","madison",2016,183
"7228",-94.0166473388672,41.1612892150879,815,25979,"iowa","madison",2017,207
"7229",-94.0166473388672,41.1612892150879,815,25979,"iowa","madison",2018,219
"7230",-94.0166473388672,41.1612892150879,815,25979,"iowa","madison",2019,200
"7231",-94.0166473388672,41.1612892150879,815,25979,"iowa","madison",2020,204
"7232",-94.0166473388672,41.1612892150879,815,25979,"iowa","madison",2021,221
"7233",-94.0166473388672,41.1612892150879,815,25979,"iowa","madison",2022,210
"7234",-94.0166473388672,41.1612892150879,815,25979,"iowa","madison",2023,198
"7235",-94.0166473388672,41.1612892150879,815,25979,"iowa","madison",2024,201
"7236",-94.0166473388672,41.1612892150879,815,25979,"iowa","madison",2025,9
"7237",-94.2458267211914,41.1612892150879,815,25980,"iowa","madison",2014,201
"7238",-94.2458267211914,41.1612892150879,815,25980,"iowa","madison",2015,180
"7239",-94.2458267211914,41.1612892150879,815,25980,"iowa","madison",2016,183
"7240",-94.2458267211914,41.1612892150879,815,25980,"iowa","madison",2017,207
"7241",-94.2458267211914,41.1612892150879,815,25980,"iowa","madison",2018,219
"7242",-94.2458267211914,41.1612892150879,815,25980,"iowa","madison",2019,200
"7243",-94.2458267211914,41.1612892150879,815,25980,"iowa","madison",2020,204
"7244",-94.2458267211914,41.1612892150879,815,25980,"iowa","madison",2021,221
"7245",-94.2458267211914,41.1612892150879,815,25980,"iowa","madison",2022,210
"7246",-94.2458267211914,41.1612892150879,815,25980,"iowa","madison",2023,198
"7247",-94.2458267211914,41.1612892150879,815,25980,"iowa","madison",2024,201
"7248",-94.2458267211914,41.1612892150879,815,25980,"iowa","madison",2025,9
"7249",-92.8592681884766,41.5165214538574,816,25982,"iowa","mahaska",2014,257
"7250",-92.8592681884766,41.5165214538574,816,25982,"iowa","mahaska",2015,299
"7251",-92.8592681884766,41.5165214538574,816,25982,"iowa","mahaska",2016,312
"7252",-92.8592681884766,41.5165214538574,816,25982,"iowa","mahaska",2017,321
"7253",-92.8592681884766,41.5165214538574,816,25982,"iowa","mahaska",2018,291
"7254",-92.8592681884766,41.5165214538574,816,25982,"iowa","mahaska",2019,299
"7255",-92.8592681884766,41.5165214538574,816,25982,"iowa","mahaska",2020,260
"7256",-92.8592681884766,41.5165214538574,816,25982,"iowa","mahaska",2021,297
"7257",-92.8592681884766,41.5165214538574,816,25982,"iowa","mahaska",2022,283
"7258",-92.8592681884766,41.5165214538574,816,25982,"iowa","mahaska",2023,265
"7259",-92.8592681884766,41.5165214538574,816,25982,"iowa","mahaska",2024,367
"7260",-92.8592681884766,41.5165214538574,816,25982,"iowa","mahaska",2025,20
"7261",-92.7446823120117,41.5165214538574,816,25983,"iowa","mahaska",2014,257
"7262",-92.7446823120117,41.5165214538574,816,25983,"iowa","mahaska",2015,299
"7263",-92.7446823120117,41.5165214538574,816,25983,"iowa","mahaska",2016,312
"7264",-92.7446823120117,41.5165214538574,816,25983,"iowa","mahaska",2017,321
"7265",-92.7446823120117,41.5165214538574,816,25983,"iowa","mahaska",2018,291
"7266",-92.7446823120117,41.5165214538574,816,25983,"iowa","mahaska",2019,299
"7267",-92.7446823120117,41.5165214538574,816,25983,"iowa","mahaska",2020,260
"7268",-92.7446823120117,41.5165214538574,816,25983,"iowa","mahaska",2021,297
"7269",-92.7446823120117,41.5165214538574,816,25983,"iowa","mahaska",2022,283
"7270",-92.7446823120117,41.5165214538574,816,25983,"iowa","mahaska",2023,265
"7271",-92.7446823120117,41.5165214538574,816,25983,"iowa","mahaska",2024,367
"7272",-92.7446823120117,41.5165214538574,816,25983,"iowa","mahaska",2025,20
"7273",-92.4123611450195,41.5222511291504,816,25984,"iowa","mahaska",2014,257
"7274",-92.4123611450195,41.5222511291504,816,25984,"iowa","mahaska",2015,299
"7275",-92.4123611450195,41.5222511291504,816,25984,"iowa","mahaska",2016,312
"7276",-92.4123611450195,41.5222511291504,816,25984,"iowa","mahaska",2017,321
"7277",-92.4123611450195,41.5222511291504,816,25984,"iowa","mahaska",2018,291
"7278",-92.4123611450195,41.5222511291504,816,25984,"iowa","mahaska",2019,299
"7279",-92.4123611450195,41.5222511291504,816,25984,"iowa","mahaska",2020,260
"7280",-92.4123611450195,41.5222511291504,816,25984,"iowa","mahaska",2021,297
"7281",-92.4123611450195,41.5222511291504,816,25984,"iowa","mahaska",2022,283
"7282",-92.4123611450195,41.5222511291504,816,25984,"iowa","mahaska",2023,265
"7283",-92.4123611450195,41.5222511291504,816,25984,"iowa","mahaska",2024,367
"7284",-92.4123611450195,41.5222511291504,816,25984,"iowa","mahaska",2025,20
"7285",-92.3951721191406,41.1727447509766,816,25985,"iowa","mahaska",2014,257
"7286",-92.3951721191406,41.1727447509766,816,25985,"iowa","mahaska",2015,299
"7287",-92.3951721191406,41.1727447509766,816,25985,"iowa","mahaska",2016,312
"7288",-92.3951721191406,41.1727447509766,816,25985,"iowa","mahaska",2017,321
"7289",-92.3951721191406,41.1727447509766,816,25985,"iowa","mahaska",2018,291
"7290",-92.3951721191406,41.1727447509766,816,25985,"iowa","mahaska",2019,299
"7291",-92.3951721191406,41.1727447509766,816,25985,"iowa","mahaska",2020,260
"7292",-92.3951721191406,41.1727447509766,816,25985,"iowa","mahaska",2021,297
"7293",-92.3951721191406,41.1727447509766,816,25985,"iowa","mahaska",2022,283
"7294",-92.3951721191406,41.1727447509766,816,25985,"iowa","mahaska",2023,265
"7295",-92.3951721191406,41.1727447509766,816,25985,"iowa","mahaska",2024,367
"7296",-92.3951721191406,41.1727447509766,816,25985,"iowa","mahaska",2025,20
"7297",-92.6358108520508,41.1670188903809,816,25986,"iowa","mahaska",2014,257
"7298",-92.6358108520508,41.1670188903809,816,25986,"iowa","mahaska",2015,299
"7299",-92.6358108520508,41.1670188903809,816,25986,"iowa","mahaska",2016,312
"7300",-92.6358108520508,41.1670188903809,816,25986,"iowa","mahaska",2017,321
"7301",-92.6358108520508,41.1670188903809,816,25986,"iowa","mahaska",2018,291
"7302",-92.6358108520508,41.1670188903809,816,25986,"iowa","mahaska",2019,299
"7303",-92.6358108520508,41.1670188903809,816,25986,"iowa","mahaska",2020,260
"7304",-92.6358108520508,41.1670188903809,816,25986,"iowa","mahaska",2021,297
"7305",-92.6358108520508,41.1670188903809,816,25986,"iowa","mahaska",2022,283
"7306",-92.6358108520508,41.1670188903809,816,25986,"iowa","mahaska",2023,265
"7307",-92.6358108520508,41.1670188903809,816,25986,"iowa","mahaska",2024,367
"7308",-92.6358108520508,41.1670188903809,816,25986,"iowa","mahaska",2025,20
"7309",-92.8592681884766,41.1670188903809,816,25987,"iowa","mahaska",2014,257
"7310",-92.8592681884766,41.1670188903809,816,25987,"iowa","mahaska",2015,299
"7311",-92.8592681884766,41.1670188903809,816,25987,"iowa","mahaska",2016,312
"7312",-92.8592681884766,41.1670188903809,816,25987,"iowa","mahaska",2017,321
"7313",-92.8592681884766,41.1670188903809,816,25987,"iowa","mahaska",2018,291
"7314",-92.8592681884766,41.1670188903809,816,25987,"iowa","mahaska",2019,299
"7315",-92.8592681884766,41.1670188903809,816,25987,"iowa","mahaska",2020,260
"7316",-92.8592681884766,41.1670188903809,816,25987,"iowa","mahaska",2021,297
"7317",-92.8592681884766,41.1670188903809,816,25987,"iowa","mahaska",2022,283
"7318",-92.8592681884766,41.1670188903809,816,25987,"iowa","mahaska",2023,265
"7319",-92.8592681884766,41.1670188903809,816,25987,"iowa","mahaska",2024,367
"7320",-92.8592681884766,41.1670188903809,816,25987,"iowa","mahaska",2025,20
"7321",-92.8592681884766,41.5165214538574,816,25988,"iowa","mahaska",2014,257
"7322",-92.8592681884766,41.5165214538574,816,25988,"iowa","mahaska",2015,299
"7323",-92.8592681884766,41.5165214538574,816,25988,"iowa","mahaska",2016,312
"7324",-92.8592681884766,41.5165214538574,816,25988,"iowa","mahaska",2017,321
"7325",-92.8592681884766,41.5165214538574,816,25988,"iowa","mahaska",2018,291
"7326",-92.8592681884766,41.5165214538574,816,25988,"iowa","mahaska",2019,299
"7327",-92.8592681884766,41.5165214538574,816,25988,"iowa","mahaska",2020,260
"7328",-92.8592681884766,41.5165214538574,816,25988,"iowa","mahaska",2021,297
"7329",-92.8592681884766,41.5165214538574,816,25988,"iowa","mahaska",2022,283
"7330",-92.8592681884766,41.5165214538574,816,25988,"iowa","mahaska",2023,265
"7331",-92.8592681884766,41.5165214538574,816,25988,"iowa","mahaska",2024,367
"7332",-92.8592681884766,41.5165214538574,816,25988,"iowa","mahaska",2025,20
"7333",-93.3348236083984,41.4936027526855,817,25990,"iowa","marion",2014,492
"7334",-93.3348236083984,41.4936027526855,817,25990,"iowa","marion",2015,522
"7335",-93.3348236083984,41.4936027526855,817,25990,"iowa","marion",2016,565
"7336",-93.3348236083984,41.4936027526855,817,25990,"iowa","marion",2017,494
"7337",-93.3348236083984,41.4936027526855,817,25990,"iowa","marion",2018,560
"7338",-93.3348236083984,41.4936027526855,817,25990,"iowa","marion",2019,617
"7339",-93.3348236083984,41.4936027526855,817,25990,"iowa","marion",2020,502
"7340",-93.3348236083984,41.4936027526855,817,25990,"iowa","marion",2021,521
"7341",-93.3348236083984,41.4936027526855,817,25990,"iowa","marion",2022,564
"7342",-93.3348236083984,41.4936027526855,817,25990,"iowa","marion",2023,539
"7343",-93.3348236083984,41.4936027526855,817,25990,"iowa","marion",2024,569
"7344",-93.3348236083984,41.4936027526855,817,25990,"iowa","marion",2025,40
"7345",-93.3348236083984,41.5050621032715,817,25991,"iowa","marion",2014,492
"7346",-93.3348236083984,41.5050621032715,817,25991,"iowa","marion",2015,522
"7347",-93.3348236083984,41.5050621032715,817,25991,"iowa","marion",2016,565
"7348",-93.3348236083984,41.5050621032715,817,25991,"iowa","marion",2017,494
"7349",-93.3348236083984,41.5050621032715,817,25991,"iowa","marion",2018,560
"7350",-93.3348236083984,41.5050621032715,817,25991,"iowa","marion",2019,617
"7351",-93.3348236083984,41.5050621032715,817,25991,"iowa","marion",2020,502
"7352",-93.3348236083984,41.5050621032715,817,25991,"iowa","marion",2021,521
"7353",-93.3348236083984,41.5050621032715,817,25991,"iowa","marion",2022,564
"7354",-93.3348236083984,41.5050621032715,817,25991,"iowa","marion",2023,539
"7355",-93.3348236083984,41.5050621032715,817,25991,"iowa","marion",2024,569
"7356",-93.3348236083984,41.5050621032715,817,25991,"iowa","marion",2025,40
"7357",-92.8592681884766,41.5165214538574,817,25992,"iowa","marion",2014,492
"7358",-92.8592681884766,41.5165214538574,817,25992,"iowa","marion",2015,522
"7359",-92.8592681884766,41.5165214538574,817,25992,"iowa","marion",2016,565
"7360",-92.8592681884766,41.5165214538574,817,25992,"iowa","marion",2017,494
"7361",-92.8592681884766,41.5165214538574,817,25992,"iowa","marion",2018,560
"7362",-92.8592681884766,41.5165214538574,817,25992,"iowa","marion",2019,617
"7363",-92.8592681884766,41.5165214538574,817,25992,"iowa","marion",2020,502
"7364",-92.8592681884766,41.5165214538574,817,25992,"iowa","marion",2021,521
"7365",-92.8592681884766,41.5165214538574,817,25992,"iowa","marion",2022,564
"7366",-92.8592681884766,41.5165214538574,817,25992,"iowa","marion",2023,539
"7367",-92.8592681884766,41.5165214538574,817,25992,"iowa","marion",2024,569
"7368",-92.8592681884766,41.5165214538574,817,25992,"iowa","marion",2025,40
"7369",-92.8592681884766,41.1670188903809,817,25993,"iowa","marion",2014,492
"7370",-92.8592681884766,41.1670188903809,817,25993,"iowa","marion",2015,522
"7371",-92.8592681884766,41.1670188903809,817,25993,"iowa","marion",2016,565
"7372",-92.8592681884766,41.1670188903809,817,25993,"iowa","marion",2017,494
"7373",-92.8592681884766,41.1670188903809,817,25993,"iowa","marion",2018,560
"7374",-92.8592681884766,41.1670188903809,817,25993,"iowa","marion",2019,617
"7375",-92.8592681884766,41.1670188903809,817,25993,"iowa","marion",2020,502
"7376",-92.8592681884766,41.1670188903809,817,25993,"iowa","marion",2021,521
"7377",-92.8592681884766,41.1670188903809,817,25993,"iowa","marion",2022,564
"7378",-92.8592681884766,41.1670188903809,817,25993,"iowa","marion",2023,539
"7379",-92.8592681884766,41.1670188903809,817,25993,"iowa","marion",2024,569
"7380",-92.8592681884766,41.1670188903809,817,25993,"iowa","marion",2025,40
"7381",-93.1056442260742,41.1670188903809,817,25994,"iowa","marion",2014,492
"7382",-93.1056442260742,41.1670188903809,817,25994,"iowa","marion",2015,522
"7383",-93.1056442260742,41.1670188903809,817,25994,"iowa","marion",2016,565
"7384",-93.1056442260742,41.1670188903809,817,25994,"iowa","marion",2017,494
"7385",-93.1056442260742,41.1670188903809,817,25994,"iowa","marion",2018,560
"7386",-93.1056442260742,41.1670188903809,817,25994,"iowa","marion",2019,617
"7387",-93.1056442260742,41.1670188903809,817,25994,"iowa","marion",2020,502
"7388",-93.1056442260742,41.1670188903809,817,25994,"iowa","marion",2021,521
"7389",-93.1056442260742,41.1670188903809,817,25994,"iowa","marion",2022,564
"7390",-93.1056442260742,41.1670188903809,817,25994,"iowa","marion",2023,539
"7391",-93.1056442260742,41.1670188903809,817,25994,"iowa","marion",2024,569
"7392",-93.1056442260742,41.1670188903809,817,25994,"iowa","marion",2025,40
"7393",-93.3348236083984,41.1612892150879,817,25995,"iowa","marion",2014,492
"7394",-93.3348236083984,41.1612892150879,817,25995,"iowa","marion",2015,522
"7395",-93.3348236083984,41.1612892150879,817,25995,"iowa","marion",2016,565
"7396",-93.3348236083984,41.1612892150879,817,25995,"iowa","marion",2017,494
"7397",-93.3348236083984,41.1612892150879,817,25995,"iowa","marion",2018,560
"7398",-93.3348236083984,41.1612892150879,817,25995,"iowa","marion",2019,617
"7399",-93.3348236083984,41.1612892150879,817,25995,"iowa","marion",2020,502
"7400",-93.3348236083984,41.1612892150879,817,25995,"iowa","marion",2021,521
"7401",-93.3348236083984,41.1612892150879,817,25995,"iowa","marion",2022,564
"7402",-93.3348236083984,41.1612892150879,817,25995,"iowa","marion",2023,539
"7403",-93.3348236083984,41.1612892150879,817,25995,"iowa","marion",2024,569
"7404",-93.3348236083984,41.1612892150879,817,25995,"iowa","marion",2025,40
"7405",-93.3348236083984,41.4936027526855,817,25996,"iowa","marion",2014,492
"7406",-93.3348236083984,41.4936027526855,817,25996,"iowa","marion",2015,522
"7407",-93.3348236083984,41.4936027526855,817,25996,"iowa","marion",2016,565
"7408",-93.3348236083984,41.4936027526855,817,25996,"iowa","marion",2017,494
"7409",-93.3348236083984,41.4936027526855,817,25996,"iowa","marion",2018,560
"7410",-93.3348236083984,41.4936027526855,817,25996,"iowa","marion",2019,617
"7411",-93.3348236083984,41.4936027526855,817,25996,"iowa","marion",2020,502
"7412",-93.3348236083984,41.4936027526855,817,25996,"iowa","marion",2021,521
"7413",-93.3348236083984,41.4936027526855,817,25996,"iowa","marion",2022,564
"7414",-93.3348236083984,41.4936027526855,817,25996,"iowa","marion",2023,539
"7415",-93.3348236083984,41.4936027526855,817,25996,"iowa","marion",2024,569
"7416",-93.3348236083984,41.4936027526855,817,25996,"iowa","marion",2025,40
"7417",-93.231689453125,42.2098007202148,818,25998,"iowa","marshall",2014,650
"7418",-93.231689453125,42.2098007202148,818,25998,"iowa","marshall",2015,694
"7419",-93.231689453125,42.2098007202148,818,25998,"iowa","marshall",2016,722
"7420",-93.231689453125,42.2098007202148,818,25998,"iowa","marshall",2017,686
"7421",-93.231689453125,42.2098007202148,818,25998,"iowa","marshall",2018,746
"7422",-93.231689453125,42.2098007202148,818,25998,"iowa","marshall",2019,763
"7423",-93.231689453125,42.2098007202148,818,25998,"iowa","marshall",2020,627
"7424",-93.231689453125,42.2098007202148,818,25998,"iowa","marshall",2021,730
"7425",-93.231689453125,42.2098007202148,818,25998,"iowa","marshall",2022,714
"7426",-93.231689453125,42.2098007202148,818,25998,"iowa","marshall",2023,663
"7427",-93.231689453125,42.2098007202148,818,25998,"iowa","marshall",2024,682
"7428",-93.231689453125,42.2098007202148,818,25998,"iowa","marshall",2025,43
"7429",-92.9967803955078,42.2155303955078,818,25999,"iowa","marshall",2014,650
"7430",-92.9967803955078,42.2155303955078,818,25999,"iowa","marshall",2015,694
"7431",-92.9967803955078,42.2155303955078,818,25999,"iowa","marshall",2016,722
"7432",-92.9967803955078,42.2155303955078,818,25999,"iowa","marshall",2017,686
"7433",-92.9967803955078,42.2155303955078,818,25999,"iowa","marshall",2018,746
"7434",-92.9967803955078,42.2155303955078,818,25999,"iowa","marshall",2019,763
"7435",-92.9967803955078,42.2155303955078,818,25999,"iowa","marshall",2020,627
"7436",-92.9967803955078,42.2155303955078,818,25999,"iowa","marshall",2021,730
"7437",-92.9967803955078,42.2155303955078,818,25999,"iowa","marshall",2022,714
"7438",-92.9967803955078,42.2155303955078,818,25999,"iowa","marshall",2023,663
"7439",-92.9967803955078,42.2155303955078,818,25999,"iowa","marshall",2024,682
"7440",-92.9967803955078,42.2155303955078,818,25999,"iowa","marshall",2025,43
"7441",-92.7618637084961,42.2155303955078,818,26000,"iowa","marshall",2014,650
"7442",-92.7618637084961,42.2155303955078,818,26000,"iowa","marshall",2015,694
"7443",-92.7618637084961,42.2155303955078,818,26000,"iowa","marshall",2016,722
"7444",-92.7618637084961,42.2155303955078,818,26000,"iowa","marshall",2017,686
"7445",-92.7618637084961,42.2155303955078,818,26000,"iowa","marshall",2018,746
"7446",-92.7618637084961,42.2155303955078,818,26000,"iowa","marshall",2019,763
"7447",-92.7618637084961,42.2155303955078,818,26000,"iowa","marshall",2020,627
"7448",-92.7618637084961,42.2155303955078,818,26000,"iowa","marshall",2021,730
"7449",-92.7618637084961,42.2155303955078,818,26000,"iowa","marshall",2022,714
"7450",-92.7618637084961,42.2155303955078,818,26000,"iowa","marshall",2023,663
"7451",-92.7618637084961,42.2155303955078,818,26000,"iowa","marshall",2024,682
"7452",-92.7618637084961,42.2155303955078,818,26000,"iowa","marshall",2025,43
"7453",-92.7618637084961,41.871753692627,818,26001,"iowa","marshall",2014,650
"7454",-92.7618637084961,41.871753692627,818,26001,"iowa","marshall",2015,694
"7455",-92.7618637084961,41.871753692627,818,26001,"iowa","marshall",2016,722
"7456",-92.7618637084961,41.871753692627,818,26001,"iowa","marshall",2017,686
"7457",-92.7618637084961,41.871753692627,818,26001,"iowa","marshall",2018,746
"7458",-92.7618637084961,41.871753692627,818,26001,"iowa","marshall",2019,763
"7459",-92.7618637084961,41.871753692627,818,26001,"iowa","marshall",2020,627
"7460",-92.7618637084961,41.871753692627,818,26001,"iowa","marshall",2021,730
"7461",-92.7618637084961,41.871753692627,818,26001,"iowa","marshall",2022,714
"7462",-92.7618637084961,41.871753692627,818,26001,"iowa","marshall",2023,663
"7463",-92.7618637084961,41.871753692627,818,26001,"iowa","marshall",2024,682
"7464",-92.7618637084961,41.871753692627,818,26001,"iowa","marshall",2025,43
"7465",-93.231689453125,41.8660278320312,818,26002,"iowa","marshall",2014,650
"7466",-93.231689453125,41.8660278320312,818,26002,"iowa","marshall",2015,694
"7467",-93.231689453125,41.8660278320312,818,26002,"iowa","marshall",2016,722
"7468",-93.231689453125,41.8660278320312,818,26002,"iowa","marshall",2017,686
"7469",-93.231689453125,41.8660278320312,818,26002,"iowa","marshall",2018,746
"7470",-93.231689453125,41.8660278320312,818,26002,"iowa","marshall",2019,763
"7471",-93.231689453125,41.8660278320312,818,26002,"iowa","marshall",2020,627
"7472",-93.231689453125,41.8660278320312,818,26002,"iowa","marshall",2021,730
"7473",-93.231689453125,41.8660278320312,818,26002,"iowa","marshall",2022,714
"7474",-93.231689453125,41.8660278320312,818,26002,"iowa","marshall",2023,663
"7475",-93.231689453125,41.8660278320312,818,26002,"iowa","marshall",2024,682
"7476",-93.231689453125,41.8660278320312,818,26002,"iowa","marshall",2025,43
"7477",-93.231689453125,42.2098007202148,818,26003,"iowa","marshall",2014,650
"7478",-93.231689453125,42.2098007202148,818,26003,"iowa","marshall",2015,694
"7479",-93.231689453125,42.2098007202148,818,26003,"iowa","marshall",2016,722
"7480",-93.231689453125,42.2098007202148,818,26003,"iowa","marshall",2017,686
"7481",-93.231689453125,42.2098007202148,818,26003,"iowa","marshall",2018,746
"7482",-93.231689453125,42.2098007202148,818,26003,"iowa","marshall",2019,763
"7483",-93.231689453125,42.2098007202148,818,26003,"iowa","marshall",2020,627
"7484",-93.231689453125,42.2098007202148,818,26003,"iowa","marshall",2021,730
"7485",-93.231689453125,42.2098007202148,818,26003,"iowa","marshall",2022,714
"7486",-93.231689453125,42.2098007202148,818,26003,"iowa","marshall",2023,663
"7487",-93.231689453125,42.2098007202148,818,26003,"iowa","marshall",2024,682
"7488",-93.231689453125,42.2098007202148,818,26003,"iowa","marshall",2025,43
"7489",-95.8844833374023,41.1612892150879,819,26005,"iowa","mills",2014,249
"7490",-95.8844833374023,41.1612892150879,819,26005,"iowa","mills",2015,228
"7491",-95.8844833374023,41.1612892150879,819,26005,"iowa","mills",2016,269
"7492",-95.8844833374023,41.1612892150879,819,26005,"iowa","mills",2017,280
"7493",-95.8844833374023,41.1612892150879,819,26005,"iowa","mills",2018,261
"7494",-95.8844833374023,41.1612892150879,819,26005,"iowa","mills",2019,258
"7495",-95.8844833374023,41.1612892150879,819,26005,"iowa","mills",2020,196
"7496",-95.8844833374023,41.1612892150879,819,26005,"iowa","mills",2021,209
"7497",-95.8844833374023,41.1612892150879,819,26005,"iowa","mills",2022,235
"7498",-95.8844833374023,41.1612892150879,819,26005,"iowa","mills",2023,219
"7499",-95.8844833374023,41.1612892150879,819,26005,"iowa","mills",2024,226
"7500",-95.8844833374023,41.1612892150879,819,26005,"iowa","mills",2025,12
"7501",-95.3802871704102,41.1612892150879,819,26006,"iowa","mills",2014,249
"7502",-95.3802871704102,41.1612892150879,819,26006,"iowa","mills",2015,228
"7503",-95.3802871704102,41.1612892150879,819,26006,"iowa","mills",2016,269
"7504",-95.3802871704102,41.1612892150879,819,26006,"iowa","mills",2017,280
"7505",-95.3802871704102,41.1612892150879,819,26006,"iowa","mills",2018,261
"7506",-95.3802871704102,41.1612892150879,819,26006,"iowa","mills",2019,258
"7507",-95.3802871704102,41.1612892150879,819,26006,"iowa","mills",2020,196
"7508",-95.3802871704102,41.1612892150879,819,26006,"iowa","mills",2021,209
"7509",-95.3802871704102,41.1612892150879,819,26006,"iowa","mills",2022,235
"7510",-95.3802871704102,41.1612892150879,819,26006,"iowa","mills",2023,219
"7511",-95.3802871704102,41.1612892150879,819,26006,"iowa","mills",2024,226
"7512",-95.3802871704102,41.1612892150879,819,26006,"iowa","mills",2025,12
"7513",-95.3802871704102,40.8977279663086,819,26007,"iowa","mills",2014,249
"7514",-95.3802871704102,40.8977279663086,819,26007,"iowa","mills",2015,228
"7515",-95.3802871704102,40.8977279663086,819,26007,"iowa","mills",2016,269
"7516",-95.3802871704102,40.8977279663086,819,26007,"iowa","mills",2017,280
"7517",-95.3802871704102,40.8977279663086,819,26007,"iowa","mills",2018,261
"7518",-95.3802871704102,40.8977279663086,819,26007,"iowa","mills",2019,258
"7519",-95.3802871704102,40.8977279663086,819,26007,"iowa","mills",2020,196
"7520",-95.3802871704102,40.8977279663086,819,26007,"iowa","mills",2021,209
"7521",-95.3802871704102,40.8977279663086,819,26007,"iowa","mills",2022,235
"7522",-95.3802871704102,40.8977279663086,819,26007,"iowa","mills",2023,219
"7523",-95.3802871704102,40.8977279663086,819,26007,"iowa","mills",2024,226
"7524",-95.3802871704102,40.8977279663086,819,26007,"iowa","mills",2025,12
"7525",-95.8271942138672,40.9091873168945,819,26008,"iowa","mills",2014,249
"7526",-95.8271942138672,40.9091873168945,819,26008,"iowa","mills",2015,228
"7527",-95.8271942138672,40.9091873168945,819,26008,"iowa","mills",2016,269
"7528",-95.8271942138672,40.9091873168945,819,26008,"iowa","mills",2017,280
"7529",-95.8271942138672,40.9091873168945,819,26008,"iowa","mills",2018,261
"7530",-95.8271942138672,40.9091873168945,819,26008,"iowa","mills",2019,258
"7531",-95.8271942138672,40.9091873168945,819,26008,"iowa","mills",2020,196
"7532",-95.8271942138672,40.9091873168945,819,26008,"iowa","mills",2021,209
"7533",-95.8271942138672,40.9091873168945,819,26008,"iowa","mills",2022,235
"7534",-95.8271942138672,40.9091873168945,819,26008,"iowa","mills",2023,219
"7535",-95.8271942138672,40.9091873168945,819,26008,"iowa","mills",2024,226
"7536",-95.8271942138672,40.9091873168945,819,26008,"iowa","mills",2025,12
"7537",-95.8271942138672,40.9321060180664,819,26009,"iowa","mills",2014,249
"7538",-95.8271942138672,40.9321060180664,819,26009,"iowa","mills",2015,228
"7539",-95.8271942138672,40.9321060180664,819,26009,"iowa","mills",2016,269
"7540",-95.8271942138672,40.9321060180664,819,26009,"iowa","mills",2017,280
"7541",-95.8271942138672,40.9321060180664,819,26009,"iowa","mills",2018,261
"7542",-95.8271942138672,40.9321060180664,819,26009,"iowa","mills",2019,258
"7543",-95.8271942138672,40.9321060180664,819,26009,"iowa","mills",2020,196
"7544",-95.8271942138672,40.9321060180664,819,26009,"iowa","mills",2021,209
"7545",-95.8271942138672,40.9321060180664,819,26009,"iowa","mills",2022,235
"7546",-95.8271942138672,40.9321060180664,819,26009,"iowa","mills",2023,219
"7547",-95.8271942138672,40.9321060180664,819,26009,"iowa","mills",2024,226
"7548",-95.8271942138672,40.9321060180664,819,26009,"iowa","mills",2025,12
"7549",-95.8214645385742,40.949291229248,819,26010,"iowa","mills",2014,249
"7550",-95.8214645385742,40.949291229248,819,26010,"iowa","mills",2015,228
"7551",-95.8214645385742,40.949291229248,819,26010,"iowa","mills",2016,269
"7552",-95.8214645385742,40.949291229248,819,26010,"iowa","mills",2017,280
"7553",-95.8214645385742,40.949291229248,819,26010,"iowa","mills",2018,261
"7554",-95.8214645385742,40.949291229248,819,26010,"iowa","mills",2019,258
"7555",-95.8214645385742,40.949291229248,819,26010,"iowa","mills",2020,196
"7556",-95.8214645385742,40.949291229248,819,26010,"iowa","mills",2021,209
"7557",-95.8214645385742,40.949291229248,819,26010,"iowa","mills",2022,235
"7558",-95.8214645385742,40.949291229248,819,26010,"iowa","mills",2023,219
"7559",-95.8214645385742,40.949291229248,819,26010,"iowa","mills",2024,226
"7560",-95.8214645385742,40.949291229248,819,26010,"iowa","mills",2025,12
"7561",-95.8386535644531,40.9722099304199,819,26011,"iowa","mills",2014,249
"7562",-95.8386535644531,40.9722099304199,819,26011,"iowa","mills",2015,228
"7563",-95.8386535644531,40.9722099304199,819,26011,"iowa","mills",2016,269
"7564",-95.8386535644531,40.9722099304199,819,26011,"iowa","mills",2017,280
"7565",-95.8386535644531,40.9722099304199,819,26011,"iowa","mills",2018,261
"7566",-95.8386535644531,40.9722099304199,819,26011,"iowa","mills",2019,258
"7567",-95.8386535644531,40.9722099304199,819,26011,"iowa","mills",2020,196
"7568",-95.8386535644531,40.9722099304199,819,26011,"iowa","mills",2021,209
"7569",-95.8386535644531,40.9722099304199,819,26011,"iowa","mills",2022,235
"7570",-95.8386535644531,40.9722099304199,819,26011,"iowa","mills",2023,219
"7571",-95.8386535644531,40.9722099304199,819,26011,"iowa","mills",2024,226
"7572",-95.8386535644531,40.9722099304199,819,26011,"iowa","mills",2025,12
"7573",-95.8730316162109,41.0295066833496,819,26012,"iowa","mills",2014,249
"7574",-95.8730316162109,41.0295066833496,819,26012,"iowa","mills",2015,228
"7575",-95.8730316162109,41.0295066833496,819,26012,"iowa","mills",2016,269
"7576",-95.8730316162109,41.0295066833496,819,26012,"iowa","mills",2017,280
"7577",-95.8730316162109,41.0295066833496,819,26012,"iowa","mills",2018,261
"7578",-95.8730316162109,41.0295066833496,819,26012,"iowa","mills",2019,258
"7579",-95.8730316162109,41.0295066833496,819,26012,"iowa","mills",2020,196
"7580",-95.8730316162109,41.0295066833496,819,26012,"iowa","mills",2021,209
"7581",-95.8730316162109,41.0295066833496,819,26012,"iowa","mills",2022,235
"7582",-95.8730316162109,41.0295066833496,819,26012,"iowa","mills",2023,219
"7583",-95.8730316162109,41.0295066833496,819,26012,"iowa","mills",2024,226
"7584",-95.8730316162109,41.0295066833496,819,26012,"iowa","mills",2025,12
"7585",-95.8730316162109,41.0466995239258,819,26013,"iowa","mills",2014,249
"7586",-95.8730316162109,41.0466995239258,819,26013,"iowa","mills",2015,228
"7587",-95.8730316162109,41.0466995239258,819,26013,"iowa","mills",2016,269
"7588",-95.8730316162109,41.0466995239258,819,26013,"iowa","mills",2017,280
"7589",-95.8730316162109,41.0466995239258,819,26013,"iowa","mills",2018,261
"7590",-95.8730316162109,41.0466995239258,819,26013,"iowa","mills",2019,258
"7591",-95.8730316162109,41.0466995239258,819,26013,"iowa","mills",2020,196
"7592",-95.8730316162109,41.0466995239258,819,26013,"iowa","mills",2021,209
"7593",-95.8730316162109,41.0466995239258,819,26013,"iowa","mills",2022,235
"7594",-95.8730316162109,41.0466995239258,819,26013,"iowa","mills",2023,219
"7595",-95.8730316162109,41.0466995239258,819,26013,"iowa","mills",2024,226
"7596",-95.8730316162109,41.0466995239258,819,26013,"iowa","mills",2025,12
"7597",-95.8730316162109,41.0753440856934,819,26014,"iowa","mills",2014,249
"7598",-95.8730316162109,41.0753440856934,819,26014,"iowa","mills",2015,228
"7599",-95.8730316162109,41.0753440856934,819,26014,"iowa","mills",2016,269
"7600",-95.8730316162109,41.0753440856934,819,26014,"iowa","mills",2017,280
"7601",-95.8730316162109,41.0753440856934,819,26014,"iowa","mills",2018,261
"7602",-95.8730316162109,41.0753440856934,819,26014,"iowa","mills",2019,258
"7603",-95.8730316162109,41.0753440856934,819,26014,"iowa","mills",2020,196
"7604",-95.8730316162109,41.0753440856934,819,26014,"iowa","mills",2021,209
"7605",-95.8730316162109,41.0753440856934,819,26014,"iowa","mills",2022,235
"7606",-95.8730316162109,41.0753440856934,819,26014,"iowa","mills",2023,219
"7607",-95.8730316162109,41.0753440856934,819,26014,"iowa","mills",2024,226
"7608",-95.8730316162109,41.0753440856934,819,26014,"iowa","mills",2025,12
"7609",-95.8558349609375,41.0982627868652,819,26015,"iowa","mills",2014,249
"7610",-95.8558349609375,41.0982627868652,819,26015,"iowa","mills",2015,228
"7611",-95.8558349609375,41.0982627868652,819,26015,"iowa","mills",2016,269
"7612",-95.8558349609375,41.0982627868652,819,26015,"iowa","mills",2017,280
"7613",-95.8558349609375,41.0982627868652,819,26015,"iowa","mills",2018,261
"7614",-95.8558349609375,41.0982627868652,819,26015,"iowa","mills",2019,258
"7615",-95.8558349609375,41.0982627868652,819,26015,"iowa","mills",2020,196
"7616",-95.8558349609375,41.0982627868652,819,26015,"iowa","mills",2021,209
"7617",-95.8558349609375,41.0982627868652,819,26015,"iowa","mills",2022,235
"7618",-95.8558349609375,41.0982627868652,819,26015,"iowa","mills",2023,219
"7619",-95.8558349609375,41.0982627868652,819,26015,"iowa","mills",2024,226
"7620",-95.8558349609375,41.0982627868652,819,26015,"iowa","mills",2025,12
"7621",-95.8730316162109,41.1326370239258,819,26016,"iowa","mills",2014,249
"7622",-95.8730316162109,41.1326370239258,819,26016,"iowa","mills",2015,228
"7623",-95.8730316162109,41.1326370239258,819,26016,"iowa","mills",2016,269
"7624",-95.8730316162109,41.1326370239258,819,26016,"iowa","mills",2017,280
"7625",-95.8730316162109,41.1326370239258,819,26016,"iowa","mills",2018,261
"7626",-95.8730316162109,41.1326370239258,819,26016,"iowa","mills",2019,258
"7627",-95.8730316162109,41.1326370239258,819,26016,"iowa","mills",2020,196
"7628",-95.8730316162109,41.1326370239258,819,26016,"iowa","mills",2021,209
"7629",-95.8730316162109,41.1326370239258,819,26016,"iowa","mills",2022,235
"7630",-95.8730316162109,41.1326370239258,819,26016,"iowa","mills",2023,219
"7631",-95.8730316162109,41.1326370239258,819,26016,"iowa","mills",2024,226
"7632",-95.8730316162109,41.1326370239258,819,26016,"iowa","mills",2025,12
"7633",-95.8844833374023,41.1612892150879,819,26017,"iowa","mills",2014,249
"7634",-95.8844833374023,41.1612892150879,819,26017,"iowa","mills",2015,228
"7635",-95.8844833374023,41.1612892150879,819,26017,"iowa","mills",2016,269
"7636",-95.8844833374023,41.1612892150879,819,26017,"iowa","mills",2017,280
"7637",-95.8844833374023,41.1612892150879,819,26017,"iowa","mills",2018,261
"7638",-95.8844833374023,41.1612892150879,819,26017,"iowa","mills",2019,258
"7639",-95.8844833374023,41.1612892150879,819,26017,"iowa","mills",2020,196
"7640",-95.8844833374023,41.1612892150879,819,26017,"iowa","mills",2021,209
"7641",-95.8844833374023,41.1612892150879,819,26017,"iowa","mills",2022,235
"7642",-95.8844833374023,41.1612892150879,819,26017,"iowa","mills",2023,219
"7643",-95.8844833374023,41.1612892150879,819,26017,"iowa","mills",2024,226
"7644",-95.8844833374023,41.1612892150879,819,26017,"iowa","mills",2025,12
"7645",-93.0254287719727,43.2583122253418,820,26019,"iowa","mitchell",2014,89
"7646",-93.0254287719727,43.2583122253418,820,26019,"iowa","mitchell",2015,82
"7647",-93.0254287719727,43.2583122253418,820,26019,"iowa","mitchell",2016,89
"7648",-93.0254287719727,43.2583122253418,820,26019,"iowa","mitchell",2017,92
"7649",-93.0254287719727,43.2583122253418,820,26019,"iowa","mitchell",2018,90
"7650",-93.0254287719727,43.2583122253418,820,26019,"iowa","mitchell",2019,94
"7651",-93.0254287719727,43.2583122253418,820,26019,"iowa","mitchell",2020,70
"7652",-93.0254287719727,43.2583122253418,820,26019,"iowa","mitchell",2021,84
"7653",-93.0254287719727,43.2583122253418,820,26019,"iowa","mitchell",2022,88
"7654",-93.0254287719727,43.2583122253418,820,26019,"iowa","mitchell",2023,88
"7655",-93.0254287719727,43.2583122253418,820,26019,"iowa","mitchell",2024,100
"7656",-93.0254287719727,43.2583122253418,820,26019,"iowa","mitchell",2025,5
"7657",-93.0254287719727,43.5104141235352,820,26020,"iowa","mitchell",2014,89
"7658",-93.0254287719727,43.5104141235352,820,26020,"iowa","mitchell",2015,82
"7659",-93.0254287719727,43.5104141235352,820,26020,"iowa","mitchell",2016,89
"7660",-93.0254287719727,43.5104141235352,820,26020,"iowa","mitchell",2017,92
"7661",-93.0254287719727,43.5104141235352,820,26020,"iowa","mitchell",2018,90
"7662",-93.0254287719727,43.5104141235352,820,26020,"iowa","mitchell",2019,94
"7663",-93.0254287719727,43.5104141235352,820,26020,"iowa","mitchell",2020,70
"7664",-93.0254287719727,43.5104141235352,820,26020,"iowa","mitchell",2021,84
"7665",-93.0254287719727,43.5104141235352,820,26020,"iowa","mitchell",2022,88
"7666",-93.0254287719727,43.5104141235352,820,26020,"iowa","mitchell",2023,88
"7667",-93.0254287719727,43.5104141235352,820,26020,"iowa","mitchell",2024,100
"7668",-93.0254287719727,43.5104141235352,820,26020,"iowa","mitchell",2025,5
"7669",-92.5498733520508,43.5104141235352,820,26021,"iowa","mitchell",2014,89
"7670",-92.5498733520508,43.5104141235352,820,26021,"iowa","mitchell",2015,82
"7671",-92.5498733520508,43.5104141235352,820,26021,"iowa","mitchell",2016,89
"7672",-92.5498733520508,43.5104141235352,820,26021,"iowa","mitchell",2017,92
"7673",-92.5498733520508,43.5104141235352,820,26021,"iowa","mitchell",2018,90
"7674",-92.5498733520508,43.5104141235352,820,26021,"iowa","mitchell",2019,94
"7675",-92.5498733520508,43.5104141235352,820,26021,"iowa","mitchell",2020,70
"7676",-92.5498733520508,43.5104141235352,820,26021,"iowa","mitchell",2021,84
"7677",-92.5498733520508,43.5104141235352,820,26021,"iowa","mitchell",2022,88
"7678",-92.5498733520508,43.5104141235352,820,26021,"iowa","mitchell",2023,88
"7679",-92.5498733520508,43.5104141235352,820,26021,"iowa","mitchell",2024,100
"7680",-92.5498733520508,43.5104141235352,820,26021,"iowa","mitchell",2025,5
"7681",-92.5556030273438,43.2239379882812,820,26022,"iowa","mitchell",2014,89
"7682",-92.5556030273438,43.2239379882812,820,26022,"iowa","mitchell",2015,82
"7683",-92.5556030273438,43.2239379882812,820,26022,"iowa","mitchell",2016,89
"7684",-92.5556030273438,43.2239379882812,820,26022,"iowa","mitchell",2017,92
"7685",-92.5556030273438,43.2239379882812,820,26022,"iowa","mitchell",2018,90
"7686",-92.5556030273438,43.2239379882812,820,26022,"iowa","mitchell",2019,94
"7687",-92.5556030273438,43.2239379882812,820,26022,"iowa","mitchell",2020,70
"7688",-92.5556030273438,43.2239379882812,820,26022,"iowa","mitchell",2021,84
"7689",-92.5556030273438,43.2239379882812,820,26022,"iowa","mitchell",2022,88
"7690",-92.5556030273438,43.2239379882812,820,26022,"iowa","mitchell",2023,88
"7691",-92.5556030273438,43.2239379882812,820,26022,"iowa","mitchell",2024,100
"7692",-92.5556030273438,43.2239379882812,820,26022,"iowa","mitchell",2025,5
"7693",-93.0254287719727,43.2239379882812,820,26023,"iowa","mitchell",2014,89
"7694",-93.0254287719727,43.2239379882812,820,26023,"iowa","mitchell",2015,82
"7695",-93.0254287719727,43.2239379882812,820,26023,"iowa","mitchell",2016,89
"7696",-93.0254287719727,43.2239379882812,820,26023,"iowa","mitchell",2017,92
"7697",-93.0254287719727,43.2239379882812,820,26023,"iowa","mitchell",2018,90
"7698",-93.0254287719727,43.2239379882812,820,26023,"iowa","mitchell",2019,94
"7699",-93.0254287719727,43.2239379882812,820,26023,"iowa","mitchell",2020,70
"7700",-93.0254287719727,43.2239379882812,820,26023,"iowa","mitchell",2021,84
"7701",-93.0254287719727,43.2239379882812,820,26023,"iowa","mitchell",2022,88
"7702",-93.0254287719727,43.2239379882812,820,26023,"iowa","mitchell",2023,88
"7703",-93.0254287719727,43.2239379882812,820,26023,"iowa","mitchell",2024,100
"7704",-93.0254287719727,43.2239379882812,820,26023,"iowa","mitchell",2025,5
"7705",-93.0254287719727,43.2583122253418,820,26024,"iowa","mitchell",2014,89
"7706",-93.0254287719727,43.2583122253418,820,26024,"iowa","mitchell",2015,82
"7707",-93.0254287719727,43.2583122253418,820,26024,"iowa","mitchell",2016,89
"7708",-93.0254287719727,43.2583122253418,820,26024,"iowa","mitchell",2017,92
"7709",-93.0254287719727,43.2583122253418,820,26024,"iowa","mitchell",2018,90
"7710",-93.0254287719727,43.2583122253418,820,26024,"iowa","mitchell",2019,94
"7711",-93.0254287719727,43.2583122253418,820,26024,"iowa","mitchell",2020,70
"7712",-93.0254287719727,43.2583122253418,820,26024,"iowa","mitchell",2021,84
"7713",-93.0254287719727,43.2583122253418,820,26024,"iowa","mitchell",2022,88
"7714",-93.0254287719727,43.2583122253418,820,26024,"iowa","mitchell",2023,88
"7715",-93.0254287719727,43.2583122253418,820,26024,"iowa","mitchell",2024,100
"7716",-93.0254287719727,43.2583122253418,820,26024,"iowa","mitchell",2025,5
"7717",-96.130859375,41.8602981567383,821,26026,"iowa","monona",2014,126
"7718",-96.130859375,41.8602981567383,821,26026,"iowa","monona",2015,135
"7719",-96.130859375,41.8602981567383,821,26026,"iowa","monona",2016,164
"7720",-96.130859375,41.8602981567383,821,26026,"iowa","monona",2017,153
"7721",-96.130859375,41.8602981567383,821,26026,"iowa","monona",2018,163
"7722",-96.130859375,41.8602981567383,821,26026,"iowa","monona",2019,172
"7723",-96.130859375,41.8602981567383,821,26026,"iowa","monona",2020,150
"7724",-96.130859375,41.8602981567383,821,26026,"iowa","monona",2021,180
"7725",-96.130859375,41.8602981567383,821,26026,"iowa","monona",2022,153
"7726",-96.130859375,41.8602981567383,821,26026,"iowa","monona",2023,192
"7727",-96.130859375,41.8602981567383,821,26026,"iowa","monona",2024,169
"7728",-96.130859375,41.8602981567383,821,26026,"iowa","monona",2025,6
"7729",-96.1652374267578,41.9175910949707,821,26027,"iowa","monona",2014,126
"7730",-96.1652374267578,41.9175910949707,821,26027,"iowa","monona",2015,135
"7731",-96.1652374267578,41.9175910949707,821,26027,"iowa","monona",2016,164
"7732",-96.1652374267578,41.9175910949707,821,26027,"iowa","monona",2017,153
"7733",-96.1652374267578,41.9175910949707,821,26027,"iowa","monona",2018,163
"7734",-96.1652374267578,41.9175910949707,821,26027,"iowa","monona",2019,172
"7735",-96.1652374267578,41.9175910949707,821,26027,"iowa","monona",2020,150
"7736",-96.1652374267578,41.9175910949707,821,26027,"iowa","monona",2021,180
"7737",-96.1652374267578,41.9175910949707,821,26027,"iowa","monona",2022,153
"7738",-96.1652374267578,41.9175910949707,821,26027,"iowa","monona",2023,192
"7739",-96.1652374267578,41.9175910949707,821,26027,"iowa","monona",2024,169
"7740",-96.1652374267578,41.9175910949707,821,26027,"iowa","monona",2025,6
"7741",-96.1537780761719,41.9462394714355,821,26028,"iowa","monona",2014,126
"7742",-96.1537780761719,41.9462394714355,821,26028,"iowa","monona",2015,135
"7743",-96.1537780761719,41.9462394714355,821,26028,"iowa","monona",2016,164
"7744",-96.1537780761719,41.9462394714355,821,26028,"iowa","monona",2017,153
"7745",-96.1537780761719,41.9462394714355,821,26028,"iowa","monona",2018,163
"7746",-96.1537780761719,41.9462394714355,821,26028,"iowa","monona",2019,172
"7747",-96.1537780761719,41.9462394714355,821,26028,"iowa","monona",2020,150
"7748",-96.1537780761719,41.9462394714355,821,26028,"iowa","monona",2021,180
"7749",-96.1537780761719,41.9462394714355,821,26028,"iowa","monona",2022,153
"7750",-96.1537780761719,41.9462394714355,821,26028,"iowa","monona",2023,192
"7751",-96.1537780761719,41.9462394714355,821,26028,"iowa","monona",2024,169
"7752",-96.1537780761719,41.9462394714355,821,26028,"iowa","monona",2025,6
"7753",-96.1537780761719,41.9691581726074,821,26029,"iowa","monona",2014,126
"7754",-96.1537780761719,41.9691581726074,821,26029,"iowa","monona",2015,135
"7755",-96.1537780761719,41.9691581726074,821,26029,"iowa","monona",2016,164
"7756",-96.1537780761719,41.9691581726074,821,26029,"iowa","monona",2017,153
"7757",-96.1537780761719,41.9691581726074,821,26029,"iowa","monona",2018,163
"7758",-96.1537780761719,41.9691581726074,821,26029,"iowa","monona",2019,172
"7759",-96.1537780761719,41.9691581726074,821,26029,"iowa","monona",2020,150
"7760",-96.1537780761719,41.9691581726074,821,26029,"iowa","monona",2021,180
"7761",-96.1537780761719,41.9691581726074,821,26029,"iowa","monona",2022,153
"7762",-96.1537780761719,41.9691581726074,821,26029,"iowa","monona",2023,192
"7763",-96.1537780761719,41.9691581726074,821,26029,"iowa","monona",2024,169
"7764",-96.1537780761719,41.9691581726074,821,26029,"iowa","monona",2025,6
"7765",-96.1652374267578,41.9863471984863,821,26030,"iowa","monona",2014,126
"7766",-96.1652374267578,41.9863471984863,821,26030,"iowa","monona",2015,135
"7767",-96.1652374267578,41.9863471984863,821,26030,"iowa","monona",2016,164
"7768",-96.1652374267578,41.9863471984863,821,26030,"iowa","monona",2017,153
"7769",-96.1652374267578,41.9863471984863,821,26030,"iowa","monona",2018,163
"7770",-96.1652374267578,41.9863471984863,821,26030,"iowa","monona",2019,172
"7771",-96.1652374267578,41.9863471984863,821,26030,"iowa","monona",2020,150
"7772",-96.1652374267578,41.9863471984863,821,26030,"iowa","monona",2021,180
"7773",-96.1652374267578,41.9863471984863,821,26030,"iowa","monona",2022,153
"7774",-96.1652374267578,41.9863471984863,821,26030,"iowa","monona",2023,192
"7775",-96.1652374267578,41.9863471984863,821,26030,"iowa","monona",2024,169
"7776",-96.1652374267578,41.9863471984863,821,26030,"iowa","monona",2025,6
"7777",-96.1824264526367,42.0035362243652,821,26031,"iowa","monona",2014,126
"7778",-96.1824264526367,42.0035362243652,821,26031,"iowa","monona",2015,135
"7779",-96.1824264526367,42.0035362243652,821,26031,"iowa","monona",2016,164
"7780",-96.1824264526367,42.0035362243652,821,26031,"iowa","monona",2017,153
"7781",-96.1824264526367,42.0035362243652,821,26031,"iowa","monona",2018,163
"7782",-96.1824264526367,42.0035362243652,821,26031,"iowa","monona",2019,172
"7783",-96.1824264526367,42.0035362243652,821,26031,"iowa","monona",2020,150
"7784",-96.1824264526367,42.0035362243652,821,26031,"iowa","monona",2021,180
"7785",-96.1824264526367,42.0035362243652,821,26031,"iowa","monona",2022,153
"7786",-96.1824264526367,42.0035362243652,821,26031,"iowa","monona",2023,192
"7787",-96.1824264526367,42.0035362243652,821,26031,"iowa","monona",2024,169
"7788",-96.1824264526367,42.0035362243652,821,26031,"iowa","monona",2025,6
"7789",-96.222526550293,42.0035362243652,821,26032,"iowa","monona",2014,126
"7790",-96.222526550293,42.0035362243652,821,26032,"iowa","monona",2015,135
"7791",-96.222526550293,42.0035362243652,821,26032,"iowa","monona",2016,164
"7792",-96.222526550293,42.0035362243652,821,26032,"iowa","monona",2017,153
"7793",-96.222526550293,42.0035362243652,821,26032,"iowa","monona",2018,163
"7794",-96.222526550293,42.0035362243652,821,26032,"iowa","monona",2019,172
"7795",-96.222526550293,42.0035362243652,821,26032,"iowa","monona",2020,150
"7796",-96.222526550293,42.0035362243652,821,26032,"iowa","monona",2021,180
"7797",-96.222526550293,42.0035362243652,821,26032,"iowa","monona",2022,153
"7798",-96.222526550293,42.0035362243652,821,26032,"iowa","monona",2023,192
"7799",-96.222526550293,42.0035362243652,821,26032,"iowa","monona",2024,169
"7800",-96.222526550293,42.0035362243652,821,26032,"iowa","monona",2025,6
"7801",-96.2282638549805,42.0321846008301,821,26033,"iowa","monona",2014,126
"7802",-96.2282638549805,42.0321846008301,821,26033,"iowa","monona",2015,135
"7803",-96.2282638549805,42.0321846008301,821,26033,"iowa","monona",2016,164
"7804",-96.2282638549805,42.0321846008301,821,26033,"iowa","monona",2017,153
"7805",-96.2282638549805,42.0321846008301,821,26033,"iowa","monona",2018,163
"7806",-96.2282638549805,42.0321846008301,821,26033,"iowa","monona",2019,172
"7807",-96.2282638549805,42.0321846008301,821,26033,"iowa","monona",2020,150
"7808",-96.2282638549805,42.0321846008301,821,26033,"iowa","monona",2021,180
"7809",-96.2282638549805,42.0321846008301,821,26033,"iowa","monona",2022,153
"7810",-96.2282638549805,42.0321846008301,821,26033,"iowa","monona",2023,192
"7811",-96.2282638549805,42.0321846008301,821,26033,"iowa","monona",2024,169
"7812",-96.2282638549805,42.0321846008301,821,26033,"iowa","monona",2025,6
"7813",-96.2626342773438,42.055103302002,821,26034,"iowa","monona",2014,126
"7814",-96.2626342773438,42.055103302002,821,26034,"iowa","monona",2015,135
"7815",-96.2626342773438,42.055103302002,821,26034,"iowa","monona",2016,164
"7816",-96.2626342773438,42.055103302002,821,26034,"iowa","monona",2017,153
"7817",-96.2626342773438,42.055103302002,821,26034,"iowa","monona",2018,163
"7818",-96.2626342773438,42.055103302002,821,26034,"iowa","monona",2019,172
"7819",-96.2626342773438,42.055103302002,821,26034,"iowa","monona",2020,150
"7820",-96.2626342773438,42.055103302002,821,26034,"iowa","monona",2021,180
"7821",-96.2626342773438,42.055103302002,821,26034,"iowa","monona",2022,153
"7822",-96.2626342773438,42.055103302002,821,26034,"iowa","monona",2023,192
"7823",-96.2626342773438,42.055103302002,821,26034,"iowa","monona",2024,169
"7824",-96.2626342773438,42.055103302002,821,26034,"iowa","monona",2025,6
"7825",-96.2798309326172,42.0665626525879,821,26035,"iowa","monona",2014,126
"7826",-96.2798309326172,42.0665626525879,821,26035,"iowa","monona",2015,135
"7827",-96.2798309326172,42.0665626525879,821,26035,"iowa","monona",2016,164
"7828",-96.2798309326172,42.0665626525879,821,26035,"iowa","monona",2017,153
"7829",-96.2798309326172,42.0665626525879,821,26035,"iowa","monona",2018,163
"7830",-96.2798309326172,42.0665626525879,821,26035,"iowa","monona",2019,172
"7831",-96.2798309326172,42.0665626525879,821,26035,"iowa","monona",2020,150
"7832",-96.2798309326172,42.0665626525879,821,26035,"iowa","monona",2021,180
"7833",-96.2798309326172,42.0665626525879,821,26035,"iowa","monona",2022,153
"7834",-96.2798309326172,42.0665626525879,821,26035,"iowa","monona",2023,192
"7835",-96.2798309326172,42.0665626525879,821,26035,"iowa","monona",2024,169
"7836",-96.2798309326172,42.0665626525879,821,26035,"iowa","monona",2025,6
"7837",-96.2970123291016,42.1181259155273,821,26036,"iowa","monona",2014,126
"7838",-96.2970123291016,42.1181259155273,821,26036,"iowa","monona",2015,135
"7839",-96.2970123291016,42.1181259155273,821,26036,"iowa","monona",2016,164
"7840",-96.2970123291016,42.1181259155273,821,26036,"iowa","monona",2017,153
"7841",-96.2970123291016,42.1181259155273,821,26036,"iowa","monona",2018,163
"7842",-96.2970123291016,42.1181259155273,821,26036,"iowa","monona",2019,172
"7843",-96.2970123291016,42.1181259155273,821,26036,"iowa","monona",2020,150
"7844",-96.2970123291016,42.1181259155273,821,26036,"iowa","monona",2021,180
"7845",-96.2970123291016,42.1181259155273,821,26036,"iowa","monona",2022,153
"7846",-96.2970123291016,42.1181259155273,821,26036,"iowa","monona",2023,192
"7847",-96.2970123291016,42.1181259155273,821,26036,"iowa","monona",2024,169
"7848",-96.2970123291016,42.1181259155273,821,26036,"iowa","monona",2025,6
"7849",-96.3371200561523,42.1467742919922,821,26037,"iowa","monona",2014,126
"7850",-96.3371200561523,42.1467742919922,821,26037,"iowa","monona",2015,135
"7851",-96.3371200561523,42.1467742919922,821,26037,"iowa","monona",2016,164
"7852",-96.3371200561523,42.1467742919922,821,26037,"iowa","monona",2017,153
"7853",-96.3371200561523,42.1467742919922,821,26037,"iowa","monona",2018,163
"7854",-96.3371200561523,42.1467742919922,821,26037,"iowa","monona",2019,172
"7855",-96.3371200561523,42.1467742919922,821,26037,"iowa","monona",2020,150
"7856",-96.3371200561523,42.1467742919922,821,26037,"iowa","monona",2021,180
"7857",-96.3371200561523,42.1467742919922,821,26037,"iowa","monona",2022,153
"7858",-96.3371200561523,42.1467742919922,821,26037,"iowa","monona",2023,192
"7859",-96.3371200561523,42.1467742919922,821,26037,"iowa","monona",2024,169
"7860",-96.3371200561523,42.1467742919922,821,26037,"iowa","monona",2025,6
"7861",-96.3428497314453,42.1582374572754,821,26038,"iowa","monona",2014,126
"7862",-96.3428497314453,42.1582374572754,821,26038,"iowa","monona",2015,135
"7863",-96.3428497314453,42.1582374572754,821,26038,"iowa","monona",2016,164
"7864",-96.3428497314453,42.1582374572754,821,26038,"iowa","monona",2017,153
"7865",-96.3428497314453,42.1582374572754,821,26038,"iowa","monona",2018,163
"7866",-96.3428497314453,42.1582374572754,821,26038,"iowa","monona",2019,172
"7867",-96.3428497314453,42.1582374572754,821,26038,"iowa","monona",2020,150
"7868",-96.3428497314453,42.1582374572754,821,26038,"iowa","monona",2021,180
"7869",-96.3428497314453,42.1582374572754,821,26038,"iowa","monona",2022,153
"7870",-96.3428497314453,42.1582374572754,821,26038,"iowa","monona",2023,192
"7871",-96.3428497314453,42.1582374572754,821,26038,"iowa","monona",2024,169
"7872",-96.3428497314453,42.1582374572754,821,26038,"iowa","monona",2025,6
"7873",-96.3428497314453,42.175422668457,821,26039,"iowa","monona",2014,126
"7874",-96.3428497314453,42.175422668457,821,26039,"iowa","monona",2015,135
"7875",-96.3428497314453,42.175422668457,821,26039,"iowa","monona",2016,164
"7876",-96.3428497314453,42.175422668457,821,26039,"iowa","monona",2017,153
"7877",-96.3428497314453,42.175422668457,821,26039,"iowa","monona",2018,163
"7878",-96.3428497314453,42.175422668457,821,26039,"iowa","monona",2019,172
"7879",-96.3428497314453,42.175422668457,821,26039,"iowa","monona",2020,150
"7880",-96.3428497314453,42.175422668457,821,26039,"iowa","monona",2021,180
"7881",-96.3428497314453,42.175422668457,821,26039,"iowa","monona",2022,153
"7882",-96.3428497314453,42.175422668457,821,26039,"iowa","monona",2023,192
"7883",-96.3428497314453,42.175422668457,821,26039,"iowa","monona",2024,169
"7884",-96.3428497314453,42.175422668457,821,26039,"iowa","monona",2025,6
"7885",-96.319938659668,42.1983413696289,821,26040,"iowa","monona",2014,126
"7886",-96.319938659668,42.1983413696289,821,26040,"iowa","monona",2015,135
"7887",-96.319938659668,42.1983413696289,821,26040,"iowa","monona",2016,164
"7888",-96.319938659668,42.1983413696289,821,26040,"iowa","monona",2017,153
"7889",-96.319938659668,42.1983413696289,821,26040,"iowa","monona",2018,163
"7890",-96.319938659668,42.1983413696289,821,26040,"iowa","monona",2019,172
"7891",-96.319938659668,42.1983413696289,821,26040,"iowa","monona",2020,150
"7892",-96.319938659668,42.1983413696289,821,26040,"iowa","monona",2021,180
"7893",-96.319938659668,42.1983413696289,821,26040,"iowa","monona",2022,153
"7894",-96.319938659668,42.1983413696289,821,26040,"iowa","monona",2023,192
"7895",-96.319938659668,42.1983413696289,821,26040,"iowa","monona",2024,169
"7896",-96.319938659668,42.1983413696289,821,26040,"iowa","monona",2025,6
"7897",-96.319938659668,42.2098007202148,821,26041,"iowa","monona",2014,126
"7898",-96.319938659668,42.2098007202148,821,26041,"iowa","monona",2015,135
"7899",-96.319938659668,42.2098007202148,821,26041,"iowa","monona",2016,164
"7900",-96.319938659668,42.2098007202148,821,26041,"iowa","monona",2017,153
"7901",-96.319938659668,42.2098007202148,821,26041,"iowa","monona",2018,163
"7902",-96.319938659668,42.2098007202148,821,26041,"iowa","monona",2019,172
"7903",-96.319938659668,42.2098007202148,821,26041,"iowa","monona",2020,150
"7904",-96.319938659668,42.2098007202148,821,26041,"iowa","monona",2021,180
"7905",-96.319938659668,42.2098007202148,821,26041,"iowa","monona",2022,153
"7906",-96.319938659668,42.2098007202148,821,26041,"iowa","monona",2023,192
"7907",-96.319938659668,42.2098007202148,821,26041,"iowa","monona",2024,169
"7908",-96.319938659668,42.2098007202148,821,26041,"iowa","monona",2025,6
"7909",-95.672492980957,42.2040710449219,821,26042,"iowa","monona",2014,126
"7910",-95.672492980957,42.2040710449219,821,26042,"iowa","monona",2015,135
"7911",-95.672492980957,42.2040710449219,821,26042,"iowa","monona",2016,164
"7912",-95.672492980957,42.2040710449219,821,26042,"iowa","monona",2017,153
"7913",-95.672492980957,42.2040710449219,821,26042,"iowa","monona",2018,163
"7914",-95.672492980957,42.2040710449219,821,26042,"iowa","monona",2019,172
"7915",-95.672492980957,42.2040710449219,821,26042,"iowa","monona",2020,150
"7916",-95.672492980957,42.2040710449219,821,26042,"iowa","monona",2021,180
"7917",-95.672492980957,42.2040710449219,821,26042,"iowa","monona",2022,153
"7918",-95.672492980957,42.2040710449219,821,26042,"iowa","monona",2023,192
"7919",-95.672492980957,42.2040710449219,821,26042,"iowa","monona",2024,169
"7920",-95.672492980957,42.2040710449219,821,26042,"iowa","monona",2025,6
"7921",-95.6782150268555,41.8602981567383,821,26043,"iowa","monona",2014,126
"7922",-95.6782150268555,41.8602981567383,821,26043,"iowa","monona",2015,135
"7923",-95.6782150268555,41.8602981567383,821,26043,"iowa","monona",2016,164
"7924",-95.6782150268555,41.8602981567383,821,26043,"iowa","monona",2017,153
"7925",-95.6782150268555,41.8602981567383,821,26043,"iowa","monona",2018,163
"7926",-95.6782150268555,41.8602981567383,821,26043,"iowa","monona",2019,172
"7927",-95.6782150268555,41.8602981567383,821,26043,"iowa","monona",2020,150
"7928",-95.6782150268555,41.8602981567383,821,26043,"iowa","monona",2021,180
"7929",-95.6782150268555,41.8602981567383,821,26043,"iowa","monona",2022,153
"7930",-95.6782150268555,41.8602981567383,821,26043,"iowa","monona",2023,192
"7931",-95.6782150268555,41.8602981567383,821,26043,"iowa","monona",2024,169
"7932",-95.6782150268555,41.8602981567383,821,26043,"iowa","monona",2025,6
"7933",-96.130859375,41.8602981567383,821,26044,"iowa","monona",2014,126
"7934",-96.130859375,41.8602981567383,821,26044,"iowa","monona",2015,135
"7935",-96.130859375,41.8602981567383,821,26044,"iowa","monona",2016,164
"7936",-96.130859375,41.8602981567383,821,26044,"iowa","monona",2017,153
"7937",-96.130859375,41.8602981567383,821,26044,"iowa","monona",2018,163
"7938",-96.130859375,41.8602981567383,821,26044,"iowa","monona",2019,172
"7939",-96.130859375,41.8602981567383,821,26044,"iowa","monona",2020,150
"7940",-96.130859375,41.8602981567383,821,26044,"iowa","monona",2021,180
"7941",-96.130859375,41.8602981567383,821,26044,"iowa","monona",2022,153
"7942",-96.130859375,41.8602981567383,821,26044,"iowa","monona",2023,192
"7943",-96.130859375,41.8602981567383,821,26044,"iowa","monona",2024,169
"7944",-96.130859375,41.8602981567383,821,26044,"iowa","monona",2025,6
"7945",-93.1056442260742,41.1670188903809,822,26046,"iowa","monroe",2014,117
"7946",-93.1056442260742,41.1670188903809,822,26046,"iowa","monroe",2015,128
"7947",-93.1056442260742,41.1670188903809,822,26046,"iowa","monroe",2016,119
"7948",-93.1056442260742,41.1670188903809,822,26046,"iowa","monroe",2017,115
"7949",-93.1056442260742,41.1670188903809,822,26046,"iowa","monroe",2018,135
"7950",-93.1056442260742,41.1670188903809,822,26046,"iowa","monroe",2019,166
"7951",-93.1056442260742,41.1670188903809,822,26046,"iowa","monroe",2020,121
"7952",-93.1056442260742,41.1670188903809,822,26046,"iowa","monroe",2021,111
"7953",-93.1056442260742,41.1670188903809,822,26046,"iowa","monroe",2022,114
"7954",-93.1056442260742,41.1670188903809,822,26046,"iowa","monroe",2023,112
"7955",-93.1056442260742,41.1670188903809,822,26046,"iowa","monroe",2024,111
"7956",-93.1056442260742,41.1670188903809,822,26046,"iowa","monroe",2025,3
"7957",-92.8592681884766,41.1670188903809,822,26047,"iowa","monroe",2014,117
"7958",-92.8592681884766,41.1670188903809,822,26047,"iowa","monroe",2015,128
"7959",-92.8592681884766,41.1670188903809,822,26047,"iowa","monroe",2016,119
"7960",-92.8592681884766,41.1670188903809,822,26047,"iowa","monroe",2017,115
"7961",-92.8592681884766,41.1670188903809,822,26047,"iowa","monroe",2018,135
"7962",-92.8592681884766,41.1670188903809,822,26047,"iowa","monroe",2019,166
"7963",-92.8592681884766,41.1670188903809,822,26047,"iowa","monroe",2020,121
"7964",-92.8592681884766,41.1670188903809,822,26047,"iowa","monroe",2021,111
"7965",-92.8592681884766,41.1670188903809,822,26047,"iowa","monroe",2022,114
"7966",-92.8592681884766,41.1670188903809,822,26047,"iowa","monroe",2023,112
"7967",-92.8592681884766,41.1670188903809,822,26047,"iowa","monroe",2024,111
"7968",-92.8592681884766,41.1670188903809,822,26047,"iowa","monroe",2025,3
"7969",-92.6358108520508,41.1670188903809,822,26048,"iowa","monroe",2014,117
"7970",-92.6358108520508,41.1670188903809,822,26048,"iowa","monroe",2015,128
"7971",-92.6358108520508,41.1670188903809,822,26048,"iowa","monroe",2016,119
"7972",-92.6358108520508,41.1670188903809,822,26048,"iowa","monroe",2017,115
"7973",-92.6358108520508,41.1670188903809,822,26048,"iowa","monroe",2018,135
"7974",-92.6358108520508,41.1670188903809,822,26048,"iowa","monroe",2019,166
"7975",-92.6358108520508,41.1670188903809,822,26048,"iowa","monroe",2020,121
"7976",-92.6358108520508,41.1670188903809,822,26048,"iowa","monroe",2021,111
"7977",-92.6358108520508,41.1670188903809,822,26048,"iowa","monroe",2022,114
"7978",-92.6358108520508,41.1670188903809,822,26048,"iowa","monroe",2023,112
"7979",-92.6358108520508,41.1670188903809,822,26048,"iowa","monroe",2024,111
"7980",-92.6358108520508,41.1670188903809,822,26048,"iowa","monroe",2025,3
"7981",-92.6300888061523,40.9034576416016,822,26049,"iowa","monroe",2014,117
"7982",-92.6300888061523,40.9034576416016,822,26049,"iowa","monroe",2015,128
"7983",-92.6300888061523,40.9034576416016,822,26049,"iowa","monroe",2016,119
"7984",-92.6300888061523,40.9034576416016,822,26049,"iowa","monroe",2017,115
"7985",-92.6300888061523,40.9034576416016,822,26049,"iowa","monroe",2018,135
"7986",-92.6300888061523,40.9034576416016,822,26049,"iowa","monroe",2019,166
"7987",-92.6300888061523,40.9034576416016,822,26049,"iowa","monroe",2020,121
"7988",-92.6300888061523,40.9034576416016,822,26049,"iowa","monroe",2021,111
"7989",-92.6300888061523,40.9034576416016,822,26049,"iowa","monroe",2022,114
"7990",-92.6300888061523,40.9034576416016,822,26049,"iowa","monroe",2023,112
"7991",-92.6300888061523,40.9034576416016,822,26049,"iowa","monroe",2024,111
"7992",-92.6300888061523,40.9034576416016,822,26049,"iowa","monroe",2025,3
"7993",-93.1056442260742,40.9034576416016,822,26050,"iowa","monroe",2014,117
"7994",-93.1056442260742,40.9034576416016,822,26050,"iowa","monroe",2015,128
"7995",-93.1056442260742,40.9034576416016,822,26050,"iowa","monroe",2016,119
"7996",-93.1056442260742,40.9034576416016,822,26050,"iowa","monroe",2017,115
"7997",-93.1056442260742,40.9034576416016,822,26050,"iowa","monroe",2018,135
"7998",-93.1056442260742,40.9034576416016,822,26050,"iowa","monroe",2019,166
"7999",-93.1056442260742,40.9034576416016,822,26050,"iowa","monroe",2020,121
"8000",-93.1056442260742,40.9034576416016,822,26050,"iowa","monroe",2021,111
"8001",-93.1056442260742,40.9034576416016,822,26050,"iowa","monroe",2022,114
"8002",-93.1056442260742,40.9034576416016,822,26050,"iowa","monroe",2023,112
"8003",-93.1056442260742,40.9034576416016,822,26050,"iowa","monroe",2024,111
"8004",-93.1056442260742,40.9034576416016,822,26050,"iowa","monroe",2025,3
"8005",-93.1056442260742,41.1670188903809,822,26051,"iowa","monroe",2014,117
"8006",-93.1056442260742,41.1670188903809,822,26051,"iowa","monroe",2015,128
"8007",-93.1056442260742,41.1670188903809,822,26051,"iowa","monroe",2016,119
"8008",-93.1056442260742,41.1670188903809,822,26051,"iowa","monroe",2017,115
"8009",-93.1056442260742,41.1670188903809,822,26051,"iowa","monroe",2018,135
"8010",-93.1056442260742,41.1670188903809,822,26051,"iowa","monroe",2019,166
"8011",-93.1056442260742,41.1670188903809,822,26051,"iowa","monroe",2020,121
"8012",-93.1056442260742,41.1670188903809,822,26051,"iowa","monroe",2021,111
"8013",-93.1056442260742,41.1670188903809,822,26051,"iowa","monroe",2022,114
"8014",-93.1056442260742,41.1670188903809,822,26051,"iowa","monroe",2023,112
"8015",-93.1056442260742,41.1670188903809,822,26051,"iowa","monroe",2024,111
"8016",-93.1056442260742,41.1670188903809,822,26051,"iowa","monroe",2025,3
"8017",-95.3802871704102,41.1612892150879,823,26053,"iowa","montgomery",2014,106
"8018",-95.3802871704102,41.1612892150879,823,26053,"iowa","montgomery",2015,126
"8019",-95.3802871704102,41.1612892150879,823,26053,"iowa","montgomery",2016,140
"8020",-95.3802871704102,41.1612892150879,823,26053,"iowa","montgomery",2017,142
"8021",-95.3802871704102,41.1612892150879,823,26053,"iowa","montgomery",2018,167
"8022",-95.3802871704102,41.1612892150879,823,26053,"iowa","montgomery",2019,145
"8023",-95.3802871704102,41.1612892150879,823,26053,"iowa","montgomery",2020,112
"8024",-95.3802871704102,41.1612892150879,823,26053,"iowa","montgomery",2021,116
"8025",-95.3802871704102,41.1612892150879,823,26053,"iowa","montgomery",2022,121
"8026",-95.3802871704102,41.1612892150879,823,26053,"iowa","montgomery",2023,112
"8027",-95.3802871704102,41.1612892150879,823,26053,"iowa","montgomery",2024,117
"8028",-95.3802871704102,41.1612892150879,823,26053,"iowa","montgomery",2025,1
"8029",-95.1625595092773,41.1555557250977,823,26054,"iowa","montgomery",2014,106
"8030",-95.1625595092773,41.1555557250977,823,26054,"iowa","montgomery",2015,126
"8031",-95.1625595092773,41.1555557250977,823,26054,"iowa","montgomery",2016,140
"8032",-95.1625595092773,41.1555557250977,823,26054,"iowa","montgomery",2017,142
"8033",-95.1625595092773,41.1555557250977,823,26054,"iowa","montgomery",2018,167
"8034",-95.1625595092773,41.1555557250977,823,26054,"iowa","montgomery",2019,145
"8035",-95.1625595092773,41.1555557250977,823,26054,"iowa","montgomery",2020,112
"8036",-95.1625595092773,41.1555557250977,823,26054,"iowa","montgomery",2021,116
"8037",-95.1625595092773,41.1555557250977,823,26054,"iowa","montgomery",2022,121
"8038",-95.1625595092773,41.1555557250977,823,26054,"iowa","montgomery",2023,112
"8039",-95.1625595092773,41.1555557250977,823,26054,"iowa","montgomery",2024,117
"8040",-95.1625595092773,41.1555557250977,823,26054,"iowa","montgomery",2025,1
"8041",-94.9333801269531,41.1555557250977,823,26055,"iowa","montgomery",2014,106
"8042",-94.9333801269531,41.1555557250977,823,26055,"iowa","montgomery",2015,126
"8043",-94.9333801269531,41.1555557250977,823,26055,"iowa","montgomery",2016,140
"8044",-94.9333801269531,41.1555557250977,823,26055,"iowa","montgomery",2017,142
"8045",-94.9333801269531,41.1555557250977,823,26055,"iowa","montgomery",2018,167
"8046",-94.9333801269531,41.1555557250977,823,26055,"iowa","montgomery",2019,145
"8047",-94.9333801269531,41.1555557250977,823,26055,"iowa","montgomery",2020,112
"8048",-94.9333801269531,41.1555557250977,823,26055,"iowa","montgomery",2021,116
"8049",-94.9333801269531,41.1555557250977,823,26055,"iowa","montgomery",2022,121
"8050",-94.9333801269531,41.1555557250977,823,26055,"iowa","montgomery",2023,112
"8051",-94.9333801269531,41.1555557250977,823,26055,"iowa","montgomery",2024,117
"8052",-94.9333801269531,41.1555557250977,823,26055,"iowa","montgomery",2025,1
"8053",-94.9333801269531,40.9034576416016,823,26056,"iowa","montgomery",2014,106
"8054",-94.9333801269531,40.9034576416016,823,26056,"iowa","montgomery",2015,126
"8055",-94.9333801269531,40.9034576416016,823,26056,"iowa","montgomery",2016,140
"8056",-94.9333801269531,40.9034576416016,823,26056,"iowa","montgomery",2017,142
"8057",-94.9333801269531,40.9034576416016,823,26056,"iowa","montgomery",2018,167
"8058",-94.9333801269531,40.9034576416016,823,26056,"iowa","montgomery",2019,145
"8059",-94.9333801269531,40.9034576416016,823,26056,"iowa","montgomery",2020,112
"8060",-94.9333801269531,40.9034576416016,823,26056,"iowa","montgomery",2021,116
"8061",-94.9333801269531,40.9034576416016,823,26056,"iowa","montgomery",2022,121
"8062",-94.9333801269531,40.9034576416016,823,26056,"iowa","montgomery",2023,112
"8063",-94.9333801269531,40.9034576416016,823,26056,"iowa","montgomery",2024,117
"8064",-94.9333801269531,40.9034576416016,823,26056,"iowa","montgomery",2025,1
"8065",-95.3802871704102,40.8977279663086,823,26057,"iowa","montgomery",2014,106
"8066",-95.3802871704102,40.8977279663086,823,26057,"iowa","montgomery",2015,126
"8067",-95.3802871704102,40.8977279663086,823,26057,"iowa","montgomery",2016,140
"8068",-95.3802871704102,40.8977279663086,823,26057,"iowa","montgomery",2017,142
"8069",-95.3802871704102,40.8977279663086,823,26057,"iowa","montgomery",2018,167
"8070",-95.3802871704102,40.8977279663086,823,26057,"iowa","montgomery",2019,145
"8071",-95.3802871704102,40.8977279663086,823,26057,"iowa","montgomery",2020,112
"8072",-95.3802871704102,40.8977279663086,823,26057,"iowa","montgomery",2021,116
"8073",-95.3802871704102,40.8977279663086,823,26057,"iowa","montgomery",2022,121
"8074",-95.3802871704102,40.8977279663086,823,26057,"iowa","montgomery",2023,112
"8075",-95.3802871704102,40.8977279663086,823,26057,"iowa","montgomery",2024,117
"8076",-95.3802871704102,40.8977279663086,823,26057,"iowa","montgomery",2025,1
"8077",-95.3802871704102,41.1612892150879,823,26058,"iowa","montgomery",2014,106
"8078",-95.3802871704102,41.1612892150879,823,26058,"iowa","montgomery",2015,126
"8079",-95.3802871704102,41.1612892150879,823,26058,"iowa","montgomery",2016,140
"8080",-95.3802871704102,41.1612892150879,823,26058,"iowa","montgomery",2017,142
"8081",-95.3802871704102,41.1612892150879,823,26058,"iowa","montgomery",2018,167
"8082",-95.3802871704102,41.1612892150879,823,26058,"iowa","montgomery",2019,145
"8083",-95.3802871704102,41.1612892150879,823,26058,"iowa","montgomery",2020,112
"8084",-95.3802871704102,41.1612892150879,823,26058,"iowa","montgomery",2021,116
"8085",-95.3802871704102,41.1612892150879,823,26058,"iowa","montgomery",2022,121
"8086",-95.3802871704102,41.1612892150879,823,26058,"iowa","montgomery",2023,112
"8087",-95.3802871704102,41.1612892150879,823,26058,"iowa","montgomery",2024,117
"8088",-95.3802871704102,41.1612892150879,823,26058,"iowa","montgomery",2025,1
"8089",-90.882568359375,41.602466583252,824,26060,"iowa","muscatine",2014,461
"8090",-90.882568359375,41.602466583252,824,26060,"iowa","muscatine",2015,526
"8091",-90.882568359375,41.602466583252,824,26060,"iowa","muscatine",2016,510
"8092",-90.882568359375,41.602466583252,824,26060,"iowa","muscatine",2017,586
"8093",-90.882568359375,41.602466583252,824,26060,"iowa","muscatine",2018,548
"8094",-90.882568359375,41.602466583252,824,26060,"iowa","muscatine",2019,557
"8095",-90.882568359375,41.602466583252,824,26060,"iowa","muscatine",2020,496
"8096",-90.882568359375,41.602466583252,824,26060,"iowa","muscatine",2021,548
"8097",-90.882568359375,41.602466583252,824,26060,"iowa","muscatine",2022,575
"8098",-90.882568359375,41.602466583252,824,26060,"iowa","muscatine",2023,567
"8099",-90.882568359375,41.602466583252,824,26060,"iowa","muscatine",2024,532
"8100",-90.882568359375,41.602466583252,824,26060,"iowa","muscatine",2025,35
"8101",-90.7622451782227,41.602466583252,824,26061,"iowa","muscatine",2014,461
"8102",-90.7622451782227,41.602466583252,824,26061,"iowa","muscatine",2015,526
"8103",-90.7622451782227,41.602466583252,824,26061,"iowa","muscatine",2016,510
"8104",-90.7622451782227,41.602466583252,824,26061,"iowa","muscatine",2017,586
"8105",-90.7622451782227,41.602466583252,824,26061,"iowa","muscatine",2018,548
"8106",-90.7622451782227,41.602466583252,824,26061,"iowa","muscatine",2019,557
"8107",-90.7622451782227,41.602466583252,824,26061,"iowa","muscatine",2020,496
"8108",-90.7622451782227,41.602466583252,824,26061,"iowa","muscatine",2021,548
"8109",-90.7622451782227,41.602466583252,824,26061,"iowa","muscatine",2022,575
"8110",-90.7622451782227,41.602466583252,824,26061,"iowa","muscatine",2023,567
"8111",-90.7622451782227,41.602466583252,824,26061,"iowa","muscatine",2024,532
"8112",-90.7622451782227,41.602466583252,824,26061,"iowa","muscatine",2025,35
"8113",-90.7737045288086,41.4592247009277,824,26062,"iowa","muscatine",2014,461
"8114",-90.7737045288086,41.4592247009277,824,26062,"iowa","muscatine",2015,526
"8115",-90.7737045288086,41.4592247009277,824,26062,"iowa","muscatine",2016,510
"8116",-90.7737045288086,41.4592247009277,824,26062,"iowa","muscatine",2017,586
"8117",-90.7737045288086,41.4592247009277,824,26062,"iowa","muscatine",2018,548
"8118",-90.7737045288086,41.4592247009277,824,26062,"iowa","muscatine",2019,557
"8119",-90.7737045288086,41.4592247009277,824,26062,"iowa","muscatine",2020,496
"8120",-90.7737045288086,41.4592247009277,824,26062,"iowa","muscatine",2021,548
"8121",-90.7737045288086,41.4592247009277,824,26062,"iowa","muscatine",2022,575
"8122",-90.7737045288086,41.4592247009277,824,26062,"iowa","muscatine",2023,567
"8123",-90.7737045288086,41.4592247009277,824,26062,"iowa","muscatine",2024,532
"8124",-90.7737045288086,41.4592247009277,824,26062,"iowa","muscatine",2025,35
"8125",-90.8367309570312,41.453498840332,824,26063,"iowa","muscatine",2014,461
"8126",-90.8367309570312,41.453498840332,824,26063,"iowa","muscatine",2015,526
"8127",-90.8367309570312,41.453498840332,824,26063,"iowa","muscatine",2016,510
"8128",-90.8367309570312,41.453498840332,824,26063,"iowa","muscatine",2017,586
"8129",-90.8367309570312,41.453498840332,824,26063,"iowa","muscatine",2018,548
"8130",-90.8367309570312,41.453498840332,824,26063,"iowa","muscatine",2019,557
"8131",-90.8367309570312,41.453498840332,824,26063,"iowa","muscatine",2020,496
"8132",-90.8367309570312,41.453498840332,824,26063,"iowa","muscatine",2021,548
"8133",-90.8367309570312,41.453498840332,824,26063,"iowa","muscatine",2022,575
"8134",-90.8367309570312,41.453498840332,824,26063,"iowa","muscatine",2023,567
"8135",-90.8367309570312,41.453498840332,824,26063,"iowa","muscatine",2024,532
"8136",-90.8367309570312,41.453498840332,824,26063,"iowa","muscatine",2025,35
"8137",-90.8768310546875,41.4477653503418,824,26064,"iowa","muscatine",2014,461
"8138",-90.8768310546875,41.4477653503418,824,26064,"iowa","muscatine",2015,526
"8139",-90.8768310546875,41.4477653503418,824,26064,"iowa","muscatine",2016,510
"8140",-90.8768310546875,41.4477653503418,824,26064,"iowa","muscatine",2017,586
"8141",-90.8768310546875,41.4477653503418,824,26064,"iowa","muscatine",2018,548
"8142",-90.8768310546875,41.4477653503418,824,26064,"iowa","muscatine",2019,557
"8143",-90.8768310546875,41.4477653503418,824,26064,"iowa","muscatine",2020,496
"8144",-90.8768310546875,41.4477653503418,824,26064,"iowa","muscatine",2021,548
"8145",-90.8768310546875,41.4477653503418,824,26064,"iowa","muscatine",2022,575
"8146",-90.8768310546875,41.4477653503418,824,26064,"iowa","muscatine",2023,567
"8147",-90.8768310546875,41.4477653503418,824,26064,"iowa","muscatine",2024,532
"8148",-90.8768310546875,41.4477653503418,824,26064,"iowa","muscatine",2025,35
"8149",-90.9284057617188,41.4305801391602,824,26065,"iowa","muscatine",2014,461
"8150",-90.9284057617188,41.4305801391602,824,26065,"iowa","muscatine",2015,526
"8151",-90.9284057617188,41.4305801391602,824,26065,"iowa","muscatine",2016,510
"8152",-90.9284057617188,41.4305801391602,824,26065,"iowa","muscatine",2017,586
"8153",-90.9284057617188,41.4305801391602,824,26065,"iowa","muscatine",2018,548
"8154",-90.9284057617188,41.4305801391602,824,26065,"iowa","muscatine",2019,557
"8155",-90.9284057617188,41.4305801391602,824,26065,"iowa","muscatine",2020,496
"8156",-90.9284057617188,41.4305801391602,824,26065,"iowa","muscatine",2021,548
"8157",-90.9284057617188,41.4305801391602,824,26065,"iowa","muscatine",2022,575
"8158",-90.9284057617188,41.4305801391602,824,26065,"iowa","muscatine",2023,567
"8159",-90.9284057617188,41.4305801391602,824,26065,"iowa","muscatine",2024,532
"8160",-90.9284057617188,41.4305801391602,824,26065,"iowa","muscatine",2025,35
"8161",-90.9857025146484,41.4305801391602,824,26066,"iowa","muscatine",2014,461
"8162",-90.9857025146484,41.4305801391602,824,26066,"iowa","muscatine",2015,526
"8163",-90.9857025146484,41.4305801391602,824,26066,"iowa","muscatine",2016,510
"8164",-90.9857025146484,41.4305801391602,824,26066,"iowa","muscatine",2017,586
"8165",-90.9857025146484,41.4305801391602,824,26066,"iowa","muscatine",2018,548
"8166",-90.9857025146484,41.4305801391602,824,26066,"iowa","muscatine",2019,557
"8167",-90.9857025146484,41.4305801391602,824,26066,"iowa","muscatine",2020,496
"8168",-90.9857025146484,41.4305801391602,824,26066,"iowa","muscatine",2021,548
"8169",-90.9857025146484,41.4305801391602,824,26066,"iowa","muscatine",2022,575
"8170",-90.9857025146484,41.4305801391602,824,26066,"iowa","muscatine",2023,567
"8171",-90.9857025146484,41.4305801391602,824,26066,"iowa","muscatine",2024,532
"8172",-90.9857025146484,41.4305801391602,824,26066,"iowa","muscatine",2025,35
"8173",-91.0143432617188,41.4305801391602,824,26067,"iowa","muscatine",2014,461
"8174",-91.0143432617188,41.4305801391602,824,26067,"iowa","muscatine",2015,526
"8175",-91.0143432617188,41.4305801391602,824,26067,"iowa","muscatine",2016,510
"8176",-91.0143432617188,41.4305801391602,824,26067,"iowa","muscatine",2017,586
"8177",-91.0143432617188,41.4305801391602,824,26067,"iowa","muscatine",2018,548
"8178",-91.0143432617188,41.4305801391602,824,26067,"iowa","muscatine",2019,557
"8179",-91.0143432617188,41.4305801391602,824,26067,"iowa","muscatine",2020,496
"8180",-91.0143432617188,41.4305801391602,824,26067,"iowa","muscatine",2021,548
"8181",-91.0143432617188,41.4305801391602,824,26067,"iowa","muscatine",2022,575
"8182",-91.0143432617188,41.4305801391602,824,26067,"iowa","muscatine",2023,567
"8183",-91.0143432617188,41.4305801391602,824,26067,"iowa","muscatine",2024,532
"8184",-91.0143432617188,41.4305801391602,824,26067,"iowa","muscatine",2025,35
"8185",-91.0372619628906,41.4076614379883,824,26068,"iowa","muscatine",2014,461
"8186",-91.0372619628906,41.4076614379883,824,26068,"iowa","muscatine",2015,526
"8187",-91.0372619628906,41.4076614379883,824,26068,"iowa","muscatine",2016,510
"8188",-91.0372619628906,41.4076614379883,824,26068,"iowa","muscatine",2017,586
"8189",-91.0372619628906,41.4076614379883,824,26068,"iowa","muscatine",2018,548
"8190",-91.0372619628906,41.4076614379883,824,26068,"iowa","muscatine",2019,557
"8191",-91.0372619628906,41.4076614379883,824,26068,"iowa","muscatine",2020,496
"8192",-91.0372619628906,41.4076614379883,824,26068,"iowa","muscatine",2021,548
"8193",-91.0372619628906,41.4076614379883,824,26068,"iowa","muscatine",2022,575
"8194",-91.0372619628906,41.4076614379883,824,26068,"iowa","muscatine",2023,567
"8195",-91.0372619628906,41.4076614379883,824,26068,"iowa","muscatine",2024,532
"8196",-91.0372619628906,41.4076614379883,824,26068,"iowa","muscatine",2025,35
"8197",-91.06591796875,41.3446350097656,824,26069,"iowa","muscatine",2014,461
"8198",-91.06591796875,41.3446350097656,824,26069,"iowa","muscatine",2015,526
"8199",-91.06591796875,41.3446350097656,824,26069,"iowa","muscatine",2016,510
"8200",-91.06591796875,41.3446350097656,824,26069,"iowa","muscatine",2017,586
"8201",-91.06591796875,41.3446350097656,824,26069,"iowa","muscatine",2018,548
"8202",-91.06591796875,41.3446350097656,824,26069,"iowa","muscatine",2019,557
"8203",-91.06591796875,41.3446350097656,824,26069,"iowa","muscatine",2020,496
"8204",-91.06591796875,41.3446350097656,824,26069,"iowa","muscatine",2021,548
"8205",-91.06591796875,41.3446350097656,824,26069,"iowa","muscatine",2022,575
"8206",-91.06591796875,41.3446350097656,824,26069,"iowa","muscatine",2023,567
"8207",-91.06591796875,41.3446350097656,824,26069,"iowa","muscatine",2024,532
"8208",-91.06591796875,41.3446350097656,824,26069,"iowa","muscatine",2025,35
"8209",-91.3523941040039,41.3503646850586,824,26070,"iowa","muscatine",2014,461
"8210",-91.3523941040039,41.3503646850586,824,26070,"iowa","muscatine",2015,526
"8211",-91.3523941040039,41.3503646850586,824,26070,"iowa","muscatine",2016,510
"8212",-91.3523941040039,41.3503646850586,824,26070,"iowa","muscatine",2017,586
"8213",-91.3523941040039,41.3503646850586,824,26070,"iowa","muscatine",2018,548
"8214",-91.3523941040039,41.3503646850586,824,26070,"iowa","muscatine",2019,557
"8215",-91.3523941040039,41.3503646850586,824,26070,"iowa","muscatine",2020,496
"8216",-91.3523941040039,41.3503646850586,824,26070,"iowa","muscatine",2021,548
"8217",-91.3523941040039,41.3503646850586,824,26070,"iowa","muscatine",2022,575
"8218",-91.3523941040039,41.3503646850586,824,26070,"iowa","muscatine",2023,567
"8219",-91.3523941040039,41.3503646850586,824,26070,"iowa","muscatine",2024,532
"8220",-91.3523941040039,41.3503646850586,824,26070,"iowa","muscatine",2025,35
"8221",-91.3523941040039,41.4248466491699,824,26071,"iowa","muscatine",2014,461
"8222",-91.3523941040039,41.4248466491699,824,26071,"iowa","muscatine",2015,526
"8223",-91.3523941040039,41.4248466491699,824,26071,"iowa","muscatine",2016,510
"8224",-91.3523941040039,41.4248466491699,824,26071,"iowa","muscatine",2017,586
"8225",-91.3523941040039,41.4248466491699,824,26071,"iowa","muscatine",2018,548
"8226",-91.3523941040039,41.4248466491699,824,26071,"iowa","muscatine",2019,557
"8227",-91.3523941040039,41.4248466491699,824,26071,"iowa","muscatine",2020,496
"8228",-91.3523941040039,41.4248466491699,824,26071,"iowa","muscatine",2021,548
"8229",-91.3523941040039,41.4248466491699,824,26071,"iowa","muscatine",2022,575
"8230",-91.3523941040039,41.4248466491699,824,26071,"iowa","muscatine",2023,567
"8231",-91.3523941040039,41.4248466491699,824,26071,"iowa","muscatine",2024,532
"8232",-91.3523941040039,41.4248466491699,824,26071,"iowa","muscatine",2025,35
"8233",-91.3466644287109,41.6081924438477,824,26072,"iowa","muscatine",2014,461
"8234",-91.3466644287109,41.6081924438477,824,26072,"iowa","muscatine",2015,526
"8235",-91.3466644287109,41.6081924438477,824,26072,"iowa","muscatine",2016,510
"8236",-91.3466644287109,41.6081924438477,824,26072,"iowa","muscatine",2017,586
"8237",-91.3466644287109,41.6081924438477,824,26072,"iowa","muscatine",2018,548
"8238",-91.3466644287109,41.6081924438477,824,26072,"iowa","muscatine",2019,557
"8239",-91.3466644287109,41.6081924438477,824,26072,"iowa","muscatine",2020,496
"8240",-91.3466644287109,41.6081924438477,824,26072,"iowa","muscatine",2021,548
"8241",-91.3466644287109,41.6081924438477,824,26072,"iowa","muscatine",2022,575
"8242",-91.3466644287109,41.6081924438477,824,26072,"iowa","muscatine",2023,567
"8243",-91.3466644287109,41.6081924438477,824,26072,"iowa","muscatine",2024,532
"8244",-91.3466644287109,41.6081924438477,824,26072,"iowa","muscatine",2025,35
"8245",-90.882568359375,41.602466583252,824,26073,"iowa","muscatine",2014,461
"8246",-90.882568359375,41.602466583252,824,26073,"iowa","muscatine",2015,526
"8247",-90.882568359375,41.602466583252,824,26073,"iowa","muscatine",2016,510
"8248",-90.882568359375,41.602466583252,824,26073,"iowa","muscatine",2017,586
"8249",-90.882568359375,41.602466583252,824,26073,"iowa","muscatine",2018,548
"8250",-90.882568359375,41.602466583252,824,26073,"iowa","muscatine",2019,557
"8251",-90.882568359375,41.602466583252,824,26073,"iowa","muscatine",2020,496
"8252",-90.882568359375,41.602466583252,824,26073,"iowa","muscatine",2021,548
"8253",-90.882568359375,41.602466583252,824,26073,"iowa","muscatine",2022,575
"8254",-90.882568359375,41.602466583252,824,26073,"iowa","muscatine",2023,567
"8255",-90.882568359375,41.602466583252,824,26073,"iowa","muscatine",2024,532
"8256",-90.882568359375,41.602466583252,824,26073,"iowa","muscatine",2025,35
"8257",-95.8615646362305,43.2640419006348,825,26075,"iowa","obrien",2014,139
"8258",-95.8615646362305,43.2640419006348,825,26075,"iowa","obrien",2015,141
"8259",-95.8615646362305,43.2640419006348,825,26075,"iowa","obrien",2016,176
"8260",-95.8615646362305,43.2640419006348,825,26075,"iowa","obrien",2017,174
"8261",-95.8615646362305,43.2640419006348,825,26075,"iowa","obrien",2018,151
"8262",-95.8615646362305,43.2640419006348,825,26075,"iowa","obrien",2019,177
"8263",-95.8615646362305,43.2640419006348,825,26075,"iowa","obrien",2020,136
"8264",-95.8615646362305,43.2640419006348,825,26075,"iowa","obrien",2021,139
"8265",-95.8615646362305,43.2640419006348,825,26075,"iowa","obrien",2022,142
"8266",-95.8615646362305,43.2640419006348,825,26075,"iowa","obrien",2023,144
"8267",-95.8615646362305,43.2640419006348,825,26075,"iowa","obrien",2024,130
"8268",-95.8615646362305,43.2640419006348,825,26075,"iowa","obrien",2025,2
"8269",-95.3917388916016,43.2640419006348,825,26076,"iowa","obrien",2014,139
"8270",-95.3917388916016,43.2640419006348,825,26076,"iowa","obrien",2015,141
"8271",-95.3917388916016,43.2640419006348,825,26076,"iowa","obrien",2016,176
"8272",-95.3917388916016,43.2640419006348,825,26076,"iowa","obrien",2017,174
"8273",-95.3917388916016,43.2640419006348,825,26076,"iowa","obrien",2018,151
"8274",-95.3917388916016,43.2640419006348,825,26076,"iowa","obrien",2019,177
"8275",-95.3917388916016,43.2640419006348,825,26076,"iowa","obrien",2020,136
"8276",-95.3917388916016,43.2640419006348,825,26076,"iowa","obrien",2021,139
"8277",-95.3917388916016,43.2640419006348,825,26076,"iowa","obrien",2022,142
"8278",-95.3917388916016,43.2640419006348,825,26076,"iowa","obrien",2023,144
"8279",-95.3917388916016,43.2640419006348,825,26076,"iowa","obrien",2024,130
"8280",-95.3917388916016,43.2640419006348,825,26076,"iowa","obrien",2025,2
"8281",-95.3974685668945,42.9145393371582,825,26077,"iowa","obrien",2014,139
"8282",-95.3974685668945,42.9145393371582,825,26077,"iowa","obrien",2015,141
"8283",-95.3974685668945,42.9145393371582,825,26077,"iowa","obrien",2016,176
"8284",-95.3974685668945,42.9145393371582,825,26077,"iowa","obrien",2017,174
"8285",-95.3974685668945,42.9145393371582,825,26077,"iowa","obrien",2018,151
"8286",-95.3974685668945,42.9145393371582,825,26077,"iowa","obrien",2019,177
"8287",-95.3974685668945,42.9145393371582,825,26077,"iowa","obrien",2020,136
"8288",-95.3974685668945,42.9145393371582,825,26077,"iowa","obrien",2021,139
"8289",-95.3974685668945,42.9145393371582,825,26077,"iowa","obrien",2022,142
"8290",-95.3974685668945,42.9145393371582,825,26077,"iowa","obrien",2023,144
"8291",-95.3974685668945,42.9145393371582,825,26077,"iowa","obrien",2024,130
"8292",-95.3974685668945,42.9145393371582,825,26077,"iowa","obrien",2025,2
"8293",-95.8558349609375,42.9088096618652,825,26078,"iowa","obrien",2014,139
"8294",-95.8558349609375,42.9088096618652,825,26078,"iowa","obrien",2015,141
"8295",-95.8558349609375,42.9088096618652,825,26078,"iowa","obrien",2016,176
"8296",-95.8558349609375,42.9088096618652,825,26078,"iowa","obrien",2017,174
"8297",-95.8558349609375,42.9088096618652,825,26078,"iowa","obrien",2018,151
"8298",-95.8558349609375,42.9088096618652,825,26078,"iowa","obrien",2019,177
"8299",-95.8558349609375,42.9088096618652,825,26078,"iowa","obrien",2020,136
"8300",-95.8558349609375,42.9088096618652,825,26078,"iowa","obrien",2021,139
"8301",-95.8558349609375,42.9088096618652,825,26078,"iowa","obrien",2022,142
"8302",-95.8558349609375,42.9088096618652,825,26078,"iowa","obrien",2023,144
"8303",-95.8558349609375,42.9088096618652,825,26078,"iowa","obrien",2024,130
"8304",-95.8558349609375,42.9088096618652,825,26078,"iowa","obrien",2025,2
"8305",-95.8615646362305,43.2640419006348,825,26079,"iowa","obrien",2014,139
"8306",-95.8615646362305,43.2640419006348,825,26079,"iowa","obrien",2015,141
"8307",-95.8615646362305,43.2640419006348,825,26079,"iowa","obrien",2016,176
"8308",-95.8615646362305,43.2640419006348,825,26079,"iowa","obrien",2017,174
"8309",-95.8615646362305,43.2640419006348,825,26079,"iowa","obrien",2018,151
"8310",-95.8615646362305,43.2640419006348,825,26079,"iowa","obrien",2019,177
"8311",-95.8615646362305,43.2640419006348,825,26079,"iowa","obrien",2020,136
"8312",-95.8615646362305,43.2640419006348,825,26079,"iowa","obrien",2021,139
"8313",-95.8615646362305,43.2640419006348,825,26079,"iowa","obrien",2022,142
"8314",-95.8615646362305,43.2640419006348,825,26079,"iowa","obrien",2023,144
"8315",-95.8615646362305,43.2640419006348,825,26079,"iowa","obrien",2024,130
"8316",-95.8615646362305,43.2640419006348,825,26079,"iowa","obrien",2025,2
"8317",-95.3917388916016,43.5046844482422,826,26081,"iowa","osceola",2014,86
"8318",-95.3917388916016,43.5046844482422,826,26081,"iowa","osceola",2015,73
"8319",-95.3917388916016,43.5046844482422,826,26081,"iowa","osceola",2016,110
"8320",-95.3917388916016,43.5046844482422,826,26081,"iowa","osceola",2017,90
"8321",-95.3917388916016,43.5046844482422,826,26081,"iowa","osceola",2018,88
"8322",-95.3917388916016,43.5046844482422,826,26081,"iowa","osceola",2019,99
"8323",-95.3917388916016,43.5046844482422,826,26081,"iowa","osceola",2020,85
"8324",-95.3917388916016,43.5046844482422,826,26081,"iowa","osceola",2021,76
"8325",-95.3917388916016,43.5046844482422,826,26081,"iowa","osceola",2022,61
"8326",-95.3917388916016,43.5046844482422,826,26081,"iowa","osceola",2023,85
"8327",-95.3917388916016,43.5046844482422,826,26081,"iowa","osceola",2024,76
"8328",-95.3917388916016,43.2640419006348,826,26082,"iowa","osceola",2014,86
"8329",-95.3917388916016,43.2640419006348,826,26082,"iowa","osceola",2015,73
"8330",-95.3917388916016,43.2640419006348,826,26082,"iowa","osceola",2016,110
"8331",-95.3917388916016,43.2640419006348,826,26082,"iowa","osceola",2017,90
"8332",-95.3917388916016,43.2640419006348,826,26082,"iowa","osceola",2018,88
"8333",-95.3917388916016,43.2640419006348,826,26082,"iowa","osceola",2019,99
"8334",-95.3917388916016,43.2640419006348,826,26082,"iowa","osceola",2020,85
"8335",-95.3917388916016,43.2640419006348,826,26082,"iowa","osceola",2021,76
"8336",-95.3917388916016,43.2640419006348,826,26082,"iowa","osceola",2022,61
"8337",-95.3917388916016,43.2640419006348,826,26082,"iowa","osceola",2023,85
"8338",-95.3917388916016,43.2640419006348,826,26082,"iowa","osceola",2024,76
"8339",-95.8615646362305,43.2640419006348,826,26083,"iowa","osceola",2014,86
"8340",-95.8615646362305,43.2640419006348,826,26083,"iowa","osceola",2015,73
"8341",-95.8615646362305,43.2640419006348,826,26083,"iowa","osceola",2016,110
"8342",-95.8615646362305,43.2640419006348,826,26083,"iowa","osceola",2017,90
"8343",-95.8615646362305,43.2640419006348,826,26083,"iowa","osceola",2018,88
"8344",-95.8615646362305,43.2640419006348,826,26083,"iowa","osceola",2019,99
"8345",-95.8615646362305,43.2640419006348,826,26083,"iowa","osceola",2020,85
"8346",-95.8615646362305,43.2640419006348,826,26083,"iowa","osceola",2021,76
"8347",-95.8615646362305,43.2640419006348,826,26083,"iowa","osceola",2022,61
"8348",-95.8615646362305,43.2640419006348,826,26083,"iowa","osceola",2023,85
"8349",-95.8615646362305,43.2640419006348,826,26083,"iowa","osceola",2024,76
"8350",-95.8615646362305,43.5046844482422,826,26084,"iowa","osceola",2014,86
"8351",-95.8615646362305,43.5046844482422,826,26084,"iowa","osceola",2015,73
"8352",-95.8615646362305,43.5046844482422,826,26084,"iowa","osceola",2016,110
"8353",-95.8615646362305,43.5046844482422,826,26084,"iowa","osceola",2017,90
"8354",-95.8615646362305,43.5046844482422,826,26084,"iowa","osceola",2018,88
"8355",-95.8615646362305,43.5046844482422,826,26084,"iowa","osceola",2019,99
"8356",-95.8615646362305,43.5046844482422,826,26084,"iowa","osceola",2020,85
"8357",-95.8615646362305,43.5046844482422,826,26084,"iowa","osceola",2021,76
"8358",-95.8615646362305,43.5046844482422,826,26084,"iowa","osceola",2022,61
"8359",-95.8615646362305,43.5046844482422,826,26084,"iowa","osceola",2023,85
"8360",-95.8615646362305,43.5046844482422,826,26084,"iowa","osceola",2024,76
"8361",-95.4662322998047,43.5046844482422,826,26085,"iowa","osceola",2014,86
"8362",-95.4662322998047,43.5046844482422,826,26085,"iowa","osceola",2015,73
"8363",-95.4662322998047,43.5046844482422,826,26085,"iowa","osceola",2016,110
"8364",-95.4662322998047,43.5046844482422,826,26085,"iowa","osceola",2017,90
"8365",-95.4662322998047,43.5046844482422,826,26085,"iowa","osceola",2018,88
"8366",-95.4662322998047,43.5046844482422,826,26085,"iowa","osceola",2019,99
"8367",-95.4662322998047,43.5046844482422,826,26085,"iowa","osceola",2020,85
"8368",-95.4662322998047,43.5046844482422,826,26085,"iowa","osceola",2021,76
"8369",-95.4662322998047,43.5046844482422,826,26085,"iowa","osceola",2022,61
"8370",-95.4662322998047,43.5046844482422,826,26085,"iowa","osceola",2023,85
"8371",-95.4662322998047,43.5046844482422,826,26085,"iowa","osceola",2024,76
"8372",-95.3917388916016,43.5046844482422,826,26086,"iowa","osceola",2014,86
"8373",-95.3917388916016,43.5046844482422,826,26086,"iowa","osceola",2015,73
"8374",-95.3917388916016,43.5046844482422,826,26086,"iowa","osceola",2016,110
"8375",-95.3917388916016,43.5046844482422,826,26086,"iowa","osceola",2017,90
"8376",-95.3917388916016,43.5046844482422,826,26086,"iowa","osceola",2018,88
"8377",-95.3917388916016,43.5046844482422,826,26086,"iowa","osceola",2019,99
"8378",-95.3917388916016,43.5046844482422,826,26086,"iowa","osceola",2020,85
"8379",-95.3917388916016,43.5046844482422,826,26086,"iowa","osceola",2021,76
"8380",-95.3917388916016,43.5046844482422,826,26086,"iowa","osceola",2022,61
"8381",-95.3917388916016,43.5046844482422,826,26086,"iowa","osceola",2023,85
"8382",-95.3917388916016,43.5046844482422,826,26086,"iowa","osceola",2024,76
"8383",-94.9161911010742,40.5997886657715,827,26088,"iowa","page",2014,162
"8384",-94.9161911010742,40.5997886657715,827,26088,"iowa","page",2015,180
"8385",-94.9161911010742,40.5997886657715,827,26088,"iowa","page",2016,142
"8386",-94.9161911010742,40.5997886657715,827,26088,"iowa","page",2017,141
"8387",-94.9161911010742,40.5997886657715,827,26088,"iowa","page",2018,149
"8388",-94.9161911010742,40.5997886657715,827,26088,"iowa","page",2019,142
"8389",-94.9161911010742,40.5997886657715,827,26088,"iowa","page",2020,125
"8390",-94.9161911010742,40.5997886657715,827,26088,"iowa","page",2021,153
"8391",-94.9161911010742,40.5997886657715,827,26088,"iowa","page",2022,128
"8392",-94.9161911010742,40.5997886657715,827,26088,"iowa","page",2023,122
"8393",-94.9161911010742,40.5997886657715,827,26088,"iowa","page",2024,116
"8394",-94.9161911010742,40.5997886657715,827,26088,"iowa","page",2025,3
"8395",-95.2026672363281,40.6055183410645,827,26089,"iowa","page",2014,162
"8396",-95.2026672363281,40.6055183410645,827,26089,"iowa","page",2015,180
"8397",-95.2026672363281,40.6055183410645,827,26089,"iowa","page",2016,142
"8398",-95.2026672363281,40.6055183410645,827,26089,"iowa","page",2017,141
"8399",-95.2026672363281,40.6055183410645,827,26089,"iowa","page",2018,149
"8400",-95.2026672363281,40.6055183410645,827,26089,"iowa","page",2019,142
"8401",-95.2026672363281,40.6055183410645,827,26089,"iowa","page",2020,125
"8402",-95.2026672363281,40.6055183410645,827,26089,"iowa","page",2021,153
"8403",-95.2026672363281,40.6055183410645,827,26089,"iowa","page",2022,128
"8404",-95.2026672363281,40.6055183410645,827,26089,"iowa","page",2023,122
"8405",-95.2026672363281,40.6055183410645,827,26089,"iowa","page",2024,116
"8406",-95.2026672363281,40.6055183410645,827,26089,"iowa","page",2025,3
"8407",-95.3745574951172,40.6055183410645,827,26090,"iowa","page",2014,162
"8408",-95.3745574951172,40.6055183410645,827,26090,"iowa","page",2015,180
"8409",-95.3745574951172,40.6055183410645,827,26090,"iowa","page",2016,142
"8410",-95.3745574951172,40.6055183410645,827,26090,"iowa","page",2017,141
"8411",-95.3745574951172,40.6055183410645,827,26090,"iowa","page",2018,149
"8412",-95.3745574951172,40.6055183410645,827,26090,"iowa","page",2019,142
"8413",-95.3745574951172,40.6055183410645,827,26090,"iowa","page",2020,125
"8414",-95.3745574951172,40.6055183410645,827,26090,"iowa","page",2021,153
"8415",-95.3745574951172,40.6055183410645,827,26090,"iowa","page",2022,128
"8416",-95.3745574951172,40.6055183410645,827,26090,"iowa","page",2023,122
"8417",-95.3745574951172,40.6055183410645,827,26090,"iowa","page",2024,116
"8418",-95.3745574951172,40.6055183410645,827,26090,"iowa","page",2025,3
"8419",-95.3745574951172,40.7487602233887,827,26091,"iowa","page",2014,162
"8420",-95.3745574951172,40.7487602233887,827,26091,"iowa","page",2015,180
"8421",-95.3745574951172,40.7487602233887,827,26091,"iowa","page",2016,142
"8422",-95.3745574951172,40.7487602233887,827,26091,"iowa","page",2017,141
"8423",-95.3745574951172,40.7487602233887,827,26091,"iowa","page",2018,149
"8424",-95.3745574951172,40.7487602233887,827,26091,"iowa","page",2019,142
"8425",-95.3745574951172,40.7487602233887,827,26091,"iowa","page",2020,125
"8426",-95.3745574951172,40.7487602233887,827,26091,"iowa","page",2021,153
"8427",-95.3745574951172,40.7487602233887,827,26091,"iowa","page",2022,128
"8428",-95.3745574951172,40.7487602233887,827,26091,"iowa","page",2023,122
"8429",-95.3745574951172,40.7487602233887,827,26091,"iowa","page",2024,116
"8430",-95.3745574951172,40.7487602233887,827,26091,"iowa","page",2025,3
"8431",-95.3860168457031,40.7487602233887,827,26092,"iowa","page",2014,162
"8432",-95.3860168457031,40.7487602233887,827,26092,"iowa","page",2015,180
"8433",-95.3860168457031,40.7487602233887,827,26092,"iowa","page",2016,142
"8434",-95.3860168457031,40.7487602233887,827,26092,"iowa","page",2017,141
"8435",-95.3860168457031,40.7487602233887,827,26092,"iowa","page",2018,149
"8436",-95.3860168457031,40.7487602233887,827,26092,"iowa","page",2019,142
"8437",-95.3860168457031,40.7487602233887,827,26092,"iowa","page",2020,125
"8438",-95.3860168457031,40.7487602233887,827,26092,"iowa","page",2021,153
"8439",-95.3860168457031,40.7487602233887,827,26092,"iowa","page",2022,128
"8440",-95.3860168457031,40.7487602233887,827,26092,"iowa","page",2023,122
"8441",-95.3860168457031,40.7487602233887,827,26092,"iowa","page",2024,116
"8442",-95.3860168457031,40.7487602233887,827,26092,"iowa","page",2025,3
"8443",-95.3802871704102,40.8977279663086,827,26093,"iowa","page",2014,162
"8444",-95.3802871704102,40.8977279663086,827,26093,"iowa","page",2015,180
"8445",-95.3802871704102,40.8977279663086,827,26093,"iowa","page",2016,142
"8446",-95.3802871704102,40.8977279663086,827,26093,"iowa","page",2017,141
"8447",-95.3802871704102,40.8977279663086,827,26093,"iowa","page",2018,149
"8448",-95.3802871704102,40.8977279663086,827,26093,"iowa","page",2019,142
"8449",-95.3802871704102,40.8977279663086,827,26093,"iowa","page",2020,125
"8450",-95.3802871704102,40.8977279663086,827,26093,"iowa","page",2021,153
"8451",-95.3802871704102,40.8977279663086,827,26093,"iowa","page",2022,128
"8452",-95.3802871704102,40.8977279663086,827,26093,"iowa","page",2023,122
"8453",-95.3802871704102,40.8977279663086,827,26093,"iowa","page",2024,116
"8454",-95.3802871704102,40.8977279663086,827,26093,"iowa","page",2025,3
"8455",-94.9333801269531,40.9034576416016,827,26094,"iowa","page",2014,162
"8456",-94.9333801269531,40.9034576416016,827,26094,"iowa","page",2015,180
"8457",-94.9333801269531,40.9034576416016,827,26094,"iowa","page",2016,142
"8458",-94.9333801269531,40.9034576416016,827,26094,"iowa","page",2017,141
"8459",-94.9333801269531,40.9034576416016,827,26094,"iowa","page",2018,149
"8460",-94.9333801269531,40.9034576416016,827,26094,"iowa","page",2019,142
"8461",-94.9333801269531,40.9034576416016,827,26094,"iowa","page",2020,125
"8462",-94.9333801269531,40.9034576416016,827,26094,"iowa","page",2021,153
"8463",-94.9333801269531,40.9034576416016,827,26094,"iowa","page",2022,128
"8464",-94.9333801269531,40.9034576416016,827,26094,"iowa","page",2023,122
"8465",-94.9333801269531,40.9034576416016,827,26094,"iowa","page",2024,116
"8466",-94.9333801269531,40.9034576416016,827,26094,"iowa","page",2025,3
"8467",-94.9333801269531,40.7373008728027,827,26095,"iowa","page",2014,162
"8468",-94.9333801269531,40.7373008728027,827,26095,"iowa","page",2015,180
"8469",-94.9333801269531,40.7373008728027,827,26095,"iowa","page",2016,142
"8470",-94.9333801269531,40.7373008728027,827,26095,"iowa","page",2017,141
"8471",-94.9333801269531,40.7373008728027,827,26095,"iowa","page",2018,149
"8472",-94.9333801269531,40.7373008728027,827,26095,"iowa","page",2019,142
"8473",-94.9333801269531,40.7373008728027,827,26095,"iowa","page",2020,125
"8474",-94.9333801269531,40.7373008728027,827,26095,"iowa","page",2021,153
"8475",-94.9333801269531,40.7373008728027,827,26095,"iowa","page",2022,128
"8476",-94.9333801269531,40.7373008728027,827,26095,"iowa","page",2023,122
"8477",-94.9333801269531,40.7373008728027,827,26095,"iowa","page",2024,116
"8478",-94.9333801269531,40.7373008728027,827,26095,"iowa","page",2025,3
"8479",-94.9219207763672,40.7373008728027,827,26096,"iowa","page",2014,162
"8480",-94.9219207763672,40.7373008728027,827,26096,"iowa","page",2015,180
"8481",-94.9219207763672,40.7373008728027,827,26096,"iowa","page",2016,142
"8482",-94.9219207763672,40.7373008728027,827,26096,"iowa","page",2017,141
"8483",-94.9219207763672,40.7373008728027,827,26096,"iowa","page",2018,149
"8484",-94.9219207763672,40.7373008728027,827,26096,"iowa","page",2019,142
"8485",-94.9219207763672,40.7373008728027,827,26096,"iowa","page",2020,125
"8486",-94.9219207763672,40.7373008728027,827,26096,"iowa","page",2021,153
"8487",-94.9219207763672,40.7373008728027,827,26096,"iowa","page",2022,128
"8488",-94.9219207763672,40.7373008728027,827,26096,"iowa","page",2023,122
"8489",-94.9219207763672,40.7373008728027,827,26096,"iowa","page",2024,116
"8490",-94.9219207763672,40.7373008728027,827,26096,"iowa","page",2025,3
"8491",-94.9161911010742,40.5997886657715,827,26097,"iowa","page",2014,162
"8492",-94.9161911010742,40.5997886657715,827,26097,"iowa","page",2015,180
"8493",-94.9161911010742,40.5997886657715,827,26097,"iowa","page",2016,142
"8494",-94.9161911010742,40.5997886657715,827,26097,"iowa","page",2017,141
"8495",-94.9161911010742,40.5997886657715,827,26097,"iowa","page",2018,149
"8496",-94.9161911010742,40.5997886657715,827,26097,"iowa","page",2019,142
"8497",-94.9161911010742,40.5997886657715,827,26097,"iowa","page",2020,125
"8498",-94.9161911010742,40.5997886657715,827,26097,"iowa","page",2021,153
"8499",-94.9161911010742,40.5997886657715,827,26097,"iowa","page",2022,128
"8500",-94.9161911010742,40.5997886657715,827,26097,"iowa","page",2023,122
"8501",-94.9161911010742,40.5997886657715,827,26097,"iowa","page",2024,116
"8502",-94.9161911010742,40.5997886657715,827,26097,"iowa","page",2025,3
"8503",-94.9219207763672,42.9202690124512,828,26099,"iowa","palo alto",2014,135
"8504",-94.9219207763672,42.9202690124512,828,26099,"iowa","palo alto",2015,150
"8505",-94.9219207763672,42.9202690124512,828,26099,"iowa","palo alto",2016,142
"8506",-94.9219207763672,42.9202690124512,828,26099,"iowa","palo alto",2017,163
"8507",-94.9219207763672,42.9202690124512,828,26099,"iowa","palo alto",2018,136
"8508",-94.9219207763672,42.9202690124512,828,26099,"iowa","palo alto",2019,153
"8509",-94.9219207763672,42.9202690124512,828,26099,"iowa","palo alto",2020,113
"8510",-94.9219207763672,42.9202690124512,828,26099,"iowa","palo alto",2021,151
"8511",-94.9219207763672,42.9202690124512,828,26099,"iowa","palo alto",2022,145
"8512",-94.9219207763672,42.9202690124512,828,26099,"iowa","palo alto",2023,147
"8513",-94.9219207763672,42.9202690124512,828,26099,"iowa","palo alto",2024,147
"8514",-94.9219207763672,42.9202690124512,828,26099,"iowa","palo alto",2025,5
"8515",-94.9219207763672,43.2640419006348,828,26100,"iowa","palo alto",2014,135
"8516",-94.9219207763672,43.2640419006348,828,26100,"iowa","palo alto",2015,150
"8517",-94.9219207763672,43.2640419006348,828,26100,"iowa","palo alto",2016,142
"8518",-94.9219207763672,43.2640419006348,828,26100,"iowa","palo alto",2017,163
"8519",-94.9219207763672,43.2640419006348,828,26100,"iowa","palo alto",2018,136
"8520",-94.9219207763672,43.2640419006348,828,26100,"iowa","palo alto",2019,153
"8521",-94.9219207763672,43.2640419006348,828,26100,"iowa","palo alto",2020,113
"8522",-94.9219207763672,43.2640419006348,828,26100,"iowa","palo alto",2021,151
"8523",-94.9219207763672,43.2640419006348,828,26100,"iowa","palo alto",2022,145
"8524",-94.9219207763672,43.2640419006348,828,26100,"iowa","palo alto",2023,147
"8525",-94.9219207763672,43.2640419006348,828,26100,"iowa","palo alto",2024,147
"8526",-94.9219207763672,43.2640419006348,828,26100,"iowa","palo alto",2025,5
"8527",-94.4520874023438,43.2640419006348,828,26101,"iowa","palo alto",2014,135
"8528",-94.4520874023438,43.2640419006348,828,26101,"iowa","palo alto",2015,150
"8529",-94.4520874023438,43.2640419006348,828,26101,"iowa","palo alto",2016,142
"8530",-94.4520874023438,43.2640419006348,828,26101,"iowa","palo alto",2017,163
"8531",-94.4520874023438,43.2640419006348,828,26101,"iowa","palo alto",2018,136
"8532",-94.4520874023438,43.2640419006348,828,26101,"iowa","palo alto",2019,153
"8533",-94.4520874023438,43.2640419006348,828,26101,"iowa","palo alto",2020,113
"8534",-94.4520874023438,43.2640419006348,828,26101,"iowa","palo alto",2021,151
"8535",-94.4520874023438,43.2640419006348,828,26101,"iowa","palo alto",2022,145
"8536",-94.4520874023438,43.2640419006348,828,26101,"iowa","palo alto",2023,147
"8537",-94.4520874023438,43.2640419006348,828,26101,"iowa","palo alto",2024,147
"8538",-94.4520874023438,43.2640419006348,828,26101,"iowa","palo alto",2025,5
"8539",-94.4406356811523,42.9202690124512,828,26102,"iowa","palo alto",2014,135
"8540",-94.4406356811523,42.9202690124512,828,26102,"iowa","palo alto",2015,150
"8541",-94.4406356811523,42.9202690124512,828,26102,"iowa","palo alto",2016,142
"8542",-94.4406356811523,42.9202690124512,828,26102,"iowa","palo alto",2017,163
"8543",-94.4406356811523,42.9202690124512,828,26102,"iowa","palo alto",2018,136
"8544",-94.4406356811523,42.9202690124512,828,26102,"iowa","palo alto",2019,153
"8545",-94.4406356811523,42.9202690124512,828,26102,"iowa","palo alto",2020,113
"8546",-94.4406356811523,42.9202690124512,828,26102,"iowa","palo alto",2021,151
"8547",-94.4406356811523,42.9202690124512,828,26102,"iowa","palo alto",2022,145
"8548",-94.4406356811523,42.9202690124512,828,26102,"iowa","palo alto",2023,147
"8549",-94.4406356811523,42.9202690124512,828,26102,"iowa","palo alto",2024,147
"8550",-94.4406356811523,42.9202690124512,828,26102,"iowa","palo alto",2025,5
"8551",-94.9219207763672,42.9202690124512,828,26103,"iowa","palo alto",2014,135
"8552",-94.9219207763672,42.9202690124512,828,26103,"iowa","palo alto",2015,150
"8553",-94.9219207763672,42.9202690124512,828,26103,"iowa","palo alto",2016,142
"8554",-94.9219207763672,42.9202690124512,828,26103,"iowa","palo alto",2017,163
"8555",-94.9219207763672,42.9202690124512,828,26103,"iowa","palo alto",2018,136
"8556",-94.9219207763672,42.9202690124512,828,26103,"iowa","palo alto",2019,153
"8557",-94.9219207763672,42.9202690124512,828,26103,"iowa","palo alto",2020,113
"8558",-94.9219207763672,42.9202690124512,828,26103,"iowa","palo alto",2021,151
"8559",-94.9219207763672,42.9202690124512,828,26103,"iowa","palo alto",2022,145
"8560",-94.9219207763672,42.9202690124512,828,26103,"iowa","palo alto",2023,147
"8561",-94.9219207763672,42.9202690124512,828,26103,"iowa","palo alto",2024,147
"8562",-94.9219207763672,42.9202690124512,828,26103,"iowa","palo alto",2025,5
"8563",-95.8558349609375,42.9088096618652,829,26105,"iowa","plymouth",2014,308
"8564",-95.8558349609375,42.9088096618652,829,26105,"iowa","plymouth",2015,365
"8565",-95.8558349609375,42.9088096618652,829,26105,"iowa","plymouth",2016,422
"8566",-95.8558349609375,42.9088096618652,829,26105,"iowa","plymouth",2017,372
"8567",-95.8558349609375,42.9088096618652,829,26105,"iowa","plymouth",2018,478
"8568",-95.8558349609375,42.9088096618652,829,26105,"iowa","plymouth",2019,518
"8569",-95.8558349609375,42.9088096618652,829,26105,"iowa","plymouth",2020,402
"8570",-95.8558349609375,42.9088096618652,829,26105,"iowa","plymouth",2021,404
"8571",-95.8558349609375,42.9088096618652,829,26105,"iowa","plymouth",2022,422
"8572",-95.8558349609375,42.9088096618652,829,26105,"iowa","plymouth",2023,408
"8573",-95.8558349609375,42.9088096618652,829,26105,"iowa","plymouth",2024,379
"8574",-95.8558349609375,42.9088096618652,829,26105,"iowa","plymouth",2025,27
"8575",-95.8558349609375,42.5535736083984,829,26106,"iowa","plymouth",2014,308
"8576",-95.8558349609375,42.5535736083984,829,26106,"iowa","plymouth",2015,365
"8577",-95.8558349609375,42.5535736083984,829,26106,"iowa","plymouth",2016,422
"8578",-95.8558349609375,42.5535736083984,829,26106,"iowa","plymouth",2017,372
"8579",-95.8558349609375,42.5535736083984,829,26106,"iowa","plymouth",2018,478
"8580",-95.8558349609375,42.5535736083984,829,26106,"iowa","plymouth",2019,518
"8581",-95.8558349609375,42.5535736083984,829,26106,"iowa","plymouth",2020,402
"8582",-95.8558349609375,42.5535736083984,829,26106,"iowa","plymouth",2021,404
"8583",-95.8558349609375,42.5535736083984,829,26106,"iowa","plymouth",2022,422
"8584",-95.8558349609375,42.5535736083984,829,26106,"iowa","plymouth",2023,408
"8585",-95.8558349609375,42.5535736083984,829,26106,"iowa","plymouth",2024,379
"8586",-95.8558349609375,42.5535736083984,829,26106,"iowa","plymouth",2025,27
"8587",-96.4689025878906,42.5478477478027,829,26107,"iowa","plymouth",2014,308
"8588",-96.4689025878906,42.5478477478027,829,26107,"iowa","plymouth",2015,365
"8589",-96.4689025878906,42.5478477478027,829,26107,"iowa","plymouth",2016,422
"8590",-96.4689025878906,42.5478477478027,829,26107,"iowa","plymouth",2017,372
"8591",-96.4689025878906,42.5478477478027,829,26107,"iowa","plymouth",2018,478
"8592",-96.4689025878906,42.5478477478027,829,26107,"iowa","plymouth",2019,518
"8593",-96.4689025878906,42.5478477478027,829,26107,"iowa","plymouth",2020,402
"8594",-96.4689025878906,42.5478477478027,829,26107,"iowa","plymouth",2021,404
"8595",-96.4689025878906,42.5478477478027,829,26107,"iowa","plymouth",2022,422
"8596",-96.4689025878906,42.5478477478027,829,26107,"iowa","plymouth",2023,408
"8597",-96.4689025878906,42.5478477478027,829,26107,"iowa","plymouth",2024,379
"8598",-96.4689025878906,42.5478477478027,829,26107,"iowa","plymouth",2025,27
"8599",-96.4746322631836,42.5707626342773,829,26108,"iowa","plymouth",2014,308
"8600",-96.4746322631836,42.5707626342773,829,26108,"iowa","plymouth",2015,365
"8601",-96.4746322631836,42.5707626342773,829,26108,"iowa","plymouth",2016,422
"8602",-96.4746322631836,42.5707626342773,829,26108,"iowa","plymouth",2017,372
"8603",-96.4746322631836,42.5707626342773,829,26108,"iowa","plymouth",2018,478
"8604",-96.4746322631836,42.5707626342773,829,26108,"iowa","plymouth",2019,518
"8605",-96.4746322631836,42.5707626342773,829,26108,"iowa","plymouth",2020,402
"8606",-96.4746322631836,42.5707626342773,829,26108,"iowa","plymouth",2021,404
"8607",-96.4746322631836,42.5707626342773,829,26108,"iowa","plymouth",2022,422
"8608",-96.4746322631836,42.5707626342773,829,26108,"iowa","plymouth",2023,408
"8609",-96.4746322631836,42.5707626342773,829,26108,"iowa","plymouth",2024,379
"8610",-96.4746322631836,42.5707626342773,829,26108,"iowa","plymouth",2025,27
"8611",-96.5605773925781,42.6681671142578,829,26109,"iowa","plymouth",2014,308
"8612",-96.5605773925781,42.6681671142578,829,26109,"iowa","plymouth",2015,365
"8613",-96.5605773925781,42.6681671142578,829,26109,"iowa","plymouth",2016,422
"8614",-96.5605773925781,42.6681671142578,829,26109,"iowa","plymouth",2017,372
"8615",-96.5605773925781,42.6681671142578,829,26109,"iowa","plymouth",2018,478
"8616",-96.5605773925781,42.6681671142578,829,26109,"iowa","plymouth",2019,518
"8617",-96.5605773925781,42.6681671142578,829,26109,"iowa","plymouth",2020,402
"8618",-96.5605773925781,42.6681671142578,829,26109,"iowa","plymouth",2021,404
"8619",-96.5605773925781,42.6681671142578,829,26109,"iowa","plymouth",2022,422
"8620",-96.5605773925781,42.6681671142578,829,26109,"iowa","plymouth",2023,408
"8621",-96.5605773925781,42.6681671142578,829,26109,"iowa","plymouth",2024,379
"8622",-96.5605773925781,42.6681671142578,829,26109,"iowa","plymouth",2025,27
"8623",-96.58349609375,42.6853561401367,829,26110,"iowa","plymouth",2014,308
"8624",-96.58349609375,42.6853561401367,829,26110,"iowa","plymouth",2015,365
"8625",-96.58349609375,42.6853561401367,829,26110,"iowa","plymouth",2016,422
"8626",-96.58349609375,42.6853561401367,829,26110,"iowa","plymouth",2017,372
"8627",-96.58349609375,42.6853561401367,829,26110,"iowa","plymouth",2018,478
"8628",-96.58349609375,42.6853561401367,829,26110,"iowa","plymouth",2019,518
"8629",-96.58349609375,42.6853561401367,829,26110,"iowa","plymouth",2020,402
"8630",-96.58349609375,42.6853561401367,829,26110,"iowa","plymouth",2021,404
"8631",-96.58349609375,42.6853561401367,829,26110,"iowa","plymouth",2022,422
"8632",-96.58349609375,42.6853561401367,829,26110,"iowa","plymouth",2023,408
"8633",-96.58349609375,42.6853561401367,829,26110,"iowa","plymouth",2024,379
"8634",-96.58349609375,42.6853561401367,829,26110,"iowa","plymouth",2025,27
"8635",-96.6064147949219,42.7025451660156,829,26111,"iowa","plymouth",2014,308
"8636",-96.6064147949219,42.7025451660156,829,26111,"iowa","plymouth",2015,365
"8637",-96.6064147949219,42.7025451660156,829,26111,"iowa","plymouth",2016,422
"8638",-96.6064147949219,42.7025451660156,829,26111,"iowa","plymouth",2017,372
"8639",-96.6064147949219,42.7025451660156,829,26111,"iowa","plymouth",2018,478
"8640",-96.6064147949219,42.7025451660156,829,26111,"iowa","plymouth",2019,518
"8641",-96.6064147949219,42.7025451660156,829,26111,"iowa","plymouth",2020,402
"8642",-96.6064147949219,42.7025451660156,829,26111,"iowa","plymouth",2021,404
"8643",-96.6064147949219,42.7025451660156,829,26111,"iowa","plymouth",2022,422
"8644",-96.6064147949219,42.7025451660156,829,26111,"iowa","plymouth",2023,408
"8645",-96.6064147949219,42.7025451660156,829,26111,"iowa","plymouth",2024,379
"8646",-96.6064147949219,42.7025451660156,829,26111,"iowa","plymouth",2025,27
"8647",-96.6064147949219,42.7369194030762,829,26112,"iowa","plymouth",2014,308
"8648",-96.6064147949219,42.7369194030762,829,26112,"iowa","plymouth",2015,365
"8649",-96.6064147949219,42.7369194030762,829,26112,"iowa","plymouth",2016,422
"8650",-96.6064147949219,42.7369194030762,829,26112,"iowa","plymouth",2017,372
"8651",-96.6064147949219,42.7369194030762,829,26112,"iowa","plymouth",2018,478
"8652",-96.6064147949219,42.7369194030762,829,26112,"iowa","plymouth",2019,518
"8653",-96.6064147949219,42.7369194030762,829,26112,"iowa","plymouth",2020,402
"8654",-96.6064147949219,42.7369194030762,829,26112,"iowa","plymouth",2021,404
"8655",-96.6064147949219,42.7369194030762,829,26112,"iowa","plymouth",2022,422
"8656",-96.6064147949219,42.7369194030762,829,26112,"iowa","plymouth",2023,408
"8657",-96.6064147949219,42.7369194030762,829,26112,"iowa","plymouth",2024,379
"8658",-96.6064147949219,42.7369194030762,829,26112,"iowa","plymouth",2025,27
"8659",-96.5949554443359,42.777027130127,829,26113,"iowa","plymouth",2014,308
"8660",-96.5949554443359,42.777027130127,829,26113,"iowa","plymouth",2015,365
"8661",-96.5949554443359,42.777027130127,829,26113,"iowa","plymouth",2016,422
"8662",-96.5949554443359,42.777027130127,829,26113,"iowa","plymouth",2017,372
"8663",-96.5949554443359,42.777027130127,829,26113,"iowa","plymouth",2018,478
"8664",-96.5949554443359,42.777027130127,829,26113,"iowa","plymouth",2019,518
"8665",-96.5949554443359,42.777027130127,829,26113,"iowa","plymouth",2020,402
"8666",-96.5949554443359,42.777027130127,829,26113,"iowa","plymouth",2021,404
"8667",-96.5949554443359,42.777027130127,829,26113,"iowa","plymouth",2022,422
"8668",-96.5949554443359,42.777027130127,829,26113,"iowa","plymouth",2023,408
"8669",-96.5949554443359,42.777027130127,829,26113,"iowa","plymouth",2024,379
"8670",-96.5949554443359,42.777027130127,829,26113,"iowa","plymouth",2025,27
"8671",-96.5605773925781,42.817138671875,829,26114,"iowa","plymouth",2014,308
"8672",-96.5605773925781,42.817138671875,829,26114,"iowa","plymouth",2015,365
"8673",-96.5605773925781,42.817138671875,829,26114,"iowa","plymouth",2016,422
"8674",-96.5605773925781,42.817138671875,829,26114,"iowa","plymouth",2017,372
"8675",-96.5605773925781,42.817138671875,829,26114,"iowa","plymouth",2018,478
"8676",-96.5605773925781,42.817138671875,829,26114,"iowa","plymouth",2019,518
"8677",-96.5605773925781,42.817138671875,829,26114,"iowa","plymouth",2020,402
"8678",-96.5605773925781,42.817138671875,829,26114,"iowa","plymouth",2021,404
"8679",-96.5605773925781,42.817138671875,829,26114,"iowa","plymouth",2022,422
"8680",-96.5605773925781,42.817138671875,829,26114,"iowa","plymouth",2023,408
"8681",-96.5605773925781,42.817138671875,829,26114,"iowa","plymouth",2024,379
"8682",-96.5605773925781,42.817138671875,829,26114,"iowa","plymouth",2025,27
"8683",-96.5204696655273,42.8744316101074,829,26115,"iowa","plymouth",2014,308
"8684",-96.5204696655273,42.8744316101074,829,26115,"iowa","plymouth",2015,365
"8685",-96.5204696655273,42.8744316101074,829,26115,"iowa","plymouth",2016,422
"8686",-96.5204696655273,42.8744316101074,829,26115,"iowa","plymouth",2017,372
"8687",-96.5204696655273,42.8744316101074,829,26115,"iowa","plymouth",2018,478
"8688",-96.5204696655273,42.8744316101074,829,26115,"iowa","plymouth",2019,518
"8689",-96.5204696655273,42.8744316101074,829,26115,"iowa","plymouth",2020,402
"8690",-96.5204696655273,42.8744316101074,829,26115,"iowa","plymouth",2021,404
"8691",-96.5204696655273,42.8744316101074,829,26115,"iowa","plymouth",2022,422
"8692",-96.5204696655273,42.8744316101074,829,26115,"iowa","plymouth",2023,408
"8693",-96.5204696655273,42.8744316101074,829,26115,"iowa","plymouth",2024,379
"8694",-96.5204696655273,42.8744316101074,829,26115,"iowa","plymouth",2025,27
"8695",-96.5204696655273,42.9030799865723,829,26116,"iowa","plymouth",2014,308
"8696",-96.5204696655273,42.9030799865723,829,26116,"iowa","plymouth",2015,365
"8697",-96.5204696655273,42.9030799865723,829,26116,"iowa","plymouth",2016,422
"8698",-96.5204696655273,42.9030799865723,829,26116,"iowa","plymouth",2017,372
"8699",-96.5204696655273,42.9030799865723,829,26116,"iowa","plymouth",2018,478
"8700",-96.5204696655273,42.9030799865723,829,26116,"iowa","plymouth",2019,518
"8701",-96.5204696655273,42.9030799865723,829,26116,"iowa","plymouth",2020,402
"8702",-96.5204696655273,42.9030799865723,829,26116,"iowa","plymouth",2021,404
"8703",-96.5204696655273,42.9030799865723,829,26116,"iowa","plymouth",2022,422
"8704",-96.5204696655273,42.9030799865723,829,26116,"iowa","plymouth",2023,408
"8705",-96.5204696655273,42.9030799865723,829,26116,"iowa","plymouth",2024,379
"8706",-96.5204696655273,42.9030799865723,829,26116,"iowa","plymouth",2025,27
"8707",-95.8558349609375,42.9088096618652,829,26117,"iowa","plymouth",2014,308
"8708",-95.8558349609375,42.9088096618652,829,26117,"iowa","plymouth",2015,365
"8709",-95.8558349609375,42.9088096618652,829,26117,"iowa","plymouth",2016,422
"8710",-95.8558349609375,42.9088096618652,829,26117,"iowa","plymouth",2017,372
"8711",-95.8558349609375,42.9088096618652,829,26117,"iowa","plymouth",2018,478
"8712",-95.8558349609375,42.9088096618652,829,26117,"iowa","plymouth",2019,518
"8713",-95.8558349609375,42.9088096618652,829,26117,"iowa","plymouth",2020,402
"8714",-95.8558349609375,42.9088096618652,829,26117,"iowa","plymouth",2021,404
"8715",-95.8558349609375,42.9088096618652,829,26117,"iowa","plymouth",2022,422
"8716",-95.8558349609375,42.9088096618652,829,26117,"iowa","plymouth",2023,408
"8717",-95.8558349609375,42.9088096618652,829,26117,"iowa","plymouth",2024,379
"8718",-95.8558349609375,42.9088096618652,829,26117,"iowa","plymouth",2025,27
"8719",-94.9219207763672,42.5593032836914,830,26119,"iowa","pocahontas",2014,47
"8720",-94.9219207763672,42.5593032836914,830,26119,"iowa","pocahontas",2015,41
"8721",-94.9219207763672,42.5593032836914,830,26119,"iowa","pocahontas",2016,43
"8722",-94.9219207763672,42.5593032836914,830,26119,"iowa","pocahontas",2017,68
"8723",-94.9219207763672,42.5593032836914,830,26119,"iowa","pocahontas",2018,83
"8724",-94.9219207763672,42.5593032836914,830,26119,"iowa","pocahontas",2019,69
"8725",-94.9219207763672,42.5593032836914,830,26119,"iowa","pocahontas",2020,85
"8726",-94.9219207763672,42.5593032836914,830,26119,"iowa","pocahontas",2021,88
"8727",-94.9219207763672,42.5593032836914,830,26119,"iowa","pocahontas",2022,69
"8728",-94.9219207763672,42.5593032836914,830,26119,"iowa","pocahontas",2023,78
"8729",-94.9219207763672,42.5593032836914,830,26119,"iowa","pocahontas",2024,53
"8730",-94.9219207763672,42.5593032836914,830,26119,"iowa","pocahontas",2025,3
"8731",-94.9219207763672,42.9202690124512,830,26120,"iowa","pocahontas",2014,47
"8732",-94.9219207763672,42.9202690124512,830,26120,"iowa","pocahontas",2015,41
"8733",-94.9219207763672,42.9202690124512,830,26120,"iowa","pocahontas",2016,43
"8734",-94.9219207763672,42.9202690124512,830,26120,"iowa","pocahontas",2017,68
"8735",-94.9219207763672,42.9202690124512,830,26120,"iowa","pocahontas",2018,83
"8736",-94.9219207763672,42.9202690124512,830,26120,"iowa","pocahontas",2019,69
"8737",-94.9219207763672,42.9202690124512,830,26120,"iowa","pocahontas",2020,85
"8738",-94.9219207763672,42.9202690124512,830,26120,"iowa","pocahontas",2021,88
"8739",-94.9219207763672,42.9202690124512,830,26120,"iowa","pocahontas",2022,69
"8740",-94.9219207763672,42.9202690124512,830,26120,"iowa","pocahontas",2023,78
"8741",-94.9219207763672,42.9202690124512,830,26120,"iowa","pocahontas",2024,53
"8742",-94.9219207763672,42.9202690124512,830,26120,"iowa","pocahontas",2025,3
"8743",-94.4406356811523,42.9202690124512,830,26121,"iowa","pocahontas",2014,47
"8744",-94.4406356811523,42.9202690124512,830,26121,"iowa","pocahontas",2015,41
"8745",-94.4406356811523,42.9202690124512,830,26121,"iowa","pocahontas",2016,43
"8746",-94.4406356811523,42.9202690124512,830,26121,"iowa","pocahontas",2017,68
"8747",-94.4406356811523,42.9202690124512,830,26121,"iowa","pocahontas",2018,83
"8748",-94.4406356811523,42.9202690124512,830,26121,"iowa","pocahontas",2019,69
"8749",-94.4406356811523,42.9202690124512,830,26121,"iowa","pocahontas",2020,85
"8750",-94.4406356811523,42.9202690124512,830,26121,"iowa","pocahontas",2021,88
"8751",-94.4406356811523,42.9202690124512,830,26121,"iowa","pocahontas",2022,69
"8752",-94.4406356811523,42.9202690124512,830,26121,"iowa","pocahontas",2023,78
"8753",-94.4406356811523,42.9202690124512,830,26121,"iowa","pocahontas",2024,53
"8754",-94.4406356811523,42.9202690124512,830,26121,"iowa","pocahontas",2025,3
"8755",-94.4406356811523,42.6452484130859,830,26122,"iowa","pocahontas",2014,47
"8756",-94.4406356811523,42.6452484130859,830,26122,"iowa","pocahontas",2015,41
"8757",-94.4406356811523,42.6452484130859,830,26122,"iowa","pocahontas",2016,43
"8758",-94.4406356811523,42.6452484130859,830,26122,"iowa","pocahontas",2017,68
"8759",-94.4406356811523,42.6452484130859,830,26122,"iowa","pocahontas",2018,83
"8760",-94.4406356811523,42.6452484130859,830,26122,"iowa","pocahontas",2019,69
"8761",-94.4406356811523,42.6452484130859,830,26122,"iowa","pocahontas",2020,85
"8762",-94.4406356811523,42.6452484130859,830,26122,"iowa","pocahontas",2021,88
"8763",-94.4406356811523,42.6452484130859,830,26122,"iowa","pocahontas",2022,69
"8764",-94.4406356811523,42.6452484130859,830,26122,"iowa","pocahontas",2023,78
"8765",-94.4406356811523,42.6452484130859,830,26122,"iowa","pocahontas",2024,53
"8766",-94.4406356811523,42.6452484130859,830,26122,"iowa","pocahontas",2025,3
"8767",-94.4463577270508,42.5535736083984,830,26123,"iowa","pocahontas",2014,47
"8768",-94.4463577270508,42.5535736083984,830,26123,"iowa","pocahontas",2015,41
"8769",-94.4463577270508,42.5535736083984,830,26123,"iowa","pocahontas",2016,43
"8770",-94.4463577270508,42.5535736083984,830,26123,"iowa","pocahontas",2017,68
"8771",-94.4463577270508,42.5535736083984,830,26123,"iowa","pocahontas",2018,83
"8772",-94.4463577270508,42.5535736083984,830,26123,"iowa","pocahontas",2019,69
"8773",-94.4463577270508,42.5535736083984,830,26123,"iowa","pocahontas",2020,85
"8774",-94.4463577270508,42.5535736083984,830,26123,"iowa","pocahontas",2021,88
"8775",-94.4463577270508,42.5535736083984,830,26123,"iowa","pocahontas",2022,69
"8776",-94.4463577270508,42.5535736083984,830,26123,"iowa","pocahontas",2023,78
"8777",-94.4463577270508,42.5535736083984,830,26123,"iowa","pocahontas",2024,53
"8778",-94.4463577270508,42.5535736083984,830,26123,"iowa","pocahontas",2025,3
"8779",-94.9219207763672,42.5593032836914,830,26124,"iowa","pocahontas",2014,47
"8780",-94.9219207763672,42.5593032836914,830,26124,"iowa","pocahontas",2015,41
"8781",-94.9219207763672,42.5593032836914,830,26124,"iowa","pocahontas",2016,43
"8782",-94.9219207763672,42.5593032836914,830,26124,"iowa","pocahontas",2017,68
"8783",-94.9219207763672,42.5593032836914,830,26124,"iowa","pocahontas",2018,83
"8784",-94.9219207763672,42.5593032836914,830,26124,"iowa","pocahontas",2019,69
"8785",-94.9219207763672,42.5593032836914,830,26124,"iowa","pocahontas",2020,85
"8786",-94.9219207763672,42.5593032836914,830,26124,"iowa","pocahontas",2021,88
"8787",-94.9219207763672,42.5593032836914,830,26124,"iowa","pocahontas",2022,69
"8788",-94.9219207763672,42.5593032836914,830,26124,"iowa","pocahontas",2023,78
"8789",-94.9219207763672,42.5593032836914,830,26124,"iowa","pocahontas",2024,53
"8790",-94.9219207763672,42.5593032836914,830,26124,"iowa","pocahontas",2025,3
"8791",-93.3348236083984,41.5050621032715,831,26126,"iowa","polk",2014,9135
"8792",-93.3348236083984,41.5050621032715,831,26126,"iowa","polk",2015,9961
"8793",-93.3348236083984,41.5050621032715,831,26126,"iowa","polk",2016,10675
"8794",-93.3348236083984,41.5050621032715,831,26126,"iowa","polk",2017,10648
"8795",-93.3348236083984,41.5050621032715,831,26126,"iowa","polk",2018,10645
"8796",-93.3348236083984,41.5050621032715,831,26126,"iowa","polk",2019,11346
"8797",-93.3348236083984,41.5050621032715,831,26126,"iowa","polk",2020,8785
"8798",-93.3348236083984,41.5050621032715,831,26126,"iowa","polk",2021,10175
"8799",-93.3348236083984,41.5050621032715,831,26126,"iowa","polk",2022,10776
"8800",-93.3348236083984,41.5050621032715,831,26126,"iowa","polk",2023,10382
"8801",-93.3348236083984,41.5050621032715,831,26126,"iowa","polk",2024,10619
"8802",-93.3348236083984,41.5050621032715,831,26126,"iowa","polk",2025,661
"8803",-93.3348236083984,41.4936027526855,831,26127,"iowa","polk",2014,9135
"8804",-93.3348236083984,41.4936027526855,831,26127,"iowa","polk",2015,9961
"8805",-93.3348236083984,41.4936027526855,831,26127,"iowa","polk",2016,10675
"8806",-93.3348236083984,41.4936027526855,831,26127,"iowa","polk",2017,10648
"8807",-93.3348236083984,41.4936027526855,831,26127,"iowa","polk",2018,10645
"8808",-93.3348236083984,41.4936027526855,831,26127,"iowa","polk",2019,11346
"8809",-93.3348236083984,41.4936027526855,831,26127,"iowa","polk",2020,8785
"8810",-93.3348236083984,41.4936027526855,831,26127,"iowa","polk",2021,10175
"8811",-93.3348236083984,41.4936027526855,831,26127,"iowa","polk",2022,10776
"8812",-93.3348236083984,41.4936027526855,831,26127,"iowa","polk",2023,10382
"8813",-93.3348236083984,41.4936027526855,831,26127,"iowa","polk",2024,10619
"8814",-93.3348236083984,41.4936027526855,831,26127,"iowa","polk",2025,661
"8815",-93.3978500366211,41.5107917785645,831,26128,"iowa","polk",2014,9135
"8816",-93.3978500366211,41.5107917785645,831,26128,"iowa","polk",2015,9961
"8817",-93.3978500366211,41.5107917785645,831,26128,"iowa","polk",2016,10675
"8818",-93.3978500366211,41.5107917785645,831,26128,"iowa","polk",2017,10648
"8819",-93.3978500366211,41.5107917785645,831,26128,"iowa","polk",2018,10645
"8820",-93.3978500366211,41.5107917785645,831,26128,"iowa","polk",2019,11346
"8821",-93.3978500366211,41.5107917785645,831,26128,"iowa","polk",2020,8785
"8822",-93.3978500366211,41.5107917785645,831,26128,"iowa","polk",2021,10175
"8823",-93.3978500366211,41.5107917785645,831,26128,"iowa","polk",2022,10776
"8824",-93.3978500366211,41.5107917785645,831,26128,"iowa","polk",2023,10382
"8825",-93.3978500366211,41.5107917785645,831,26128,"iowa","polk",2024,10619
"8826",-93.3978500366211,41.5107917785645,831,26128,"iowa","polk",2025,661
"8827",-93.4666061401367,41.5165214538574,831,26129,"iowa","polk",2014,9135
"8828",-93.4666061401367,41.5165214538574,831,26129,"iowa","polk",2015,9961
"8829",-93.4666061401367,41.5165214538574,831,26129,"iowa","polk",2016,10675
"8830",-93.4666061401367,41.5165214538574,831,26129,"iowa","polk",2017,10648
"8831",-93.4666061401367,41.5165214538574,831,26129,"iowa","polk",2018,10645
"8832",-93.4666061401367,41.5165214538574,831,26129,"iowa","polk",2019,11346
"8833",-93.4666061401367,41.5165214538574,831,26129,"iowa","polk",2020,8785
"8834",-93.4666061401367,41.5165214538574,831,26129,"iowa","polk",2021,10175
"8835",-93.4666061401367,41.5165214538574,831,26129,"iowa","polk",2022,10776
"8836",-93.4666061401367,41.5165214538574,831,26129,"iowa","polk",2023,10382
"8837",-93.4666061401367,41.5165214538574,831,26129,"iowa","polk",2024,10619
"8838",-93.4666061401367,41.5165214538574,831,26129,"iowa","polk",2025,661
"8839",-93.8046493530273,41.5107917785645,831,26130,"iowa","polk",2014,9135
"8840",-93.8046493530273,41.5107917785645,831,26130,"iowa","polk",2015,9961
"8841",-93.8046493530273,41.5107917785645,831,26130,"iowa","polk",2016,10675
"8842",-93.8046493530273,41.5107917785645,831,26130,"iowa","polk",2017,10648
"8843",-93.8046493530273,41.5107917785645,831,26130,"iowa","polk",2018,10645
"8844",-93.8046493530273,41.5107917785645,831,26130,"iowa","polk",2019,11346
"8845",-93.8046493530273,41.5107917785645,831,26130,"iowa","polk",2020,8785
"8846",-93.8046493530273,41.5107917785645,831,26130,"iowa","polk",2021,10175
"8847",-93.8046493530273,41.5107917785645,831,26130,"iowa","polk",2022,10776
"8848",-93.8046493530273,41.5107917785645,831,26130,"iowa","polk",2023,10382
"8849",-93.8046493530273,41.5107917785645,831,26130,"iowa","polk",2024,10619
"8850",-93.8046493530273,41.5107917785645,831,26130,"iowa","polk",2025,661
"8851",-93.8046493530273,41.6081924438477,831,26131,"iowa","polk",2014,9135
"8852",-93.8046493530273,41.6081924438477,831,26131,"iowa","polk",2015,9961
"8853",-93.8046493530273,41.6081924438477,831,26131,"iowa","polk",2016,10675
"8854",-93.8046493530273,41.6081924438477,831,26131,"iowa","polk",2017,10648
"8855",-93.8046493530273,41.6081924438477,831,26131,"iowa","polk",2018,10645
"8856",-93.8046493530273,41.6081924438477,831,26131,"iowa","polk",2019,11346
"8857",-93.8046493530273,41.6081924438477,831,26131,"iowa","polk",2020,8785
"8858",-93.8046493530273,41.6081924438477,831,26131,"iowa","polk",2021,10175
"8859",-93.8046493530273,41.6081924438477,831,26131,"iowa","polk",2022,10776
"8860",-93.8046493530273,41.6081924438477,831,26131,"iowa","polk",2023,10382
"8861",-93.8046493530273,41.6081924438477,831,26131,"iowa","polk",2024,10619
"8862",-93.8046493530273,41.6081924438477,831,26131,"iowa","polk",2025,661
"8863",-93.8218383789062,41.6081924438477,831,26132,"iowa","polk",2014,9135
"8864",-93.8218383789062,41.6081924438477,831,26132,"iowa","polk",2015,9961
"8865",-93.8218383789062,41.6081924438477,831,26132,"iowa","polk",2016,10675
"8866",-93.8218383789062,41.6081924438477,831,26132,"iowa","polk",2017,10648
"8867",-93.8218383789062,41.6081924438477,831,26132,"iowa","polk",2018,10645
"8868",-93.8218383789062,41.6081924438477,831,26132,"iowa","polk",2019,11346
"8869",-93.8218383789062,41.6081924438477,831,26132,"iowa","polk",2020,8785
"8870",-93.8218383789062,41.6081924438477,831,26132,"iowa","polk",2021,10175
"8871",-93.8218383789062,41.6081924438477,831,26132,"iowa","polk",2022,10776
"8872",-93.8218383789062,41.6081924438477,831,26132,"iowa","polk",2023,10382
"8873",-93.8218383789062,41.6081924438477,831,26132,"iowa","polk",2024,10619
"8874",-93.8218383789062,41.6081924438477,831,26132,"iowa","polk",2025,661
"8875",-93.8161087036133,41.8602981567383,831,26133,"iowa","polk",2014,9135
"8876",-93.8161087036133,41.8602981567383,831,26133,"iowa","polk",2015,9961
"8877",-93.8161087036133,41.8602981567383,831,26133,"iowa","polk",2016,10675
"8878",-93.8161087036133,41.8602981567383,831,26133,"iowa","polk",2017,10648
"8879",-93.8161087036133,41.8602981567383,831,26133,"iowa","polk",2018,10645
"8880",-93.8161087036133,41.8602981567383,831,26133,"iowa","polk",2019,11346
"8881",-93.8161087036133,41.8602981567383,831,26133,"iowa","polk",2020,8785
"8882",-93.8161087036133,41.8602981567383,831,26133,"iowa","polk",2021,10175
"8883",-93.8161087036133,41.8602981567383,831,26133,"iowa","polk",2022,10776
"8884",-93.8161087036133,41.8602981567383,831,26133,"iowa","polk",2023,10382
"8885",-93.8161087036133,41.8602981567383,831,26133,"iowa","polk",2024,10619
"8886",-93.8161087036133,41.8602981567383,831,26133,"iowa","polk",2025,661
"8887",-93.7015228271484,41.8602981567383,831,26134,"iowa","polk",2014,9135
"8888",-93.7015228271484,41.8602981567383,831,26134,"iowa","polk",2015,9961
"8889",-93.7015228271484,41.8602981567383,831,26134,"iowa","polk",2016,10675
"8890",-93.7015228271484,41.8602981567383,831,26134,"iowa","polk",2017,10648
"8891",-93.7015228271484,41.8602981567383,831,26134,"iowa","polk",2018,10645
"8892",-93.7015228271484,41.8602981567383,831,26134,"iowa","polk",2019,11346
"8893",-93.7015228271484,41.8602981567383,831,26134,"iowa","polk",2020,8785
"8894",-93.7015228271484,41.8602981567383,831,26134,"iowa","polk",2021,10175
"8895",-93.7015228271484,41.8602981567383,831,26134,"iowa","polk",2022,10776
"8896",-93.7015228271484,41.8602981567383,831,26134,"iowa","polk",2023,10382
"8897",-93.7015228271484,41.8602981567383,831,26134,"iowa","polk",2024,10619
"8898",-93.7015228271484,41.8602981567383,831,26134,"iowa","polk",2025,661
"8899",-93.3462829589844,41.8602981567383,831,26135,"iowa","polk",2014,9135
"8900",-93.3462829589844,41.8602981567383,831,26135,"iowa","polk",2015,9961
"8901",-93.3462829589844,41.8602981567383,831,26135,"iowa","polk",2016,10675
"8902",-93.3462829589844,41.8602981567383,831,26135,"iowa","polk",2017,10648
"8903",-93.3462829589844,41.8602981567383,831,26135,"iowa","polk",2018,10645
"8904",-93.3462829589844,41.8602981567383,831,26135,"iowa","polk",2019,11346
"8905",-93.3462829589844,41.8602981567383,831,26135,"iowa","polk",2020,8785
"8906",-93.3462829589844,41.8602981567383,831,26135,"iowa","polk",2021,10175
"8907",-93.3462829589844,41.8602981567383,831,26135,"iowa","polk",2022,10776
"8908",-93.3462829589844,41.8602981567383,831,26135,"iowa","polk",2023,10382
"8909",-93.3462829589844,41.8602981567383,831,26135,"iowa","polk",2024,10619
"8910",-93.3462829589844,41.8602981567383,831,26135,"iowa","polk",2025,661
"8911",-93.3520126342773,41.6081924438477,831,26136,"iowa","polk",2014,9135
"8912",-93.3520126342773,41.6081924438477,831,26136,"iowa","polk",2015,9961
"8913",-93.3520126342773,41.6081924438477,831,26136,"iowa","polk",2016,10675
"8914",-93.3520126342773,41.6081924438477,831,26136,"iowa","polk",2017,10648
"8915",-93.3520126342773,41.6081924438477,831,26136,"iowa","polk",2018,10645
"8916",-93.3520126342773,41.6081924438477,831,26136,"iowa","polk",2019,11346
"8917",-93.3520126342773,41.6081924438477,831,26136,"iowa","polk",2020,8785
"8918",-93.3520126342773,41.6081924438477,831,26136,"iowa","polk",2021,10175
"8919",-93.3520126342773,41.6081924438477,831,26136,"iowa","polk",2022,10776
"8920",-93.3520126342773,41.6081924438477,831,26136,"iowa","polk",2023,10382
"8921",-93.3520126342773,41.6081924438477,831,26136,"iowa","polk",2024,10619
"8922",-93.3520126342773,41.6081924438477,831,26136,"iowa","polk",2025,661
"8923",-93.3348236083984,41.6081924438477,831,26137,"iowa","polk",2014,9135
"8924",-93.3348236083984,41.6081924438477,831,26137,"iowa","polk",2015,9961
"8925",-93.3348236083984,41.6081924438477,831,26137,"iowa","polk",2016,10675
"8926",-93.3348236083984,41.6081924438477,831,26137,"iowa","polk",2017,10648
"8927",-93.3348236083984,41.6081924438477,831,26137,"iowa","polk",2018,10645
"8928",-93.3348236083984,41.6081924438477,831,26137,"iowa","polk",2019,11346
"8929",-93.3348236083984,41.6081924438477,831,26137,"iowa","polk",2020,8785
"8930",-93.3348236083984,41.6081924438477,831,26137,"iowa","polk",2021,10175
"8931",-93.3348236083984,41.6081924438477,831,26137,"iowa","polk",2022,10776
"8932",-93.3348236083984,41.6081924438477,831,26137,"iowa","polk",2023,10382
"8933",-93.3348236083984,41.6081924438477,831,26137,"iowa","polk",2024,10619
"8934",-93.3348236083984,41.6081924438477,831,26137,"iowa","polk",2025,661
"8935",-93.3348236083984,41.5050621032715,831,26138,"iowa","polk",2014,9135
"8936",-93.3348236083984,41.5050621032715,831,26138,"iowa","polk",2015,9961
"8937",-93.3348236083984,41.5050621032715,831,26138,"iowa","polk",2016,10675
"8938",-93.3348236083984,41.5050621032715,831,26138,"iowa","polk",2017,10648
"8939",-93.3348236083984,41.5050621032715,831,26138,"iowa","polk",2018,10645
"8940",-93.3348236083984,41.5050621032715,831,26138,"iowa","polk",2019,11346
"8941",-93.3348236083984,41.5050621032715,831,26138,"iowa","polk",2020,8785
"8942",-93.3348236083984,41.5050621032715,831,26138,"iowa","polk",2021,10175
"8943",-93.3348236083984,41.5050621032715,831,26138,"iowa","polk",2022,10776
"8944",-93.3348236083984,41.5050621032715,831,26138,"iowa","polk",2023,10382
"8945",-93.3348236083984,41.5050621032715,831,26138,"iowa","polk",2024,10619
"8946",-93.3348236083984,41.5050621032715,831,26138,"iowa","polk",2025,661
"8947",-95.1625595092773,41.1555557250977,832,26140,"iowa","pottawattamie",2014,1972
"8948",-95.1625595092773,41.1555557250977,832,26140,"iowa","pottawattamie",2015,2087
"8949",-95.1625595092773,41.1555557250977,832,26140,"iowa","pottawattamie",2016,2048
"8950",-95.1625595092773,41.1555557250977,832,26140,"iowa","pottawattamie",2017,2163
"8951",-95.1625595092773,41.1555557250977,832,26140,"iowa","pottawattamie",2018,2164
"8952",-95.1625595092773,41.1555557250977,832,26140,"iowa","pottawattamie",2019,2229
"8953",-95.1625595092773,41.1555557250977,832,26140,"iowa","pottawattamie",2020,1894
"8954",-95.1625595092773,41.1555557250977,832,26140,"iowa","pottawattamie",2021,2138
"8955",-95.1625595092773,41.1555557250977,832,26140,"iowa","pottawattamie",2022,2069
"8956",-95.1625595092773,41.1555557250977,832,26140,"iowa","pottawattamie",2023,1980
"8957",-95.1625595092773,41.1555557250977,832,26140,"iowa","pottawattamie",2024,1878
"8958",-95.1625595092773,41.1555557250977,832,26140,"iowa","pottawattamie",2025,97
"8959",-95.3802871704102,41.1612892150879,832,26141,"iowa","pottawattamie",2014,1972
"8960",-95.3802871704102,41.1612892150879,832,26141,"iowa","pottawattamie",2015,2087
"8961",-95.3802871704102,41.1612892150879,832,26141,"iowa","pottawattamie",2016,2048
"8962",-95.3802871704102,41.1612892150879,832,26141,"iowa","pottawattamie",2017,2163
"8963",-95.3802871704102,41.1612892150879,832,26141,"iowa","pottawattamie",2018,2164
"8964",-95.3802871704102,41.1612892150879,832,26141,"iowa","pottawattamie",2019,2229
"8965",-95.3802871704102,41.1612892150879,832,26141,"iowa","pottawattamie",2020,1894
"8966",-95.3802871704102,41.1612892150879,832,26141,"iowa","pottawattamie",2021,2138
"8967",-95.3802871704102,41.1612892150879,832,26141,"iowa","pottawattamie",2022,2069
"8968",-95.3802871704102,41.1612892150879,832,26141,"iowa","pottawattamie",2023,1980
"8969",-95.3802871704102,41.1612892150879,832,26141,"iowa","pottawattamie",2024,1878
"8970",-95.3802871704102,41.1612892150879,832,26141,"iowa","pottawattamie",2025,97
"8971",-95.8844833374023,41.1612892150879,832,26142,"iowa","pottawattamie",2014,1972
"8972",-95.8844833374023,41.1612892150879,832,26142,"iowa","pottawattamie",2015,2087
"8973",-95.8844833374023,41.1612892150879,832,26142,"iowa","pottawattamie",2016,2048
"8974",-95.8844833374023,41.1612892150879,832,26142,"iowa","pottawattamie",2017,2163
"8975",-95.8844833374023,41.1612892150879,832,26142,"iowa","pottawattamie",2018,2164
"8976",-95.8844833374023,41.1612892150879,832,26142,"iowa","pottawattamie",2019,2229
"8977",-95.8844833374023,41.1612892150879,832,26142,"iowa","pottawattamie",2020,1894
"8978",-95.8844833374023,41.1612892150879,832,26142,"iowa","pottawattamie",2021,2138
"8979",-95.8844833374023,41.1612892150879,832,26142,"iowa","pottawattamie",2022,2069
"8980",-95.8844833374023,41.1612892150879,832,26142,"iowa","pottawattamie",2023,1980
"8981",-95.8844833374023,41.1612892150879,832,26142,"iowa","pottawattamie",2024,1878
"8982",-95.8844833374023,41.1612892150879,832,26142,"iowa","pottawattamie",2025,97
"8983",-95.8902130126953,41.1784744262695,832,26143,"iowa","pottawattamie",2014,1972
"8984",-95.8902130126953,41.1784744262695,832,26143,"iowa","pottawattamie",2015,2087
"8985",-95.8902130126953,41.1784744262695,832,26143,"iowa","pottawattamie",2016,2048
"8986",-95.8902130126953,41.1784744262695,832,26143,"iowa","pottawattamie",2017,2163
"8987",-95.8902130126953,41.1784744262695,832,26143,"iowa","pottawattamie",2018,2164
"8988",-95.8902130126953,41.1784744262695,832,26143,"iowa","pottawattamie",2019,2229
"8989",-95.8902130126953,41.1784744262695,832,26143,"iowa","pottawattamie",2020,1894
"8990",-95.8902130126953,41.1784744262695,832,26143,"iowa","pottawattamie",2021,2138
"8991",-95.8902130126953,41.1784744262695,832,26143,"iowa","pottawattamie",2022,2069
"8992",-95.8902130126953,41.1784744262695,832,26143,"iowa","pottawattamie",2023,1980
"8993",-95.8902130126953,41.1784744262695,832,26143,"iowa","pottawattamie",2024,1878
"8994",-95.8902130126953,41.1784744262695,832,26143,"iowa","pottawattamie",2025,97
"8995",-95.9016723632812,41.2185821533203,832,26144,"iowa","pottawattamie",2014,1972
"8996",-95.9016723632812,41.2185821533203,832,26144,"iowa","pottawattamie",2015,2087
"8997",-95.9016723632812,41.2185821533203,832,26144,"iowa","pottawattamie",2016,2048
"8998",-95.9016723632812,41.2185821533203,832,26144,"iowa","pottawattamie",2017,2163
"8999",-95.9016723632812,41.2185821533203,832,26144,"iowa","pottawattamie",2018,2164
"9000",-95.9016723632812,41.2185821533203,832,26144,"iowa","pottawattamie",2019,2229
"9001",-95.9016723632812,41.2185821533203,832,26144,"iowa","pottawattamie",2020,1894
"9002",-95.9016723632812,41.2185821533203,832,26144,"iowa","pottawattamie",2021,2138
"9003",-95.9016723632812,41.2185821533203,832,26144,"iowa","pottawattamie",2022,2069
"9004",-95.9016723632812,41.2185821533203,832,26144,"iowa","pottawattamie",2023,1980
"9005",-95.9016723632812,41.2185821533203,832,26144,"iowa","pottawattamie",2024,1878
"9006",-95.9016723632812,41.2185821533203,832,26144,"iowa","pottawattamie",2025,97
"9007",-95.9016723632812,41.2586898803711,832,26145,"iowa","pottawattamie",2014,1972
"9008",-95.9016723632812,41.2586898803711,832,26145,"iowa","pottawattamie",2015,2087
"9009",-95.9016723632812,41.2586898803711,832,26145,"iowa","pottawattamie",2016,2048
"9010",-95.9016723632812,41.2586898803711,832,26145,"iowa","pottawattamie",2017,2163
"9011",-95.9016723632812,41.2586898803711,832,26145,"iowa","pottawattamie",2018,2164
"9012",-95.9016723632812,41.2586898803711,832,26145,"iowa","pottawattamie",2019,2229
"9013",-95.9016723632812,41.2586898803711,832,26145,"iowa","pottawattamie",2020,1894
"9014",-95.9016723632812,41.2586898803711,832,26145,"iowa","pottawattamie",2021,2138
"9015",-95.9016723632812,41.2586898803711,832,26145,"iowa","pottawattamie",2022,2069
"9016",-95.9016723632812,41.2586898803711,832,26145,"iowa","pottawattamie",2023,1980
"9017",-95.9016723632812,41.2586898803711,832,26145,"iowa","pottawattamie",2024,1878
"9018",-95.9016723632812,41.2586898803711,832,26145,"iowa","pottawattamie",2025,97
"9019",-95.8787612915039,41.2930679321289,832,26146,"iowa","pottawattamie",2014,1972
"9020",-95.8787612915039,41.2930679321289,832,26146,"iowa","pottawattamie",2015,2087
"9021",-95.8787612915039,41.2930679321289,832,26146,"iowa","pottawattamie",2016,2048
"9022",-95.8787612915039,41.2930679321289,832,26146,"iowa","pottawattamie",2017,2163
"9023",-95.8787612915039,41.2930679321289,832,26146,"iowa","pottawattamie",2018,2164
"9024",-95.8787612915039,41.2930679321289,832,26146,"iowa","pottawattamie",2019,2229
"9025",-95.8787612915039,41.2930679321289,832,26146,"iowa","pottawattamie",2020,1894
"9026",-95.8787612915039,41.2930679321289,832,26146,"iowa","pottawattamie",2021,2138
"9027",-95.8787612915039,41.2930679321289,832,26146,"iowa","pottawattamie",2022,2069
"9028",-95.8787612915039,41.2930679321289,832,26146,"iowa","pottawattamie",2023,1980
"9029",-95.8787612915039,41.2930679321289,832,26146,"iowa","pottawattamie",2024,1878
"9030",-95.8787612915039,41.2930679321289,832,26146,"iowa","pottawattamie",2025,97
"9031",-95.8730316162109,41.3102569580078,832,26147,"iowa","pottawattamie",2014,1972
"9032",-95.8730316162109,41.3102569580078,832,26147,"iowa","pottawattamie",2015,2087
"9033",-95.8730316162109,41.3102569580078,832,26147,"iowa","pottawattamie",2016,2048
"9034",-95.8730316162109,41.3102569580078,832,26147,"iowa","pottawattamie",2017,2163
"9035",-95.8730316162109,41.3102569580078,832,26147,"iowa","pottawattamie",2018,2164
"9036",-95.8730316162109,41.3102569580078,832,26147,"iowa","pottawattamie",2019,2229
"9037",-95.8730316162109,41.3102569580078,832,26147,"iowa","pottawattamie",2020,1894
"9038",-95.8730316162109,41.3102569580078,832,26147,"iowa","pottawattamie",2021,2138
"9039",-95.8730316162109,41.3102569580078,832,26147,"iowa","pottawattamie",2022,2069
"9040",-95.8730316162109,41.3102569580078,832,26147,"iowa","pottawattamie",2023,1980
"9041",-95.8730316162109,41.3102569580078,832,26147,"iowa","pottawattamie",2024,1878
"9042",-95.8730316162109,41.3102569580078,832,26147,"iowa","pottawattamie",2025,97
"9043",-95.8787612915039,41.3159866333008,832,26148,"iowa","pottawattamie",2014,1972
"9044",-95.8787612915039,41.3159866333008,832,26148,"iowa","pottawattamie",2015,2087
"9045",-95.8787612915039,41.3159866333008,832,26148,"iowa","pottawattamie",2016,2048
"9046",-95.8787612915039,41.3159866333008,832,26148,"iowa","pottawattamie",2017,2163
"9047",-95.8787612915039,41.3159866333008,832,26148,"iowa","pottawattamie",2018,2164
"9048",-95.8787612915039,41.3159866333008,832,26148,"iowa","pottawattamie",2019,2229
"9049",-95.8787612915039,41.3159866333008,832,26148,"iowa","pottawattamie",2020,1894
"9050",-95.8787612915039,41.3159866333008,832,26148,"iowa","pottawattamie",2021,2138
"9051",-95.8787612915039,41.3159866333008,832,26148,"iowa","pottawattamie",2022,2069
"9052",-95.8787612915039,41.3159866333008,832,26148,"iowa","pottawattamie",2023,1980
"9053",-95.8787612915039,41.3159866333008,832,26148,"iowa","pottawattamie",2024,1878
"9054",-95.8787612915039,41.3159866333008,832,26148,"iowa","pottawattamie",2025,97
"9055",-95.9016723632812,41.3274459838867,832,26149,"iowa","pottawattamie",2014,1972
"9056",-95.9016723632812,41.3274459838867,832,26149,"iowa","pottawattamie",2015,2087
"9057",-95.9016723632812,41.3274459838867,832,26149,"iowa","pottawattamie",2016,2048
"9058",-95.9016723632812,41.3274459838867,832,26149,"iowa","pottawattamie",2017,2163
"9059",-95.9016723632812,41.3274459838867,832,26149,"iowa","pottawattamie",2018,2164
"9060",-95.9016723632812,41.3274459838867,832,26149,"iowa","pottawattamie",2019,2229
"9061",-95.9016723632812,41.3274459838867,832,26149,"iowa","pottawattamie",2020,1894
"9062",-95.9016723632812,41.3274459838867,832,26149,"iowa","pottawattamie",2021,2138
"9063",-95.9016723632812,41.3274459838867,832,26149,"iowa","pottawattamie",2022,2069
"9064",-95.9016723632812,41.3274459838867,832,26149,"iowa","pottawattamie",2023,1980
"9065",-95.9016723632812,41.3274459838867,832,26149,"iowa","pottawattamie",2024,1878
"9066",-95.9016723632812,41.3274459838867,832,26149,"iowa","pottawattamie",2025,97
"9067",-95.9245986938477,41.3389053344727,832,26150,"iowa","pottawattamie",2014,1972
"9068",-95.9245986938477,41.3389053344727,832,26150,"iowa","pottawattamie",2015,2087
"9069",-95.9245986938477,41.3389053344727,832,26150,"iowa","pottawattamie",2016,2048
"9070",-95.9245986938477,41.3389053344727,832,26150,"iowa","pottawattamie",2017,2163
"9071",-95.9245986938477,41.3389053344727,832,26150,"iowa","pottawattamie",2018,2164
"9072",-95.9245986938477,41.3389053344727,832,26150,"iowa","pottawattamie",2019,2229
"9073",-95.9245986938477,41.3389053344727,832,26150,"iowa","pottawattamie",2020,1894
"9074",-95.9245986938477,41.3389053344727,832,26150,"iowa","pottawattamie",2021,2138
"9075",-95.9245986938477,41.3389053344727,832,26150,"iowa","pottawattamie",2022,2069
"9076",-95.9245986938477,41.3389053344727,832,26150,"iowa","pottawattamie",2023,1980
"9077",-95.9245986938477,41.3389053344727,832,26150,"iowa","pottawattamie",2024,1878
"9078",-95.9245986938477,41.3389053344727,832,26150,"iowa","pottawattamie",2025,97
"9079",-95.9303207397461,41.3503646850586,832,26151,"iowa","pottawattamie",2014,1972
"9080",-95.9303207397461,41.3503646850586,832,26151,"iowa","pottawattamie",2015,2087
"9081",-95.9303207397461,41.3503646850586,832,26151,"iowa","pottawattamie",2016,2048
"9082",-95.9303207397461,41.3503646850586,832,26151,"iowa","pottawattamie",2017,2163
"9083",-95.9303207397461,41.3503646850586,832,26151,"iowa","pottawattamie",2018,2164
"9084",-95.9303207397461,41.3503646850586,832,26151,"iowa","pottawattamie",2019,2229
"9085",-95.9303207397461,41.3503646850586,832,26151,"iowa","pottawattamie",2020,1894
"9086",-95.9303207397461,41.3503646850586,832,26151,"iowa","pottawattamie",2021,2138
"9087",-95.9303207397461,41.3503646850586,832,26151,"iowa","pottawattamie",2022,2069
"9088",-95.9303207397461,41.3503646850586,832,26151,"iowa","pottawattamie",2023,1980
"9089",-95.9303207397461,41.3503646850586,832,26151,"iowa","pottawattamie",2024,1878
"9090",-95.9303207397461,41.3503646850586,832,26151,"iowa","pottawattamie",2025,97
"9091",-95.9245986938477,41.3618240356445,832,26152,"iowa","pottawattamie",2014,1972
"9092",-95.9245986938477,41.3618240356445,832,26152,"iowa","pottawattamie",2015,2087
"9093",-95.9245986938477,41.3618240356445,832,26152,"iowa","pottawattamie",2016,2048
"9094",-95.9245986938477,41.3618240356445,832,26152,"iowa","pottawattamie",2017,2163
"9095",-95.9245986938477,41.3618240356445,832,26152,"iowa","pottawattamie",2018,2164
"9096",-95.9245986938477,41.3618240356445,832,26152,"iowa","pottawattamie",2019,2229
"9097",-95.9245986938477,41.3618240356445,832,26152,"iowa","pottawattamie",2020,1894
"9098",-95.9245986938477,41.3618240356445,832,26152,"iowa","pottawattamie",2021,2138
"9099",-95.9245986938477,41.3618240356445,832,26152,"iowa","pottawattamie",2022,2069
"9100",-95.9245986938477,41.3618240356445,832,26152,"iowa","pottawattamie",2023,1980
"9101",-95.9245986938477,41.3618240356445,832,26152,"iowa","pottawattamie",2024,1878
"9102",-95.9245986938477,41.3618240356445,832,26152,"iowa","pottawattamie",2025,97
"9103",-95.9245986938477,41.3847427368164,832,26153,"iowa","pottawattamie",2014,1972
"9104",-95.9245986938477,41.3847427368164,832,26153,"iowa","pottawattamie",2015,2087
"9105",-95.9245986938477,41.3847427368164,832,26153,"iowa","pottawattamie",2016,2048
"9106",-95.9245986938477,41.3847427368164,832,26153,"iowa","pottawattamie",2017,2163
"9107",-95.9245986938477,41.3847427368164,832,26153,"iowa","pottawattamie",2018,2164
"9108",-95.9245986938477,41.3847427368164,832,26153,"iowa","pottawattamie",2019,2229
"9109",-95.9245986938477,41.3847427368164,832,26153,"iowa","pottawattamie",2020,1894
"9110",-95.9245986938477,41.3847427368164,832,26153,"iowa","pottawattamie",2021,2138
"9111",-95.9245986938477,41.3847427368164,832,26153,"iowa","pottawattamie",2022,2069
"9112",-95.9245986938477,41.3847427368164,832,26153,"iowa","pottawattamie",2023,1980
"9113",-95.9245986938477,41.3847427368164,832,26153,"iowa","pottawattamie",2024,1878
"9114",-95.9245986938477,41.3847427368164,832,26153,"iowa","pottawattamie",2025,97
"9115",-95.9303207397461,41.419116973877,832,26154,"iowa","pottawattamie",2014,1972
"9116",-95.9303207397461,41.419116973877,832,26154,"iowa","pottawattamie",2015,2087
"9117",-95.9303207397461,41.419116973877,832,26154,"iowa","pottawattamie",2016,2048
"9118",-95.9303207397461,41.419116973877,832,26154,"iowa","pottawattamie",2017,2163
"9119",-95.9303207397461,41.419116973877,832,26154,"iowa","pottawattamie",2018,2164
"9120",-95.9303207397461,41.419116973877,832,26154,"iowa","pottawattamie",2019,2229
"9121",-95.9303207397461,41.419116973877,832,26154,"iowa","pottawattamie",2020,1894
"9122",-95.9303207397461,41.419116973877,832,26154,"iowa","pottawattamie",2021,2138
"9123",-95.9303207397461,41.419116973877,832,26154,"iowa","pottawattamie",2022,2069
"9124",-95.9303207397461,41.419116973877,832,26154,"iowa","pottawattamie",2023,1980
"9125",-95.9303207397461,41.419116973877,832,26154,"iowa","pottawattamie",2024,1878
"9126",-95.9303207397461,41.419116973877,832,26154,"iowa","pottawattamie",2025,97
"9127",-95.9360504150391,41.4420356750488,832,26155,"iowa","pottawattamie",2014,1972
"9128",-95.9360504150391,41.4420356750488,832,26155,"iowa","pottawattamie",2015,2087
"9129",-95.9360504150391,41.4420356750488,832,26155,"iowa","pottawattamie",2016,2048
"9130",-95.9360504150391,41.4420356750488,832,26155,"iowa","pottawattamie",2017,2163
"9131",-95.9360504150391,41.4420356750488,832,26155,"iowa","pottawattamie",2018,2164
"9132",-95.9360504150391,41.4420356750488,832,26155,"iowa","pottawattamie",2019,2229
"9133",-95.9360504150391,41.4420356750488,832,26155,"iowa","pottawattamie",2020,1894
"9134",-95.9360504150391,41.4420356750488,832,26155,"iowa","pottawattamie",2021,2138
"9135",-95.9360504150391,41.4420356750488,832,26155,"iowa","pottawattamie",2022,2069
"9136",-95.9360504150391,41.4420356750488,832,26155,"iowa","pottawattamie",2023,1980
"9137",-95.9360504150391,41.4420356750488,832,26155,"iowa","pottawattamie",2024,1878
"9138",-95.9360504150391,41.4420356750488,832,26155,"iowa","pottawattamie",2025,97
"9139",-95.947509765625,41.4592247009277,832,26156,"iowa","pottawattamie",2014,1972
"9140",-95.947509765625,41.4592247009277,832,26156,"iowa","pottawattamie",2015,2087
"9141",-95.947509765625,41.4592247009277,832,26156,"iowa","pottawattamie",2016,2048
"9142",-95.947509765625,41.4592247009277,832,26156,"iowa","pottawattamie",2017,2163
"9143",-95.947509765625,41.4592247009277,832,26156,"iowa","pottawattamie",2018,2164
"9144",-95.947509765625,41.4592247009277,832,26156,"iowa","pottawattamie",2019,2229
"9145",-95.947509765625,41.4592247009277,832,26156,"iowa","pottawattamie",2020,1894
"9146",-95.947509765625,41.4592247009277,832,26156,"iowa","pottawattamie",2021,2138
"9147",-95.947509765625,41.4592247009277,832,26156,"iowa","pottawattamie",2022,2069
"9148",-95.947509765625,41.4592247009277,832,26156,"iowa","pottawattamie",2023,1980
"9149",-95.947509765625,41.4592247009277,832,26156,"iowa","pottawattamie",2024,1878
"9150",-95.947509765625,41.4592247009277,832,26156,"iowa","pottawattamie",2025,97
"9151",-95.9990768432617,41.4878730773926,832,26157,"iowa","pottawattamie",2014,1972
"9152",-95.9990768432617,41.4878730773926,832,26157,"iowa","pottawattamie",2015,2087
"9153",-95.9990768432617,41.4878730773926,832,26157,"iowa","pottawattamie",2016,2048
"9154",-95.9990768432617,41.4878730773926,832,26157,"iowa","pottawattamie",2017,2163
"9155",-95.9990768432617,41.4878730773926,832,26157,"iowa","pottawattamie",2018,2164
"9156",-95.9990768432617,41.4878730773926,832,26157,"iowa","pottawattamie",2019,2229
"9157",-95.9990768432617,41.4878730773926,832,26157,"iowa","pottawattamie",2020,1894
"9158",-95.9990768432617,41.4878730773926,832,26157,"iowa","pottawattamie",2021,2138
"9159",-95.9990768432617,41.4878730773926,832,26157,"iowa","pottawattamie",2022,2069
"9160",-95.9990768432617,41.4878730773926,832,26157,"iowa","pottawattamie",2023,1980
"9161",-95.9990768432617,41.4878730773926,832,26157,"iowa","pottawattamie",2024,1878
"9162",-95.9990768432617,41.4878730773926,832,26157,"iowa","pottawattamie",2025,97
"9163",-96.0048141479492,41.5050621032715,832,26158,"iowa","pottawattamie",2014,1972
"9164",-96.0048141479492,41.5050621032715,832,26158,"iowa","pottawattamie",2015,2087
"9165",-96.0048141479492,41.5050621032715,832,26158,"iowa","pottawattamie",2016,2048
"9166",-96.0048141479492,41.5050621032715,832,26158,"iowa","pottawattamie",2017,2163
"9167",-96.0048141479492,41.5050621032715,832,26158,"iowa","pottawattamie",2018,2164
"9168",-96.0048141479492,41.5050621032715,832,26158,"iowa","pottawattamie",2019,2229
"9169",-96.0048141479492,41.5050621032715,832,26158,"iowa","pottawattamie",2020,1894
"9170",-96.0048141479492,41.5050621032715,832,26158,"iowa","pottawattamie",2021,2138
"9171",-96.0048141479492,41.5050621032715,832,26158,"iowa","pottawattamie",2022,2069
"9172",-96.0048141479492,41.5050621032715,832,26158,"iowa","pottawattamie",2023,1980
"9173",-96.0048141479492,41.5050621032715,832,26158,"iowa","pottawattamie",2024,1878
"9174",-96.0048141479492,41.5050621032715,832,26158,"iowa","pottawattamie",2025,97
"9175",-95.494873046875,41.5050621032715,832,26159,"iowa","pottawattamie",2014,1972
"9176",-95.494873046875,41.5050621032715,832,26159,"iowa","pottawattamie",2015,2087
"9177",-95.494873046875,41.5050621032715,832,26159,"iowa","pottawattamie",2016,2048
"9178",-95.494873046875,41.5050621032715,832,26159,"iowa","pottawattamie",2017,2163
"9179",-95.494873046875,41.5050621032715,832,26159,"iowa","pottawattamie",2018,2164
"9180",-95.494873046875,41.5050621032715,832,26159,"iowa","pottawattamie",2019,2229
"9181",-95.494873046875,41.5050621032715,832,26159,"iowa","pottawattamie",2020,1894
"9182",-95.494873046875,41.5050621032715,832,26159,"iowa","pottawattamie",2021,2138
"9183",-95.494873046875,41.5050621032715,832,26159,"iowa","pottawattamie",2022,2069
"9184",-95.494873046875,41.5050621032715,832,26159,"iowa","pottawattamie",2023,1980
"9185",-95.494873046875,41.5050621032715,832,26159,"iowa","pottawattamie",2024,1878
"9186",-95.494873046875,41.5050621032715,832,26159,"iowa","pottawattamie",2025,97
"9187",-95.1682891845703,41.5050621032715,832,26160,"iowa","pottawattamie",2014,1972
"9188",-95.1682891845703,41.5050621032715,832,26160,"iowa","pottawattamie",2015,2087
"9189",-95.1682891845703,41.5050621032715,832,26160,"iowa","pottawattamie",2016,2048
"9190",-95.1682891845703,41.5050621032715,832,26160,"iowa","pottawattamie",2017,2163
"9191",-95.1682891845703,41.5050621032715,832,26160,"iowa","pottawattamie",2018,2164
"9192",-95.1682891845703,41.5050621032715,832,26160,"iowa","pottawattamie",2019,2229
"9193",-95.1682891845703,41.5050621032715,832,26160,"iowa","pottawattamie",2020,1894
"9194",-95.1682891845703,41.5050621032715,832,26160,"iowa","pottawattamie",2021,2138
"9195",-95.1682891845703,41.5050621032715,832,26160,"iowa","pottawattamie",2022,2069
"9196",-95.1682891845703,41.5050621032715,832,26160,"iowa","pottawattamie",2023,1980
"9197",-95.1682891845703,41.5050621032715,832,26160,"iowa","pottawattamie",2024,1878
"9198",-95.1682891845703,41.5050621032715,832,26160,"iowa","pottawattamie",2025,97
"9199",-95.1625595092773,41.1555557250977,832,26161,"iowa","pottawattamie",2014,1972
"9200",-95.1625595092773,41.1555557250977,832,26161,"iowa","pottawattamie",2015,2087
"9201",-95.1625595092773,41.1555557250977,832,26161,"iowa","pottawattamie",2016,2048
"9202",-95.1625595092773,41.1555557250977,832,26161,"iowa","pottawattamie",2017,2163
"9203",-95.1625595092773,41.1555557250977,832,26161,"iowa","pottawattamie",2018,2164
"9204",-95.1625595092773,41.1555557250977,832,26161,"iowa","pottawattamie",2019,2229
"9205",-95.1625595092773,41.1555557250977,832,26161,"iowa","pottawattamie",2020,1894
"9206",-95.1625595092773,41.1555557250977,832,26161,"iowa","pottawattamie",2021,2138
"9207",-95.1625595092773,41.1555557250977,832,26161,"iowa","pottawattamie",2022,2069
"9208",-95.1625595092773,41.1555557250977,832,26161,"iowa","pottawattamie",2023,1980
"9209",-95.1625595092773,41.1555557250977,832,26161,"iowa","pottawattamie",2024,1878
"9210",-95.1625595092773,41.1555557250977,832,26161,"iowa","pottawattamie",2025,97
"9211",-92.7618637084961,41.871753692627,833,26163,"iowa","poweshiek",2014,326
"9212",-92.7618637084961,41.871753692627,833,26163,"iowa","poweshiek",2015,338
"9213",-92.7618637084961,41.871753692627,833,26163,"iowa","poweshiek",2016,321
"9214",-92.7618637084961,41.871753692627,833,26163,"iowa","poweshiek",2017,318
"9215",-92.7618637084961,41.871753692627,833,26163,"iowa","poweshiek",2018,348
"9216",-92.7618637084961,41.871753692627,833,26163,"iowa","poweshiek",2019,324
"9217",-92.7618637084961,41.871753692627,833,26163,"iowa","poweshiek",2020,274
"9218",-92.7618637084961,41.871753692627,833,26163,"iowa","poweshiek",2021,322
"9219",-92.7618637084961,41.871753692627,833,26163,"iowa","poweshiek",2022,312
"9220",-92.7618637084961,41.871753692627,833,26163,"iowa","poweshiek",2023,278
"9221",-92.7618637084961,41.871753692627,833,26163,"iowa","poweshiek",2024,318
"9222",-92.7618637084961,41.871753692627,833,26163,"iowa","poweshiek",2025,25
"9223",-92.2805786132812,41.871753692627,833,26164,"iowa","poweshiek",2014,326
"9224",-92.2805786132812,41.871753692627,833,26164,"iowa","poweshiek",2015,338
"9225",-92.2805786132812,41.871753692627,833,26164,"iowa","poweshiek",2016,321
"9226",-92.2805786132812,41.871753692627,833,26164,"iowa","poweshiek",2017,318
"9227",-92.2805786132812,41.871753692627,833,26164,"iowa","poweshiek",2018,348
"9228",-92.2805786132812,41.871753692627,833,26164,"iowa","poweshiek",2019,324
"9229",-92.2805786132812,41.871753692627,833,26164,"iowa","poweshiek",2020,274
"9230",-92.2805786132812,41.871753692627,833,26164,"iowa","poweshiek",2021,322
"9231",-92.2805786132812,41.871753692627,833,26164,"iowa","poweshiek",2022,312
"9232",-92.2805786132812,41.871753692627,833,26164,"iowa","poweshiek",2023,278
"9233",-92.2805786132812,41.871753692627,833,26164,"iowa","poweshiek",2024,318
"9234",-92.2805786132812,41.871753692627,833,26164,"iowa","poweshiek",2025,25
"9235",-92.2863159179688,41.6081924438477,833,26165,"iowa","poweshiek",2014,326
"9236",-92.2863159179688,41.6081924438477,833,26165,"iowa","poweshiek",2015,338
"9237",-92.2863159179688,41.6081924438477,833,26165,"iowa","poweshiek",2016,321
"9238",-92.2863159179688,41.6081924438477,833,26165,"iowa","poweshiek",2017,318
"9239",-92.2863159179688,41.6081924438477,833,26165,"iowa","poweshiek",2018,348
"9240",-92.2863159179688,41.6081924438477,833,26165,"iowa","poweshiek",2019,324
"9241",-92.2863159179688,41.6081924438477,833,26165,"iowa","poweshiek",2020,274
"9242",-92.2863159179688,41.6081924438477,833,26165,"iowa","poweshiek",2021,322
"9243",-92.2863159179688,41.6081924438477,833,26165,"iowa","poweshiek",2022,312
"9244",-92.2863159179688,41.6081924438477,833,26165,"iowa","poweshiek",2023,278
"9245",-92.2863159179688,41.6081924438477,833,26165,"iowa","poweshiek",2024,318
"9246",-92.2863159179688,41.6081924438477,833,26165,"iowa","poweshiek",2025,25
"9247",-92.2748489379883,41.6081924438477,833,26166,"iowa","poweshiek",2014,326
"9248",-92.2748489379883,41.6081924438477,833,26166,"iowa","poweshiek",2015,338
"9249",-92.2748489379883,41.6081924438477,833,26166,"iowa","poweshiek",2016,321
"9250",-92.2748489379883,41.6081924438477,833,26166,"iowa","poweshiek",2017,318
"9251",-92.2748489379883,41.6081924438477,833,26166,"iowa","poweshiek",2018,348
"9252",-92.2748489379883,41.6081924438477,833,26166,"iowa","poweshiek",2019,324
"9253",-92.2748489379883,41.6081924438477,833,26166,"iowa","poweshiek",2020,274
"9254",-92.2748489379883,41.6081924438477,833,26166,"iowa","poweshiek",2021,322
"9255",-92.2748489379883,41.6081924438477,833,26166,"iowa","poweshiek",2022,312
"9256",-92.2748489379883,41.6081924438477,833,26166,"iowa","poweshiek",2023,278
"9257",-92.2748489379883,41.6081924438477,833,26166,"iowa","poweshiek",2024,318
"9258",-92.2748489379883,41.6081924438477,833,26166,"iowa","poweshiek",2025,25
"9259",-92.2691192626953,41.5222511291504,833,26167,"iowa","poweshiek",2014,326
"9260",-92.2691192626953,41.5222511291504,833,26167,"iowa","poweshiek",2015,338
"9261",-92.2691192626953,41.5222511291504,833,26167,"iowa","poweshiek",2016,321
"9262",-92.2691192626953,41.5222511291504,833,26167,"iowa","poweshiek",2017,318
"9263",-92.2691192626953,41.5222511291504,833,26167,"iowa","poweshiek",2018,348
"9264",-92.2691192626953,41.5222511291504,833,26167,"iowa","poweshiek",2019,324
"9265",-92.2691192626953,41.5222511291504,833,26167,"iowa","poweshiek",2020,274
"9266",-92.2691192626953,41.5222511291504,833,26167,"iowa","poweshiek",2021,322
"9267",-92.2691192626953,41.5222511291504,833,26167,"iowa","poweshiek",2022,312
"9268",-92.2691192626953,41.5222511291504,833,26167,"iowa","poweshiek",2023,278
"9269",-92.2691192626953,41.5222511291504,833,26167,"iowa","poweshiek",2024,318
"9270",-92.2691192626953,41.5222511291504,833,26167,"iowa","poweshiek",2025,25
"9271",-92.4123611450195,41.5222511291504,833,26168,"iowa","poweshiek",2014,326
"9272",-92.4123611450195,41.5222511291504,833,26168,"iowa","poweshiek",2015,338
"9273",-92.4123611450195,41.5222511291504,833,26168,"iowa","poweshiek",2016,321
"9274",-92.4123611450195,41.5222511291504,833,26168,"iowa","poweshiek",2017,318
"9275",-92.4123611450195,41.5222511291504,833,26168,"iowa","poweshiek",2018,348
"9276",-92.4123611450195,41.5222511291504,833,26168,"iowa","poweshiek",2019,324
"9277",-92.4123611450195,41.5222511291504,833,26168,"iowa","poweshiek",2020,274
"9278",-92.4123611450195,41.5222511291504,833,26168,"iowa","poweshiek",2021,322
"9279",-92.4123611450195,41.5222511291504,833,26168,"iowa","poweshiek",2022,312
"9280",-92.4123611450195,41.5222511291504,833,26168,"iowa","poweshiek",2023,278
"9281",-92.4123611450195,41.5222511291504,833,26168,"iowa","poweshiek",2024,318
"9282",-92.4123611450195,41.5222511291504,833,26168,"iowa","poweshiek",2025,25
"9283",-92.7446823120117,41.5165214538574,833,26169,"iowa","poweshiek",2014,326
"9284",-92.7446823120117,41.5165214538574,833,26169,"iowa","poweshiek",2015,338
"9285",-92.7446823120117,41.5165214538574,833,26169,"iowa","poweshiek",2016,321
"9286",-92.7446823120117,41.5165214538574,833,26169,"iowa","poweshiek",2017,318
"9287",-92.7446823120117,41.5165214538574,833,26169,"iowa","poweshiek",2018,348
"9288",-92.7446823120117,41.5165214538574,833,26169,"iowa","poweshiek",2019,324
"9289",-92.7446823120117,41.5165214538574,833,26169,"iowa","poweshiek",2020,274
"9290",-92.7446823120117,41.5165214538574,833,26169,"iowa","poweshiek",2021,322
"9291",-92.7446823120117,41.5165214538574,833,26169,"iowa","poweshiek",2022,312
"9292",-92.7446823120117,41.5165214538574,833,26169,"iowa","poweshiek",2023,278
"9293",-92.7446823120117,41.5165214538574,833,26169,"iowa","poweshiek",2024,318
"9294",-92.7446823120117,41.5165214538574,833,26169,"iowa","poweshiek",2025,25
"9295",-92.7446823120117,41.6311111450195,833,26170,"iowa","poweshiek",2014,326
"9296",-92.7446823120117,41.6311111450195,833,26170,"iowa","poweshiek",2015,338
"9297",-92.7446823120117,41.6311111450195,833,26170,"iowa","poweshiek",2016,321
"9298",-92.7446823120117,41.6311111450195,833,26170,"iowa","poweshiek",2017,318
"9299",-92.7446823120117,41.6311111450195,833,26170,"iowa","poweshiek",2018,348
"9300",-92.7446823120117,41.6311111450195,833,26170,"iowa","poweshiek",2019,324
"9301",-92.7446823120117,41.6311111450195,833,26170,"iowa","poweshiek",2020,274
"9302",-92.7446823120117,41.6311111450195,833,26170,"iowa","poweshiek",2021,322
"9303",-92.7446823120117,41.6311111450195,833,26170,"iowa","poweshiek",2022,312
"9304",-92.7446823120117,41.6311111450195,833,26170,"iowa","poweshiek",2023,278
"9305",-92.7446823120117,41.6311111450195,833,26170,"iowa","poweshiek",2024,318
"9306",-92.7446823120117,41.6311111450195,833,26170,"iowa","poweshiek",2025,25
"9307",-92.7618637084961,41.6311111450195,833,26171,"iowa","poweshiek",2014,326
"9308",-92.7618637084961,41.6311111450195,833,26171,"iowa","poweshiek",2015,338
"9309",-92.7618637084961,41.6311111450195,833,26171,"iowa","poweshiek",2016,321
"9310",-92.7618637084961,41.6311111450195,833,26171,"iowa","poweshiek",2017,318
"9311",-92.7618637084961,41.6311111450195,833,26171,"iowa","poweshiek",2018,348
"9312",-92.7618637084961,41.6311111450195,833,26171,"iowa","poweshiek",2019,324
"9313",-92.7618637084961,41.6311111450195,833,26171,"iowa","poweshiek",2020,274
"9314",-92.7618637084961,41.6311111450195,833,26171,"iowa","poweshiek",2021,322
"9315",-92.7618637084961,41.6311111450195,833,26171,"iowa","poweshiek",2022,312
"9316",-92.7618637084961,41.6311111450195,833,26171,"iowa","poweshiek",2023,278
"9317",-92.7618637084961,41.6311111450195,833,26171,"iowa","poweshiek",2024,318
"9318",-92.7618637084961,41.6311111450195,833,26171,"iowa","poweshiek",2025,25
"9319",-92.7618637084961,41.871753692627,833,26172,"iowa","poweshiek",2014,326
"9320",-92.7618637084961,41.871753692627,833,26172,"iowa","poweshiek",2015,338
"9321",-92.7618637084961,41.871753692627,833,26172,"iowa","poweshiek",2016,321
"9322",-92.7618637084961,41.871753692627,833,26172,"iowa","poweshiek",2017,318
"9323",-92.7618637084961,41.871753692627,833,26172,"iowa","poweshiek",2018,348
"9324",-92.7618637084961,41.871753692627,833,26172,"iowa","poweshiek",2019,324
"9325",-92.7618637084961,41.871753692627,833,26172,"iowa","poweshiek",2020,274
"9326",-92.7618637084961,41.871753692627,833,26172,"iowa","poweshiek",2021,322
"9327",-92.7618637084961,41.871753692627,833,26172,"iowa","poweshiek",2022,312
"9328",-92.7618637084961,41.871753692627,833,26172,"iowa","poweshiek",2023,278
"9329",-92.7618637084961,41.871753692627,833,26172,"iowa","poweshiek",2024,318
"9330",-92.7618637084961,41.871753692627,833,26172,"iowa","poweshiek",2025,25
"9331",-94.0166473388672,40.9034576416016,834,26174,"iowa","ringgold",2014,41
"9332",-94.0166473388672,40.9034576416016,834,26174,"iowa","ringgold",2015,39
"9333",-94.0166473388672,40.9034576416016,834,26174,"iowa","ringgold",2016,32
"9334",-94.0166473388672,40.9034576416016,834,26174,"iowa","ringgold",2017,37
"9335",-94.0166473388672,40.9034576416016,834,26174,"iowa","ringgold",2018,48
"9336",-94.0166473388672,40.9034576416016,834,26174,"iowa","ringgold",2019,52
"9337",-94.0166473388672,40.9034576416016,834,26174,"iowa","ringgold",2020,59
"9338",-94.0166473388672,40.9034576416016,834,26174,"iowa","ringgold",2021,44
"9339",-94.0166473388672,40.9034576416016,834,26174,"iowa","ringgold",2022,53
"9340",-94.0166473388672,40.9034576416016,834,26174,"iowa","ringgold",2023,56
"9341",-94.0166473388672,40.9034576416016,834,26174,"iowa","ringgold",2024,56
"9342",-94.0166473388672,40.9034576416016,834,26174,"iowa","ringgold",2025,1
"9343",-94.0166473388672,40.5997886657715,834,26175,"iowa","ringgold",2014,41
"9344",-94.0166473388672,40.5997886657715,834,26175,"iowa","ringgold",2015,39
"9345",-94.0166473388672,40.5997886657715,834,26175,"iowa","ringgold",2016,32
"9346",-94.0166473388672,40.5997886657715,834,26175,"iowa","ringgold",2017,37
"9347",-94.0166473388672,40.5997886657715,834,26175,"iowa","ringgold",2018,48
"9348",-94.0166473388672,40.5997886657715,834,26175,"iowa","ringgold",2019,52
"9349",-94.0166473388672,40.5997886657715,834,26175,"iowa","ringgold",2020,59
"9350",-94.0166473388672,40.5997886657715,834,26175,"iowa","ringgold",2021,44
"9351",-94.0166473388672,40.5997886657715,834,26175,"iowa","ringgold",2022,53
"9352",-94.0166473388672,40.5997886657715,834,26175,"iowa","ringgold",2023,56
"9353",-94.0166473388672,40.5997886657715,834,26175,"iowa","ringgold",2024,56
"9354",-94.0166473388672,40.5997886657715,834,26175,"iowa","ringgold",2025,1
"9355",-94.2400970458984,40.5940628051758,834,26176,"iowa","ringgold",2014,41
"9356",-94.2400970458984,40.5940628051758,834,26176,"iowa","ringgold",2015,39
"9357",-94.2400970458984,40.5940628051758,834,26176,"iowa","ringgold",2016,32
"9358",-94.2400970458984,40.5940628051758,834,26176,"iowa","ringgold",2017,37
"9359",-94.2400970458984,40.5940628051758,834,26176,"iowa","ringgold",2018,48
"9360",-94.2400970458984,40.5940628051758,834,26176,"iowa","ringgold",2019,52
"9361",-94.2400970458984,40.5940628051758,834,26176,"iowa","ringgold",2020,59
"9362",-94.2400970458984,40.5940628051758,834,26176,"iowa","ringgold",2021,44
"9363",-94.2400970458984,40.5940628051758,834,26176,"iowa","ringgold",2022,53
"9364",-94.2400970458984,40.5940628051758,834,26176,"iowa","ringgold",2023,56
"9365",-94.2400970458984,40.5940628051758,834,26176,"iowa","ringgold",2024,56
"9366",-94.2400970458984,40.5940628051758,834,26176,"iowa","ringgold",2025,1
"9367",-94.4807434082031,40.5940628051758,834,26177,"iowa","ringgold",2014,41
"9368",-94.4807434082031,40.5940628051758,834,26177,"iowa","ringgold",2015,39
"9369",-94.4807434082031,40.5940628051758,834,26177,"iowa","ringgold",2016,32
"9370",-94.4807434082031,40.5940628051758,834,26177,"iowa","ringgold",2017,37
"9371",-94.4807434082031,40.5940628051758,834,26177,"iowa","ringgold",2018,48
"9372",-94.4807434082031,40.5940628051758,834,26177,"iowa","ringgold",2019,52
"9373",-94.4807434082031,40.5940628051758,834,26177,"iowa","ringgold",2020,59
"9374",-94.4807434082031,40.5940628051758,834,26177,"iowa","ringgold",2021,44
"9375",-94.4807434082031,40.5940628051758,834,26177,"iowa","ringgold",2022,53
"9376",-94.4807434082031,40.5940628051758,834,26177,"iowa","ringgold",2023,56
"9377",-94.4807434082031,40.5940628051758,834,26177,"iowa","ringgold",2024,56
"9378",-94.4807434082031,40.5940628051758,834,26177,"iowa","ringgold",2025,1
"9379",-94.4864654541016,40.9034576416016,834,26178,"iowa","ringgold",2014,41
"9380",-94.4864654541016,40.9034576416016,834,26178,"iowa","ringgold",2015,39
"9381",-94.4864654541016,40.9034576416016,834,26178,"iowa","ringgold",2016,32
"9382",-94.4864654541016,40.9034576416016,834,26178,"iowa","ringgold",2017,37
"9383",-94.4864654541016,40.9034576416016,834,26178,"iowa","ringgold",2018,48
"9384",-94.4864654541016,40.9034576416016,834,26178,"iowa","ringgold",2019,52
"9385",-94.4864654541016,40.9034576416016,834,26178,"iowa","ringgold",2020,59
"9386",-94.4864654541016,40.9034576416016,834,26178,"iowa","ringgold",2021,44
"9387",-94.4864654541016,40.9034576416016,834,26178,"iowa","ringgold",2022,53
"9388",-94.4864654541016,40.9034576416016,834,26178,"iowa","ringgold",2023,56
"9389",-94.4864654541016,40.9034576416016,834,26178,"iowa","ringgold",2024,56
"9390",-94.4864654541016,40.9034576416016,834,26178,"iowa","ringgold",2025,1
"9391",-94.0166473388672,40.9034576416016,834,26179,"iowa","ringgold",2014,41
"9392",-94.0166473388672,40.9034576416016,834,26179,"iowa","ringgold",2015,39
"9393",-94.0166473388672,40.9034576416016,834,26179,"iowa","ringgold",2016,32
"9394",-94.0166473388672,40.9034576416016,834,26179,"iowa","ringgold",2017,37
"9395",-94.0166473388672,40.9034576416016,834,26179,"iowa","ringgold",2018,48
"9396",-94.0166473388672,40.9034576416016,834,26179,"iowa","ringgold",2019,52
"9397",-94.0166473388672,40.9034576416016,834,26179,"iowa","ringgold",2020,59
"9398",-94.0166473388672,40.9034576416016,834,26179,"iowa","ringgold",2021,44
"9399",-94.0166473388672,40.9034576416016,834,26179,"iowa","ringgold",2022,53
"9400",-94.0166473388672,40.9034576416016,834,26179,"iowa","ringgold",2023,56
"9401",-94.0166473388672,40.9034576416016,834,26179,"iowa","ringgold",2024,56
"9402",-94.0166473388672,40.9034576416016,834,26179,"iowa","ringgold",2025,1
"9403",-95.3974685668945,42.5650367736816,835,26181,"iowa","sac",2014,140
"9404",-95.3974685668945,42.5650367736816,835,26181,"iowa","sac",2015,125
"9405",-95.3974685668945,42.5650367736816,835,26181,"iowa","sac",2016,154
"9406",-95.3974685668945,42.5650367736816,835,26181,"iowa","sac",2017,181
"9407",-95.3974685668945,42.5650367736816,835,26181,"iowa","sac",2018,156
"9408",-95.3974685668945,42.5650367736816,835,26181,"iowa","sac",2019,131
"9409",-95.3974685668945,42.5650367736816,835,26181,"iowa","sac",2020,159
"9410",-95.3974685668945,42.5650367736816,835,26181,"iowa","sac",2021,147
"9411",-95.3974685668945,42.5650367736816,835,26181,"iowa","sac",2022,188
"9412",-95.3974685668945,42.5650367736816,835,26181,"iowa","sac",2023,172
"9413",-95.3974685668945,42.5650367736816,835,26181,"iowa","sac",2024,149
"9414",-95.3974685668945,42.5650367736816,835,26181,"iowa","sac",2025,8
"9415",-94.9219207763672,42.5593032836914,835,26182,"iowa","sac",2014,140
"9416",-94.9219207763672,42.5593032836914,835,26182,"iowa","sac",2015,125
"9417",-94.9219207763672,42.5593032836914,835,26182,"iowa","sac",2016,154
"9418",-94.9219207763672,42.5593032836914,835,26182,"iowa","sac",2017,181
"9419",-94.9219207763672,42.5593032836914,835,26182,"iowa","sac",2018,156
"9420",-94.9219207763672,42.5593032836914,835,26182,"iowa","sac",2019,131
"9421",-94.9219207763672,42.5593032836914,835,26182,"iowa","sac",2020,159
"9422",-94.9219207763672,42.5593032836914,835,26182,"iowa","sac",2021,147
"9423",-94.9219207763672,42.5593032836914,835,26182,"iowa","sac",2022,188
"9424",-94.9219207763672,42.5593032836914,835,26182,"iowa","sac",2023,172
"9425",-94.9219207763672,42.5593032836914,835,26182,"iowa","sac",2024,149
"9426",-94.9219207763672,42.5593032836914,835,26182,"iowa","sac",2025,8
"9427",-94.9219207763672,42.4733619689941,835,26183,"iowa","sac",2014,140
"9428",-94.9219207763672,42.4733619689941,835,26183,"iowa","sac",2015,125
"9429",-94.9219207763672,42.4733619689941,835,26183,"iowa","sac",2016,154
"9430",-94.9219207763672,42.4733619689941,835,26183,"iowa","sac",2017,181
"9431",-94.9219207763672,42.4733619689941,835,26183,"iowa","sac",2018,156
"9432",-94.9219207763672,42.4733619689941,835,26183,"iowa","sac",2019,131
"9433",-94.9219207763672,42.4733619689941,835,26183,"iowa","sac",2020,159
"9434",-94.9219207763672,42.4733619689941,835,26183,"iowa","sac",2021,147
"9435",-94.9219207763672,42.4733619689941,835,26183,"iowa","sac",2022,188
"9436",-94.9219207763672,42.4733619689941,835,26183,"iowa","sac",2023,172
"9437",-94.9219207763672,42.4733619689941,835,26183,"iowa","sac",2024,149
"9438",-94.9219207763672,42.4733619689941,835,26183,"iowa","sac",2025,8
"9439",-94.8646240234375,42.4733619689941,835,26184,"iowa","sac",2014,140
"9440",-94.8646240234375,42.4733619689941,835,26184,"iowa","sac",2015,125
"9441",-94.8646240234375,42.4733619689941,835,26184,"iowa","sac",2016,154
"9442",-94.8646240234375,42.4733619689941,835,26184,"iowa","sac",2017,181
"9443",-94.8646240234375,42.4733619689941,835,26184,"iowa","sac",2018,156
"9444",-94.8646240234375,42.4733619689941,835,26184,"iowa","sac",2019,131
"9445",-94.8646240234375,42.4733619689941,835,26184,"iowa","sac",2020,159
"9446",-94.8646240234375,42.4733619689941,835,26184,"iowa","sac",2021,147
"9447",-94.8646240234375,42.4733619689941,835,26184,"iowa","sac",2022,188
"9448",-94.8646240234375,42.4733619689941,835,26184,"iowa","sac",2023,172
"9449",-94.8646240234375,42.4733619689941,835,26184,"iowa","sac",2024,149
"9450",-94.8646240234375,42.4733619689941,835,26184,"iowa","sac",2025,8
"9451",-94.8703536987305,42.2098007202148,835,26185,"iowa","sac",2014,140
"9452",-94.8703536987305,42.2098007202148,835,26185,"iowa","sac",2015,125
"9453",-94.8703536987305,42.2098007202148,835,26185,"iowa","sac",2016,154
"9454",-94.8703536987305,42.2098007202148,835,26185,"iowa","sac",2017,181
"9455",-94.8703536987305,42.2098007202148,835,26185,"iowa","sac",2018,156
"9456",-94.8703536987305,42.2098007202148,835,26185,"iowa","sac",2019,131
"9457",-94.8703536987305,42.2098007202148,835,26185,"iowa","sac",2020,159
"9458",-94.8703536987305,42.2098007202148,835,26185,"iowa","sac",2021,147
"9459",-94.8703536987305,42.2098007202148,835,26185,"iowa","sac",2022,188
"9460",-94.8703536987305,42.2098007202148,835,26185,"iowa","sac",2023,172
"9461",-94.8703536987305,42.2098007202148,835,26185,"iowa","sac",2024,149
"9462",-94.8703536987305,42.2098007202148,835,26185,"iowa","sac",2025,8
"9463",-95.0995407104492,42.2040710449219,835,26186,"iowa","sac",2014,140
"9464",-95.0995407104492,42.2040710449219,835,26186,"iowa","sac",2015,125
"9465",-95.0995407104492,42.2040710449219,835,26186,"iowa","sac",2016,154
"9466",-95.0995407104492,42.2040710449219,835,26186,"iowa","sac",2017,181
"9467",-95.0995407104492,42.2040710449219,835,26186,"iowa","sac",2018,156
"9468",-95.0995407104492,42.2040710449219,835,26186,"iowa","sac",2019,131
"9469",-95.0995407104492,42.2040710449219,835,26186,"iowa","sac",2020,159
"9470",-95.0995407104492,42.2040710449219,835,26186,"iowa","sac",2021,147
"9471",-95.0995407104492,42.2040710449219,835,26186,"iowa","sac",2022,188
"9472",-95.0995407104492,42.2040710449219,835,26186,"iowa","sac",2023,172
"9473",-95.0995407104492,42.2040710449219,835,26186,"iowa","sac",2024,149
"9474",-95.0995407104492,42.2040710449219,835,26186,"iowa","sac",2025,8
"9475",-95.3401794433594,42.2040710449219,835,26187,"iowa","sac",2014,140
"9476",-95.3401794433594,42.2040710449219,835,26187,"iowa","sac",2015,125
"9477",-95.3401794433594,42.2040710449219,835,26187,"iowa","sac",2016,154
"9478",-95.3401794433594,42.2040710449219,835,26187,"iowa","sac",2017,181
"9479",-95.3401794433594,42.2040710449219,835,26187,"iowa","sac",2018,156
"9480",-95.3401794433594,42.2040710449219,835,26187,"iowa","sac",2019,131
"9481",-95.3401794433594,42.2040710449219,835,26187,"iowa","sac",2020,159
"9482",-95.3401794433594,42.2040710449219,835,26187,"iowa","sac",2021,147
"9483",-95.3401794433594,42.2040710449219,835,26187,"iowa","sac",2022,188
"9484",-95.3401794433594,42.2040710449219,835,26187,"iowa","sac",2023,172
"9485",-95.3401794433594,42.2040710449219,835,26187,"iowa","sac",2024,149
"9486",-95.3401794433594,42.2040710449219,835,26187,"iowa","sac",2025,8
"9487",-95.3344497680664,42.4733619689941,835,26188,"iowa","sac",2014,140
"9488",-95.3344497680664,42.4733619689941,835,26188,"iowa","sac",2015,125
"9489",-95.3344497680664,42.4733619689941,835,26188,"iowa","sac",2016,154
"9490",-95.3344497680664,42.4733619689941,835,26188,"iowa","sac",2017,181
"9491",-95.3344497680664,42.4733619689941,835,26188,"iowa","sac",2018,156
"9492",-95.3344497680664,42.4733619689941,835,26188,"iowa","sac",2019,131
"9493",-95.3344497680664,42.4733619689941,835,26188,"iowa","sac",2020,159
"9494",-95.3344497680664,42.4733619689941,835,26188,"iowa","sac",2021,147
"9495",-95.3344497680664,42.4733619689941,835,26188,"iowa","sac",2022,188
"9496",-95.3344497680664,42.4733619689941,835,26188,"iowa","sac",2023,172
"9497",-95.3344497680664,42.4733619689941,835,26188,"iowa","sac",2024,149
"9498",-95.3344497680664,42.4733619689941,835,26188,"iowa","sac",2025,8
"9499",-95.3917388916016,42.4733619689941,835,26189,"iowa","sac",2014,140
"9500",-95.3917388916016,42.4733619689941,835,26189,"iowa","sac",2015,125
"9501",-95.3917388916016,42.4733619689941,835,26189,"iowa","sac",2016,154
"9502",-95.3917388916016,42.4733619689941,835,26189,"iowa","sac",2017,181
"9503",-95.3917388916016,42.4733619689941,835,26189,"iowa","sac",2018,156
"9504",-95.3917388916016,42.4733619689941,835,26189,"iowa","sac",2019,131
"9505",-95.3917388916016,42.4733619689941,835,26189,"iowa","sac",2020,159
"9506",-95.3917388916016,42.4733619689941,835,26189,"iowa","sac",2021,147
"9507",-95.3917388916016,42.4733619689941,835,26189,"iowa","sac",2022,188
"9508",-95.3917388916016,42.4733619689941,835,26189,"iowa","sac",2023,172
"9509",-95.3917388916016,42.4733619689941,835,26189,"iowa","sac",2024,149
"9510",-95.3917388916016,42.4733619689941,835,26189,"iowa","sac",2025,8
"9511",-95.3974685668945,42.5650367736816,835,26190,"iowa","sac",2014,140
"9512",-95.3974685668945,42.5650367736816,835,26190,"iowa","sac",2015,125
"9513",-95.3974685668945,42.5650367736816,835,26190,"iowa","sac",2016,154
"9514",-95.3974685668945,42.5650367736816,835,26190,"iowa","sac",2017,181
"9515",-95.3974685668945,42.5650367736816,835,26190,"iowa","sac",2018,156
"9516",-95.3974685668945,42.5650367736816,835,26190,"iowa","sac",2019,131
"9517",-95.3974685668945,42.5650367736816,835,26190,"iowa","sac",2020,159
"9518",-95.3974685668945,42.5650367736816,835,26190,"iowa","sac",2021,147
"9519",-95.3974685668945,42.5650367736816,835,26190,"iowa","sac",2022,188
"9520",-95.3974685668945,42.5650367736816,835,26190,"iowa","sac",2023,172
"9521",-95.3974685668945,42.5650367736816,835,26190,"iowa","sac",2024,149
"9522",-95.3974685668945,42.5650367736816,835,26190,"iowa","sac",2025,8
"9523",-90.8768310546875,41.7800827026367,836,26192,"iowa","scott",2014,3680
"9524",-90.8768310546875,41.7800827026367,836,26192,"iowa","scott",2015,4018
"9525",-90.8768310546875,41.7800827026367,836,26192,"iowa","scott",2016,4081
"9526",-90.8768310546875,41.7800827026367,836,26192,"iowa","scott",2017,4090
"9527",-90.8768310546875,41.7800827026367,836,26192,"iowa","scott",2018,3940
"9528",-90.8768310546875,41.7800827026367,836,26192,"iowa","scott",2019,4070
"9529",-90.8768310546875,41.7800827026367,836,26192,"iowa","scott",2020,3423
"9530",-90.8768310546875,41.7800827026367,836,26192,"iowa","scott",2021,3909
"9531",-90.8768310546875,41.7800827026367,836,26192,"iowa","scott",2022,3228
"9532",-90.8768310546875,41.7800827026367,836,26192,"iowa","scott",2023,3202
"9533",-90.8768310546875,41.7800827026367,836,26192,"iowa","scott",2024,3096
"9534",-90.8768310546875,41.7800827026367,836,26192,"iowa","scott",2025,183
"9535",-90.7622451782227,41.7800827026367,836,26193,"iowa","scott",2014,3680
"9536",-90.7622451782227,41.7800827026367,836,26193,"iowa","scott",2015,4018
"9537",-90.7622451782227,41.7800827026367,836,26193,"iowa","scott",2016,4081
"9538",-90.7622451782227,41.7800827026367,836,26193,"iowa","scott",2017,4090
"9539",-90.7622451782227,41.7800827026367,836,26193,"iowa","scott",2018,3940
"9540",-90.7622451782227,41.7800827026367,836,26193,"iowa","scott",2019,4070
"9541",-90.7622451782227,41.7800827026367,836,26193,"iowa","scott",2020,3423
"9542",-90.7622451782227,41.7800827026367,836,26193,"iowa","scott",2021,3909
"9543",-90.7622451782227,41.7800827026367,836,26193,"iowa","scott",2022,3228
"9544",-90.7622451782227,41.7800827026367,836,26193,"iowa","scott",2023,3202
"9545",-90.7622451782227,41.7800827026367,836,26193,"iowa","scott",2024,3096
"9546",-90.7622451782227,41.7800827026367,836,26193,"iowa","scott",2025,183
"9547",-90.7278671264648,41.7514343261719,836,26194,"iowa","scott",2014,3680
"9548",-90.7278671264648,41.7514343261719,836,26194,"iowa","scott",2015,4018
"9549",-90.7278671264648,41.7514343261719,836,26194,"iowa","scott",2016,4081
"9550",-90.7278671264648,41.7514343261719,836,26194,"iowa","scott",2017,4090
"9551",-90.7278671264648,41.7514343261719,836,26194,"iowa","scott",2018,3940
"9552",-90.7278671264648,41.7514343261719,836,26194,"iowa","scott",2019,4070
"9553",-90.7278671264648,41.7514343261719,836,26194,"iowa","scott",2020,3423
"9554",-90.7278671264648,41.7514343261719,836,26194,"iowa","scott",2021,3909
"9555",-90.7278671264648,41.7514343261719,836,26194,"iowa","scott",2022,3228
"9556",-90.7278671264648,41.7514343261719,836,26194,"iowa","scott",2023,3202
"9557",-90.7278671264648,41.7514343261719,836,26194,"iowa","scott",2024,3096
"9558",-90.7278671264648,41.7514343261719,836,26194,"iowa","scott",2025,183
"9559",-90.7221374511719,41.7514343261719,836,26195,"iowa","scott",2014,3680
"9560",-90.7221374511719,41.7514343261719,836,26195,"iowa","scott",2015,4018
"9561",-90.7221374511719,41.7514343261719,836,26195,"iowa","scott",2016,4081
"9562",-90.7221374511719,41.7514343261719,836,26195,"iowa","scott",2017,4090
"9563",-90.7221374511719,41.7514343261719,836,26195,"iowa","scott",2018,3940
"9564",-90.7221374511719,41.7514343261719,836,26195,"iowa","scott",2019,4070
"9565",-90.7221374511719,41.7514343261719,836,26195,"iowa","scott",2020,3423
"9566",-90.7221374511719,41.7514343261719,836,26195,"iowa","scott",2021,3909
"9567",-90.7221374511719,41.7514343261719,836,26195,"iowa","scott",2022,3228
"9568",-90.7221374511719,41.7514343261719,836,26195,"iowa","scott",2023,3202
"9569",-90.7221374511719,41.7514343261719,836,26195,"iowa","scott",2024,3096
"9570",-90.7221374511719,41.7514343261719,836,26195,"iowa","scott",2025,183
"9571",-90.6820297241211,41.7628936767578,836,26196,"iowa","scott",2014,3680
"9572",-90.6820297241211,41.7628936767578,836,26196,"iowa","scott",2015,4018
"9573",-90.6820297241211,41.7628936767578,836,26196,"iowa","scott",2016,4081
"9574",-90.6820297241211,41.7628936767578,836,26196,"iowa","scott",2017,4090
"9575",-90.6820297241211,41.7628936767578,836,26196,"iowa","scott",2018,3940
"9576",-90.6820297241211,41.7628936767578,836,26196,"iowa","scott",2019,4070
"9577",-90.6820297241211,41.7628936767578,836,26196,"iowa","scott",2020,3423
"9578",-90.6820297241211,41.7628936767578,836,26196,"iowa","scott",2021,3909
"9579",-90.6820297241211,41.7628936767578,836,26196,"iowa","scott",2022,3228
"9580",-90.6820297241211,41.7628936767578,836,26196,"iowa","scott",2023,3202
"9581",-90.6820297241211,41.7628936767578,836,26196,"iowa","scott",2024,3096
"9582",-90.6820297241211,41.7628936767578,836,26196,"iowa","scott",2025,183
"9583",-90.6591110229492,41.7743530273438,836,26197,"iowa","scott",2014,3680
"9584",-90.6591110229492,41.7743530273438,836,26197,"iowa","scott",2015,4018
"9585",-90.6591110229492,41.7743530273438,836,26197,"iowa","scott",2016,4081
"9586",-90.6591110229492,41.7743530273438,836,26197,"iowa","scott",2017,4090
"9587",-90.6591110229492,41.7743530273438,836,26197,"iowa","scott",2018,3940
"9588",-90.6591110229492,41.7743530273438,836,26197,"iowa","scott",2019,4070
"9589",-90.6591110229492,41.7743530273438,836,26197,"iowa","scott",2020,3423
"9590",-90.6591110229492,41.7743530273438,836,26197,"iowa","scott",2021,3909
"9591",-90.6591110229492,41.7743530273438,836,26197,"iowa","scott",2022,3228
"9592",-90.6591110229492,41.7743530273438,836,26197,"iowa","scott",2023,3202
"9593",-90.6591110229492,41.7743530273438,836,26197,"iowa","scott",2024,3096
"9594",-90.6591110229492,41.7743530273438,836,26197,"iowa","scott",2025,183
"9595",-90.6361923217773,41.7800827026367,836,26198,"iowa","scott",2014,3680
"9596",-90.6361923217773,41.7800827026367,836,26198,"iowa","scott",2015,4018
"9597",-90.6361923217773,41.7800827026367,836,26198,"iowa","scott",2016,4081
"9598",-90.6361923217773,41.7800827026367,836,26198,"iowa","scott",2017,4090
"9599",-90.6361923217773,41.7800827026367,836,26198,"iowa","scott",2018,3940
"9600",-90.6361923217773,41.7800827026367,836,26198,"iowa","scott",2019,4070
"9601",-90.6361923217773,41.7800827026367,836,26198,"iowa","scott",2020,3423
"9602",-90.6361923217773,41.7800827026367,836,26198,"iowa","scott",2021,3909
"9603",-90.6361923217773,41.7800827026367,836,26198,"iowa","scott",2022,3228
"9604",-90.6361923217773,41.7800827026367,836,26198,"iowa","scott",2023,3202
"9605",-90.6361923217773,41.7800827026367,836,26198,"iowa","scott",2024,3096
"9606",-90.6361923217773,41.7800827026367,836,26198,"iowa","scott",2025,183
"9607",-90.607551574707,41.7800827026367,836,26199,"iowa","scott",2014,3680
"9608",-90.607551574707,41.7800827026367,836,26199,"iowa","scott",2015,4018
"9609",-90.607551574707,41.7800827026367,836,26199,"iowa","scott",2016,4081
"9610",-90.607551574707,41.7800827026367,836,26199,"iowa","scott",2017,4090
"9611",-90.607551574707,41.7800827026367,836,26199,"iowa","scott",2018,3940
"9612",-90.607551574707,41.7800827026367,836,26199,"iowa","scott",2019,4070
"9613",-90.607551574707,41.7800827026367,836,26199,"iowa","scott",2020,3423
"9614",-90.607551574707,41.7800827026367,836,26199,"iowa","scott",2021,3909
"9615",-90.607551574707,41.7800827026367,836,26199,"iowa","scott",2022,3228
"9616",-90.607551574707,41.7800827026367,836,26199,"iowa","scott",2023,3202
"9617",-90.607551574707,41.7800827026367,836,26199,"iowa","scott",2024,3096
"9618",-90.607551574707,41.7800827026367,836,26199,"iowa","scott",2025,183
"9619",-90.5788955688477,41.7800827026367,836,26200,"iowa","scott",2014,3680
"9620",-90.5788955688477,41.7800827026367,836,26200,"iowa","scott",2015,4018
"9621",-90.5788955688477,41.7800827026367,836,26200,"iowa","scott",2016,4081
"9622",-90.5788955688477,41.7800827026367,836,26200,"iowa","scott",2017,4090
"9623",-90.5788955688477,41.7800827026367,836,26200,"iowa","scott",2018,3940
"9624",-90.5788955688477,41.7800827026367,836,26200,"iowa","scott",2019,4070
"9625",-90.5788955688477,41.7800827026367,836,26200,"iowa","scott",2020,3423
"9626",-90.5788955688477,41.7800827026367,836,26200,"iowa","scott",2021,3909
"9627",-90.5788955688477,41.7800827026367,836,26200,"iowa","scott",2022,3228
"9628",-90.5788955688477,41.7800827026367,836,26200,"iowa","scott",2023,3202
"9629",-90.5788955688477,41.7800827026367,836,26200,"iowa","scott",2024,3096
"9630",-90.5788955688477,41.7800827026367,836,26200,"iowa","scott",2025,183
"9631",-90.5617141723633,41.7743530273438,836,26201,"iowa","scott",2014,3680
"9632",-90.5617141723633,41.7743530273438,836,26201,"iowa","scott",2015,4018
"9633",-90.5617141723633,41.7743530273438,836,26201,"iowa","scott",2016,4081
"9634",-90.5617141723633,41.7743530273438,836,26201,"iowa","scott",2017,4090
"9635",-90.5617141723633,41.7743530273438,836,26201,"iowa","scott",2018,3940
"9636",-90.5617141723633,41.7743530273438,836,26201,"iowa","scott",2019,4070
"9637",-90.5617141723633,41.7743530273438,836,26201,"iowa","scott",2020,3423
"9638",-90.5617141723633,41.7743530273438,836,26201,"iowa","scott",2021,3909
"9639",-90.5617141723633,41.7743530273438,836,26201,"iowa","scott",2022,3228
"9640",-90.5617141723633,41.7743530273438,836,26201,"iowa","scott",2023,3202
"9641",-90.5617141723633,41.7743530273438,836,26201,"iowa","scott",2024,3096
"9642",-90.5617141723633,41.7743530273438,836,26201,"iowa","scott",2025,183
"9643",-90.5502471923828,41.7800827026367,836,26202,"iowa","scott",2014,3680
"9644",-90.5502471923828,41.7800827026367,836,26202,"iowa","scott",2015,4018
"9645",-90.5502471923828,41.7800827026367,836,26202,"iowa","scott",2016,4081
"9646",-90.5502471923828,41.7800827026367,836,26202,"iowa","scott",2017,4090
"9647",-90.5502471923828,41.7800827026367,836,26202,"iowa","scott",2018,3940
"9648",-90.5502471923828,41.7800827026367,836,26202,"iowa","scott",2019,4070
"9649",-90.5502471923828,41.7800827026367,836,26202,"iowa","scott",2020,3423
"9650",-90.5502471923828,41.7800827026367,836,26202,"iowa","scott",2021,3909
"9651",-90.5502471923828,41.7800827026367,836,26202,"iowa","scott",2022,3228
"9652",-90.5502471923828,41.7800827026367,836,26202,"iowa","scott",2023,3202
"9653",-90.5502471923828,41.7800827026367,836,26202,"iowa","scott",2024,3096
"9654",-90.5502471923828,41.7800827026367,836,26202,"iowa","scott",2025,183
"9655",-90.5330657958984,41.7915420532227,836,26203,"iowa","scott",2014,3680
"9656",-90.5330657958984,41.7915420532227,836,26203,"iowa","scott",2015,4018
"9657",-90.5330657958984,41.7915420532227,836,26203,"iowa","scott",2016,4081
"9658",-90.5330657958984,41.7915420532227,836,26203,"iowa","scott",2017,4090
"9659",-90.5330657958984,41.7915420532227,836,26203,"iowa","scott",2018,3940
"9660",-90.5330657958984,41.7915420532227,836,26203,"iowa","scott",2019,4070
"9661",-90.5330657958984,41.7915420532227,836,26203,"iowa","scott",2020,3423
"9662",-90.5330657958984,41.7915420532227,836,26203,"iowa","scott",2021,3909
"9663",-90.5330657958984,41.7915420532227,836,26203,"iowa","scott",2022,3228
"9664",-90.5330657958984,41.7915420532227,836,26203,"iowa","scott",2023,3202
"9665",-90.5330657958984,41.7915420532227,836,26203,"iowa","scott",2024,3096
"9666",-90.5330657958984,41.7915420532227,836,26203,"iowa","scott",2025,183
"9667",-90.4986801147461,41.7800827026367,836,26204,"iowa","scott",2014,3680
"9668",-90.4986801147461,41.7800827026367,836,26204,"iowa","scott",2015,4018
"9669",-90.4986801147461,41.7800827026367,836,26204,"iowa","scott",2016,4081
"9670",-90.4986801147461,41.7800827026367,836,26204,"iowa","scott",2017,4090
"9671",-90.4986801147461,41.7800827026367,836,26204,"iowa","scott",2018,3940
"9672",-90.4986801147461,41.7800827026367,836,26204,"iowa","scott",2019,4070
"9673",-90.4986801147461,41.7800827026367,836,26204,"iowa","scott",2020,3423
"9674",-90.4986801147461,41.7800827026367,836,26204,"iowa","scott",2021,3909
"9675",-90.4986801147461,41.7800827026367,836,26204,"iowa","scott",2022,3228
"9676",-90.4986801147461,41.7800827026367,836,26204,"iowa","scott",2023,3202
"9677",-90.4986801147461,41.7800827026367,836,26204,"iowa","scott",2024,3096
"9678",-90.4986801147461,41.7800827026367,836,26204,"iowa","scott",2025,183
"9679",-90.4872283935547,41.7915420532227,836,26205,"iowa","scott",2014,3680
"9680",-90.4872283935547,41.7915420532227,836,26205,"iowa","scott",2015,4018
"9681",-90.4872283935547,41.7915420532227,836,26205,"iowa","scott",2016,4081
"9682",-90.4872283935547,41.7915420532227,836,26205,"iowa","scott",2017,4090
"9683",-90.4872283935547,41.7915420532227,836,26205,"iowa","scott",2018,3940
"9684",-90.4872283935547,41.7915420532227,836,26205,"iowa","scott",2019,4070
"9685",-90.4872283935547,41.7915420532227,836,26205,"iowa","scott",2020,3423
"9686",-90.4872283935547,41.7915420532227,836,26205,"iowa","scott",2021,3909
"9687",-90.4872283935547,41.7915420532227,836,26205,"iowa","scott",2022,3228
"9688",-90.4872283935547,41.7915420532227,836,26205,"iowa","scott",2023,3202
"9689",-90.4872283935547,41.7915420532227,836,26205,"iowa","scott",2024,3096
"9690",-90.4872283935547,41.7915420532227,836,26205,"iowa","scott",2025,183
"9691",-90.4700393676758,41.7972717285156,836,26206,"iowa","scott",2014,3680
"9692",-90.4700393676758,41.7972717285156,836,26206,"iowa","scott",2015,4018
"9693",-90.4700393676758,41.7972717285156,836,26206,"iowa","scott",2016,4081
"9694",-90.4700393676758,41.7972717285156,836,26206,"iowa","scott",2017,4090
"9695",-90.4700393676758,41.7972717285156,836,26206,"iowa","scott",2018,3940
"9696",-90.4700393676758,41.7972717285156,836,26206,"iowa","scott",2019,4070
"9697",-90.4700393676758,41.7972717285156,836,26206,"iowa","scott",2020,3423
"9698",-90.4700393676758,41.7972717285156,836,26206,"iowa","scott",2021,3909
"9699",-90.4700393676758,41.7972717285156,836,26206,"iowa","scott",2022,3228
"9700",-90.4700393676758,41.7972717285156,836,26206,"iowa","scott",2023,3202
"9701",-90.4700393676758,41.7972717285156,836,26206,"iowa","scott",2024,3096
"9702",-90.4700393676758,41.7972717285156,836,26206,"iowa","scott",2025,183
"9703",-90.4585723876953,41.7915420532227,836,26207,"iowa","scott",2014,3680
"9704",-90.4585723876953,41.7915420532227,836,26207,"iowa","scott",2015,4018
"9705",-90.4585723876953,41.7915420532227,836,26207,"iowa","scott",2016,4081
"9706",-90.4585723876953,41.7915420532227,836,26207,"iowa","scott",2017,4090
"9707",-90.4585723876953,41.7915420532227,836,26207,"iowa","scott",2018,3940
"9708",-90.4585723876953,41.7915420532227,836,26207,"iowa","scott",2019,4070
"9709",-90.4585723876953,41.7915420532227,836,26207,"iowa","scott",2020,3423
"9710",-90.4585723876953,41.7915420532227,836,26207,"iowa","scott",2021,3909
"9711",-90.4585723876953,41.7915420532227,836,26207,"iowa","scott",2022,3228
"9712",-90.4585723876953,41.7915420532227,836,26207,"iowa","scott",2023,3202
"9713",-90.4585723876953,41.7915420532227,836,26207,"iowa","scott",2024,3096
"9714",-90.4585723876953,41.7915420532227,836,26207,"iowa","scott",2025,183
"9715",-90.4585723876953,41.7800827026367,836,26208,"iowa","scott",2014,3680
"9716",-90.4585723876953,41.7800827026367,836,26208,"iowa","scott",2015,4018
"9717",-90.4585723876953,41.7800827026367,836,26208,"iowa","scott",2016,4081
"9718",-90.4585723876953,41.7800827026367,836,26208,"iowa","scott",2017,4090
"9719",-90.4585723876953,41.7800827026367,836,26208,"iowa","scott",2018,3940
"9720",-90.4585723876953,41.7800827026367,836,26208,"iowa","scott",2019,4070
"9721",-90.4585723876953,41.7800827026367,836,26208,"iowa","scott",2020,3423
"9722",-90.4585723876953,41.7800827026367,836,26208,"iowa","scott",2021,3909
"9723",-90.4585723876953,41.7800827026367,836,26208,"iowa","scott",2022,3228
"9724",-90.4585723876953,41.7800827026367,836,26208,"iowa","scott",2023,3202
"9725",-90.4585723876953,41.7800827026367,836,26208,"iowa","scott",2024,3096
"9726",-90.4585723876953,41.7800827026367,836,26208,"iowa","scott",2025,183
"9727",-90.4471206665039,41.7743530273438,836,26209,"iowa","scott",2014,3680
"9728",-90.4471206665039,41.7743530273438,836,26209,"iowa","scott",2015,4018
"9729",-90.4471206665039,41.7743530273438,836,26209,"iowa","scott",2016,4081
"9730",-90.4471206665039,41.7743530273438,836,26209,"iowa","scott",2017,4090
"9731",-90.4471206665039,41.7743530273438,836,26209,"iowa","scott",2018,3940
"9732",-90.4471206665039,41.7743530273438,836,26209,"iowa","scott",2019,4070
"9733",-90.4471206665039,41.7743530273438,836,26209,"iowa","scott",2020,3423
"9734",-90.4471206665039,41.7743530273438,836,26209,"iowa","scott",2021,3909
"9735",-90.4471206665039,41.7743530273438,836,26209,"iowa","scott",2022,3228
"9736",-90.4471206665039,41.7743530273438,836,26209,"iowa","scott",2023,3202
"9737",-90.4471206665039,41.7743530273438,836,26209,"iowa","scott",2024,3096
"9738",-90.4471206665039,41.7743530273438,836,26209,"iowa","scott",2025,183
"9739",-90.429931640625,41.7800827026367,836,26210,"iowa","scott",2014,3680
"9740",-90.429931640625,41.7800827026367,836,26210,"iowa","scott",2015,4018
"9741",-90.429931640625,41.7800827026367,836,26210,"iowa","scott",2016,4081
"9742",-90.429931640625,41.7800827026367,836,26210,"iowa","scott",2017,4090
"9743",-90.429931640625,41.7800827026367,836,26210,"iowa","scott",2018,3940
"9744",-90.429931640625,41.7800827026367,836,26210,"iowa","scott",2019,4070
"9745",-90.429931640625,41.7800827026367,836,26210,"iowa","scott",2020,3423
"9746",-90.429931640625,41.7800827026367,836,26210,"iowa","scott",2021,3909
"9747",-90.429931640625,41.7800827026367,836,26210,"iowa","scott",2022,3228
"9748",-90.429931640625,41.7800827026367,836,26210,"iowa","scott",2023,3202
"9749",-90.429931640625,41.7800827026367,836,26210,"iowa","scott",2024,3096
"9750",-90.429931640625,41.7800827026367,836,26210,"iowa","scott",2025,183
"9751",-90.4184646606445,41.7800827026367,836,26211,"iowa","scott",2014,3680
"9752",-90.4184646606445,41.7800827026367,836,26211,"iowa","scott",2015,4018
"9753",-90.4184646606445,41.7800827026367,836,26211,"iowa","scott",2016,4081
"9754",-90.4184646606445,41.7800827026367,836,26211,"iowa","scott",2017,4090
"9755",-90.4184646606445,41.7800827026367,836,26211,"iowa","scott",2018,3940
"9756",-90.4184646606445,41.7800827026367,836,26211,"iowa","scott",2019,4070
"9757",-90.4184646606445,41.7800827026367,836,26211,"iowa","scott",2020,3423
"9758",-90.4184646606445,41.7800827026367,836,26211,"iowa","scott",2021,3909
"9759",-90.4184646606445,41.7800827026367,836,26211,"iowa","scott",2022,3228
"9760",-90.4184646606445,41.7800827026367,836,26211,"iowa","scott",2023,3202
"9761",-90.4184646606445,41.7800827026367,836,26211,"iowa","scott",2024,3096
"9762",-90.4184646606445,41.7800827026367,836,26211,"iowa","scott",2025,183
"9763",-90.3955535888672,41.7514343261719,836,26212,"iowa","scott",2014,3680
"9764",-90.3955535888672,41.7514343261719,836,26212,"iowa","scott",2015,4018
"9765",-90.3955535888672,41.7514343261719,836,26212,"iowa","scott",2016,4081
"9766",-90.3955535888672,41.7514343261719,836,26212,"iowa","scott",2017,4090
"9767",-90.3955535888672,41.7514343261719,836,26212,"iowa","scott",2018,3940
"9768",-90.3955535888672,41.7514343261719,836,26212,"iowa","scott",2019,4070
"9769",-90.3955535888672,41.7514343261719,836,26212,"iowa","scott",2020,3423
"9770",-90.3955535888672,41.7514343261719,836,26212,"iowa","scott",2021,3909
"9771",-90.3955535888672,41.7514343261719,836,26212,"iowa","scott",2022,3228
"9772",-90.3955535888672,41.7514343261719,836,26212,"iowa","scott",2023,3202
"9773",-90.3955535888672,41.7514343261719,836,26212,"iowa","scott",2024,3096
"9774",-90.3955535888672,41.7514343261719,836,26212,"iowa","scott",2025,183
"9775",-90.3669052124023,41.7457046508789,836,26213,"iowa","scott",2014,3680
"9776",-90.3669052124023,41.7457046508789,836,26213,"iowa","scott",2015,4018
"9777",-90.3669052124023,41.7457046508789,836,26213,"iowa","scott",2016,4081
"9778",-90.3669052124023,41.7457046508789,836,26213,"iowa","scott",2017,4090
"9779",-90.3669052124023,41.7457046508789,836,26213,"iowa","scott",2018,3940
"9780",-90.3669052124023,41.7457046508789,836,26213,"iowa","scott",2019,4070
"9781",-90.3669052124023,41.7457046508789,836,26213,"iowa","scott",2020,3423
"9782",-90.3669052124023,41.7457046508789,836,26213,"iowa","scott",2021,3909
"9783",-90.3669052124023,41.7457046508789,836,26213,"iowa","scott",2022,3228
"9784",-90.3669052124023,41.7457046508789,836,26213,"iowa","scott",2023,3202
"9785",-90.3669052124023,41.7457046508789,836,26213,"iowa","scott",2024,3096
"9786",-90.3669052124023,41.7457046508789,836,26213,"iowa","scott",2025,183
"9787",-90.3210678100586,41.722785949707,836,26214,"iowa","scott",2014,3680
"9788",-90.3210678100586,41.722785949707,836,26214,"iowa","scott",2015,4018
"9789",-90.3210678100586,41.722785949707,836,26214,"iowa","scott",2016,4081
"9790",-90.3210678100586,41.722785949707,836,26214,"iowa","scott",2017,4090
"9791",-90.3210678100586,41.722785949707,836,26214,"iowa","scott",2018,3940
"9792",-90.3210678100586,41.722785949707,836,26214,"iowa","scott",2019,4070
"9793",-90.3210678100586,41.722785949707,836,26214,"iowa","scott",2020,3423
"9794",-90.3210678100586,41.722785949707,836,26214,"iowa","scott",2021,3909
"9795",-90.3210678100586,41.722785949707,836,26214,"iowa","scott",2022,3228
"9796",-90.3210678100586,41.722785949707,836,26214,"iowa","scott",2023,3202
"9797",-90.3210678100586,41.722785949707,836,26214,"iowa","scott",2024,3096
"9798",-90.3210678100586,41.722785949707,836,26214,"iowa","scott",2025,183
"9799",-90.3267974853516,41.6941375732422,836,26215,"iowa","scott",2014,3680
"9800",-90.3267974853516,41.6941375732422,836,26215,"iowa","scott",2015,4018
"9801",-90.3267974853516,41.6941375732422,836,26215,"iowa","scott",2016,4081
"9802",-90.3267974853516,41.6941375732422,836,26215,"iowa","scott",2017,4090
"9803",-90.3267974853516,41.6941375732422,836,26215,"iowa","scott",2018,3940
"9804",-90.3267974853516,41.6941375732422,836,26215,"iowa","scott",2019,4070
"9805",-90.3267974853516,41.6941375732422,836,26215,"iowa","scott",2020,3423
"9806",-90.3267974853516,41.6941375732422,836,26215,"iowa","scott",2021,3909
"9807",-90.3267974853516,41.6941375732422,836,26215,"iowa","scott",2022,3228
"9808",-90.3267974853516,41.6941375732422,836,26215,"iowa","scott",2023,3202
"9809",-90.3267974853516,41.6941375732422,836,26215,"iowa","scott",2024,3096
"9810",-90.3267974853516,41.6941375732422,836,26215,"iowa","scott",2025,183
"9811",-90.3439865112305,41.6196556091309,836,26216,"iowa","scott",2014,3680
"9812",-90.3439865112305,41.6196556091309,836,26216,"iowa","scott",2015,4018
"9813",-90.3439865112305,41.6196556091309,836,26216,"iowa","scott",2016,4081
"9814",-90.3439865112305,41.6196556091309,836,26216,"iowa","scott",2017,4090
"9815",-90.3439865112305,41.6196556091309,836,26216,"iowa","scott",2018,3940
"9816",-90.3439865112305,41.6196556091309,836,26216,"iowa","scott",2019,4070
"9817",-90.3439865112305,41.6196556091309,836,26216,"iowa","scott",2020,3423
"9818",-90.3439865112305,41.6196556091309,836,26216,"iowa","scott",2021,3909
"9819",-90.3439865112305,41.6196556091309,836,26216,"iowa","scott",2022,3228
"9820",-90.3439865112305,41.6196556091309,836,26216,"iowa","scott",2023,3202
"9821",-90.3439865112305,41.6196556091309,836,26216,"iowa","scott",2024,3096
"9822",-90.3439865112305,41.6196556091309,836,26216,"iowa","scott",2025,183
"9823",-90.3554458618164,41.596736907959,836,26217,"iowa","scott",2014,3680
"9824",-90.3554458618164,41.596736907959,836,26217,"iowa","scott",2015,4018
"9825",-90.3554458618164,41.596736907959,836,26217,"iowa","scott",2016,4081
"9826",-90.3554458618164,41.596736907959,836,26217,"iowa","scott",2017,4090
"9827",-90.3554458618164,41.596736907959,836,26217,"iowa","scott",2018,3940
"9828",-90.3554458618164,41.596736907959,836,26217,"iowa","scott",2019,4070
"9829",-90.3554458618164,41.596736907959,836,26217,"iowa","scott",2020,3423
"9830",-90.3554458618164,41.596736907959,836,26217,"iowa","scott",2021,3909
"9831",-90.3554458618164,41.596736907959,836,26217,"iowa","scott",2022,3228
"9832",-90.3554458618164,41.596736907959,836,26217,"iowa","scott",2023,3202
"9833",-90.3554458618164,41.596736907959,836,26217,"iowa","scott",2024,3096
"9834",-90.3554458618164,41.596736907959,836,26217,"iowa","scott",2025,183
"9835",-90.4127349853516,41.5623550415039,836,26218,"iowa","scott",2014,3680
"9836",-90.4127349853516,41.5623550415039,836,26218,"iowa","scott",2015,4018
"9837",-90.4127349853516,41.5623550415039,836,26218,"iowa","scott",2016,4081
"9838",-90.4127349853516,41.5623550415039,836,26218,"iowa","scott",2017,4090
"9839",-90.4127349853516,41.5623550415039,836,26218,"iowa","scott",2018,3940
"9840",-90.4127349853516,41.5623550415039,836,26218,"iowa","scott",2019,4070
"9841",-90.4127349853516,41.5623550415039,836,26218,"iowa","scott",2020,3423
"9842",-90.4127349853516,41.5623550415039,836,26218,"iowa","scott",2021,3909
"9843",-90.4127349853516,41.5623550415039,836,26218,"iowa","scott",2022,3228
"9844",-90.4127349853516,41.5623550415039,836,26218,"iowa","scott",2023,3202
"9845",-90.4127349853516,41.5623550415039,836,26218,"iowa","scott",2024,3096
"9846",-90.4127349853516,41.5623550415039,836,26218,"iowa","scott",2025,183
"9847",-90.4585723876953,41.5394401550293,836,26219,"iowa","scott",2014,3680
"9848",-90.4585723876953,41.5394401550293,836,26219,"iowa","scott",2015,4018
"9849",-90.4585723876953,41.5394401550293,836,26219,"iowa","scott",2016,4081
"9850",-90.4585723876953,41.5394401550293,836,26219,"iowa","scott",2017,4090
"9851",-90.4585723876953,41.5394401550293,836,26219,"iowa","scott",2018,3940
"9852",-90.4585723876953,41.5394401550293,836,26219,"iowa","scott",2019,4070
"9853",-90.4585723876953,41.5394401550293,836,26219,"iowa","scott",2020,3423
"9854",-90.4585723876953,41.5394401550293,836,26219,"iowa","scott",2021,3909
"9855",-90.4585723876953,41.5394401550293,836,26219,"iowa","scott",2022,3228
"9856",-90.4585723876953,41.5394401550293,836,26219,"iowa","scott",2023,3202
"9857",-90.4585723876953,41.5394401550293,836,26219,"iowa","scott",2024,3096
"9858",-90.4585723876953,41.5394401550293,836,26219,"iowa","scott",2025,183
"9859",-90.5445175170898,41.5222511291504,836,26220,"iowa","scott",2014,3680
"9860",-90.5445175170898,41.5222511291504,836,26220,"iowa","scott",2015,4018
"9861",-90.5445175170898,41.5222511291504,836,26220,"iowa","scott",2016,4081
"9862",-90.5445175170898,41.5222511291504,836,26220,"iowa","scott",2017,4090
"9863",-90.5445175170898,41.5222511291504,836,26220,"iowa","scott",2018,3940
"9864",-90.5445175170898,41.5222511291504,836,26220,"iowa","scott",2019,4070
"9865",-90.5445175170898,41.5222511291504,836,26220,"iowa","scott",2020,3423
"9866",-90.5445175170898,41.5222511291504,836,26220,"iowa","scott",2021,3909
"9867",-90.5445175170898,41.5222511291504,836,26220,"iowa","scott",2022,3228
"9868",-90.5445175170898,41.5222511291504,836,26220,"iowa","scott",2023,3202
"9869",-90.5445175170898,41.5222511291504,836,26220,"iowa","scott",2024,3096
"9870",-90.5445175170898,41.5222511291504,836,26220,"iowa","scott",2025,183
"9871",-90.607551574707,41.4993362426758,836,26221,"iowa","scott",2014,3680
"9872",-90.607551574707,41.4993362426758,836,26221,"iowa","scott",2015,4018
"9873",-90.607551574707,41.4993362426758,836,26221,"iowa","scott",2016,4081
"9874",-90.607551574707,41.4993362426758,836,26221,"iowa","scott",2017,4090
"9875",-90.607551574707,41.4993362426758,836,26221,"iowa","scott",2018,3940
"9876",-90.607551574707,41.4993362426758,836,26221,"iowa","scott",2019,4070
"9877",-90.607551574707,41.4993362426758,836,26221,"iowa","scott",2020,3423
"9878",-90.607551574707,41.4993362426758,836,26221,"iowa","scott",2021,3909
"9879",-90.607551574707,41.4993362426758,836,26221,"iowa","scott",2022,3228
"9880",-90.607551574707,41.4993362426758,836,26221,"iowa","scott",2023,3202
"9881",-90.607551574707,41.4993362426758,836,26221,"iowa","scott",2024,3096
"9882",-90.607551574707,41.4993362426758,836,26221,"iowa","scott",2025,183
"9883",-90.6533889770508,41.4649543762207,836,26222,"iowa","scott",2014,3680
"9884",-90.6533889770508,41.4649543762207,836,26222,"iowa","scott",2015,4018
"9885",-90.6533889770508,41.4649543762207,836,26222,"iowa","scott",2016,4081
"9886",-90.6533889770508,41.4649543762207,836,26222,"iowa","scott",2017,4090
"9887",-90.6533889770508,41.4649543762207,836,26222,"iowa","scott",2018,3940
"9888",-90.6533889770508,41.4649543762207,836,26222,"iowa","scott",2019,4070
"9889",-90.6533889770508,41.4649543762207,836,26222,"iowa","scott",2020,3423
"9890",-90.6533889770508,41.4649543762207,836,26222,"iowa","scott",2021,3909
"9891",-90.6533889770508,41.4649543762207,836,26222,"iowa","scott",2022,3228
"9892",-90.6533889770508,41.4649543762207,836,26222,"iowa","scott",2023,3202
"9893",-90.6533889770508,41.4649543762207,836,26222,"iowa","scott",2024,3096
"9894",-90.6533889770508,41.4649543762207,836,26222,"iowa","scott",2025,183
"9895",-90.7164077758789,41.4592247009277,836,26223,"iowa","scott",2014,3680
"9896",-90.7164077758789,41.4592247009277,836,26223,"iowa","scott",2015,4018
"9897",-90.7164077758789,41.4592247009277,836,26223,"iowa","scott",2016,4081
"9898",-90.7164077758789,41.4592247009277,836,26223,"iowa","scott",2017,4090
"9899",-90.7164077758789,41.4592247009277,836,26223,"iowa","scott",2018,3940
"9900",-90.7164077758789,41.4592247009277,836,26223,"iowa","scott",2019,4070
"9901",-90.7164077758789,41.4592247009277,836,26223,"iowa","scott",2020,3423
"9902",-90.7164077758789,41.4592247009277,836,26223,"iowa","scott",2021,3909
"9903",-90.7164077758789,41.4592247009277,836,26223,"iowa","scott",2022,3228
"9904",-90.7164077758789,41.4592247009277,836,26223,"iowa","scott",2023,3202
"9905",-90.7164077758789,41.4592247009277,836,26223,"iowa","scott",2024,3096
"9906",-90.7164077758789,41.4592247009277,836,26223,"iowa","scott",2025,183
"9907",-90.7737045288086,41.4592247009277,836,26224,"iowa","scott",2014,3680
"9908",-90.7737045288086,41.4592247009277,836,26224,"iowa","scott",2015,4018
"9909",-90.7737045288086,41.4592247009277,836,26224,"iowa","scott",2016,4081
"9910",-90.7737045288086,41.4592247009277,836,26224,"iowa","scott",2017,4090
"9911",-90.7737045288086,41.4592247009277,836,26224,"iowa","scott",2018,3940
"9912",-90.7737045288086,41.4592247009277,836,26224,"iowa","scott",2019,4070
"9913",-90.7737045288086,41.4592247009277,836,26224,"iowa","scott",2020,3423
"9914",-90.7737045288086,41.4592247009277,836,26224,"iowa","scott",2021,3909
"9915",-90.7737045288086,41.4592247009277,836,26224,"iowa","scott",2022,3228
"9916",-90.7737045288086,41.4592247009277,836,26224,"iowa","scott",2023,3202
"9917",-90.7737045288086,41.4592247009277,836,26224,"iowa","scott",2024,3096
"9918",-90.7737045288086,41.4592247009277,836,26224,"iowa","scott",2025,183
"9919",-90.7622451782227,41.602466583252,836,26225,"iowa","scott",2014,3680
"9920",-90.7622451782227,41.602466583252,836,26225,"iowa","scott",2015,4018
"9921",-90.7622451782227,41.602466583252,836,26225,"iowa","scott",2016,4081
"9922",-90.7622451782227,41.602466583252,836,26225,"iowa","scott",2017,4090
"9923",-90.7622451782227,41.602466583252,836,26225,"iowa","scott",2018,3940
"9924",-90.7622451782227,41.602466583252,836,26225,"iowa","scott",2019,4070
"9925",-90.7622451782227,41.602466583252,836,26225,"iowa","scott",2020,3423
"9926",-90.7622451782227,41.602466583252,836,26225,"iowa","scott",2021,3909
"9927",-90.7622451782227,41.602466583252,836,26225,"iowa","scott",2022,3228
"9928",-90.7622451782227,41.602466583252,836,26225,"iowa","scott",2023,3202
"9929",-90.7622451782227,41.602466583252,836,26225,"iowa","scott",2024,3096
"9930",-90.7622451782227,41.602466583252,836,26225,"iowa","scott",2025,183
"9931",-90.882568359375,41.602466583252,836,26226,"iowa","scott",2014,3680
"9932",-90.882568359375,41.602466583252,836,26226,"iowa","scott",2015,4018
"9933",-90.882568359375,41.602466583252,836,26226,"iowa","scott",2016,4081
"9934",-90.882568359375,41.602466583252,836,26226,"iowa","scott",2017,4090
"9935",-90.882568359375,41.602466583252,836,26226,"iowa","scott",2018,3940
"9936",-90.882568359375,41.602466583252,836,26226,"iowa","scott",2019,4070
"9937",-90.882568359375,41.602466583252,836,26226,"iowa","scott",2020,3423
"9938",-90.882568359375,41.602466583252,836,26226,"iowa","scott",2021,3909
"9939",-90.882568359375,41.602466583252,836,26226,"iowa","scott",2022,3228
"9940",-90.882568359375,41.602466583252,836,26226,"iowa","scott",2023,3202
"9941",-90.882568359375,41.602466583252,836,26226,"iowa","scott",2024,3096
"9942",-90.882568359375,41.602466583252,836,26226,"iowa","scott",2025,183
"9943",-90.8768310546875,41.7800827026367,836,26227,"iowa","scott",2014,3680
"9944",-90.8768310546875,41.7800827026367,836,26227,"iowa","scott",2015,4018
"9945",-90.8768310546875,41.7800827026367,836,26227,"iowa","scott",2016,4081
"9946",-90.8768310546875,41.7800827026367,836,26227,"iowa","scott",2017,4090
"9947",-90.8768310546875,41.7800827026367,836,26227,"iowa","scott",2018,3940
"9948",-90.8768310546875,41.7800827026367,836,26227,"iowa","scott",2019,4070
"9949",-90.8768310546875,41.7800827026367,836,26227,"iowa","scott",2020,3423
"9950",-90.8768310546875,41.7800827026367,836,26227,"iowa","scott",2021,3909
"9951",-90.8768310546875,41.7800827026367,836,26227,"iowa","scott",2022,3228
"9952",-90.8768310546875,41.7800827026367,836,26227,"iowa","scott",2023,3202
"9953",-90.8768310546875,41.7800827026367,836,26227,"iowa","scott",2024,3096
"9954",-90.8768310546875,41.7800827026367,836,26227,"iowa","scott",2025,183
"9955",-95.5578994750977,41.8602981567383,837,26229,"iowa","shelby",2014,120
"9956",-95.5578994750977,41.8602981567383,837,26229,"iowa","shelby",2015,126
"9957",-95.5578994750977,41.8602981567383,837,26229,"iowa","shelby",2016,117
"9958",-95.5578994750977,41.8602981567383,837,26229,"iowa","shelby",2017,119
"9959",-95.5578994750977,41.8602981567383,837,26229,"iowa","shelby",2018,120
"9960",-95.5578994750977,41.8602981567383,837,26229,"iowa","shelby",2019,113
"9961",-95.5578994750977,41.8602981567383,837,26229,"iowa","shelby",2020,77
"9962",-95.5578994750977,41.8602981567383,837,26229,"iowa","shelby",2021,83
"9963",-95.5578994750977,41.8602981567383,837,26229,"iowa","shelby",2022,85
"9964",-95.5578994750977,41.8602981567383,837,26229,"iowa","shelby",2023,98
"9965",-95.5578994750977,41.8602981567383,837,26229,"iowa","shelby",2024,98
"9966",-95.5578994750977,41.8602981567383,837,26229,"iowa","shelby",2025,7
"9967",-95.1052627563477,41.8602981567383,837,26230,"iowa","shelby",2014,120
"9968",-95.1052627563477,41.8602981567383,837,26230,"iowa","shelby",2015,126
"9969",-95.1052627563477,41.8602981567383,837,26230,"iowa","shelby",2016,117
"9970",-95.1052627563477,41.8602981567383,837,26230,"iowa","shelby",2017,119
"9971",-95.1052627563477,41.8602981567383,837,26230,"iowa","shelby",2018,120
"9972",-95.1052627563477,41.8602981567383,837,26230,"iowa","shelby",2019,113
"9973",-95.1052627563477,41.8602981567383,837,26230,"iowa","shelby",2020,77
"9974",-95.1052627563477,41.8602981567383,837,26230,"iowa","shelby",2021,83
"9975",-95.1052627563477,41.8602981567383,837,26230,"iowa","shelby",2022,85
"9976",-95.1052627563477,41.8602981567383,837,26230,"iowa","shelby",2023,98
"9977",-95.1052627563477,41.8602981567383,837,26230,"iowa","shelby",2024,98
"9978",-95.1052627563477,41.8602981567383,837,26230,"iowa","shelby",2025,7
"9979",-95.1052627563477,41.602466583252,837,26231,"iowa","shelby",2014,120
"9980",-95.1052627563477,41.602466583252,837,26231,"iowa","shelby",2015,126
"9981",-95.1052627563477,41.602466583252,837,26231,"iowa","shelby",2016,117
"9982",-95.1052627563477,41.602466583252,837,26231,"iowa","shelby",2017,119
"9983",-95.1052627563477,41.602466583252,837,26231,"iowa","shelby",2018,120
"9984",-95.1052627563477,41.602466583252,837,26231,"iowa","shelby",2019,113
"9985",-95.1052627563477,41.602466583252,837,26231,"iowa","shelby",2020,77
"9986",-95.1052627563477,41.602466583252,837,26231,"iowa","shelby",2021,83
"9987",-95.1052627563477,41.602466583252,837,26231,"iowa","shelby",2022,85
"9988",-95.1052627563477,41.602466583252,837,26231,"iowa","shelby",2023,98
"9989",-95.1052627563477,41.602466583252,837,26231,"iowa","shelby",2024,98
"9990",-95.1052627563477,41.602466583252,837,26231,"iowa","shelby",2025,7
"9991",-95.0537033081055,41.602466583252,837,26232,"iowa","shelby",2014,120
"9992",-95.0537033081055,41.602466583252,837,26232,"iowa","shelby",2015,126
"9993",-95.0537033081055,41.602466583252,837,26232,"iowa","shelby",2016,117
"9994",-95.0537033081055,41.602466583252,837,26232,"iowa","shelby",2017,119
"9995",-95.0537033081055,41.602466583252,837,26232,"iowa","shelby",2018,120
"9996",-95.0537033081055,41.602466583252,837,26232,"iowa","shelby",2019,113
"9997",-95.0537033081055,41.602466583252,837,26232,"iowa","shelby",2020,77
"9998",-95.0537033081055,41.602466583252,837,26232,"iowa","shelby",2021,83
"9999",-95.0537033081055,41.602466583252,837,26232,"iowa","shelby",2022,85
"10000",-95.0537033081055,41.602466583252,837,26232,"iowa","shelby",2023,98
"10001",-95.0537033081055,41.602466583252,837,26232,"iowa","shelby",2024,98
"10002",-95.0537033081055,41.602466583252,837,26232,"iowa","shelby",2025,7
"10003",-95.0594329833984,41.5050621032715,837,26233,"iowa","shelby",2014,120
"10004",-95.0594329833984,41.5050621032715,837,26233,"iowa","shelby",2015,126
"10005",-95.0594329833984,41.5050621032715,837,26233,"iowa","shelby",2016,117
"10006",-95.0594329833984,41.5050621032715,837,26233,"iowa","shelby",2017,119
"10007",-95.0594329833984,41.5050621032715,837,26233,"iowa","shelby",2018,120
"10008",-95.0594329833984,41.5050621032715,837,26233,"iowa","shelby",2019,113
"10009",-95.0594329833984,41.5050621032715,837,26233,"iowa","shelby",2020,77
"10010",-95.0594329833984,41.5050621032715,837,26233,"iowa","shelby",2021,83
"10011",-95.0594329833984,41.5050621032715,837,26233,"iowa","shelby",2022,85
"10012",-95.0594329833984,41.5050621032715,837,26233,"iowa","shelby",2023,98
"10013",-95.0594329833984,41.5050621032715,837,26233,"iowa","shelby",2024,98
"10014",-95.0594329833984,41.5050621032715,837,26233,"iowa","shelby",2025,7
"10015",-95.1682891845703,41.5050621032715,837,26234,"iowa","shelby",2014,120
"10016",-95.1682891845703,41.5050621032715,837,26234,"iowa","shelby",2015,126
"10017",-95.1682891845703,41.5050621032715,837,26234,"iowa","shelby",2016,117
"10018",-95.1682891845703,41.5050621032715,837,26234,"iowa","shelby",2017,119
"10019",-95.1682891845703,41.5050621032715,837,26234,"iowa","shelby",2018,120
"10020",-95.1682891845703,41.5050621032715,837,26234,"iowa","shelby",2019,113
"10021",-95.1682891845703,41.5050621032715,837,26234,"iowa","shelby",2020,77
"10022",-95.1682891845703,41.5050621032715,837,26234,"iowa","shelby",2021,83
"10023",-95.1682891845703,41.5050621032715,837,26234,"iowa","shelby",2022,85
"10024",-95.1682891845703,41.5050621032715,837,26234,"iowa","shelby",2023,98
"10025",-95.1682891845703,41.5050621032715,837,26234,"iowa","shelby",2024,98
"10026",-95.1682891845703,41.5050621032715,837,26234,"iowa","shelby",2025,7
"10027",-95.494873046875,41.5050621032715,837,26235,"iowa","shelby",2014,120
"10028",-95.494873046875,41.5050621032715,837,26235,"iowa","shelby",2015,126
"10029",-95.494873046875,41.5050621032715,837,26235,"iowa","shelby",2016,117
"10030",-95.494873046875,41.5050621032715,837,26235,"iowa","shelby",2017,119
"10031",-95.494873046875,41.5050621032715,837,26235,"iowa","shelby",2018,120
"10032",-95.494873046875,41.5050621032715,837,26235,"iowa","shelby",2019,113
"10033",-95.494873046875,41.5050621032715,837,26235,"iowa","shelby",2020,77
"10034",-95.494873046875,41.5050621032715,837,26235,"iowa","shelby",2021,83
"10035",-95.494873046875,41.5050621032715,837,26235,"iowa","shelby",2022,85
"10036",-95.494873046875,41.5050621032715,837,26235,"iowa","shelby",2023,98
"10037",-95.494873046875,41.5050621032715,837,26235,"iowa","shelby",2024,98
"10038",-95.494873046875,41.5050621032715,837,26235,"iowa","shelby",2025,7
"10039",-95.489143371582,41.596736907959,837,26236,"iowa","shelby",2014,120
"10040",-95.489143371582,41.596736907959,837,26236,"iowa","shelby",2015,126
"10041",-95.489143371582,41.596736907959,837,26236,"iowa","shelby",2016,117
"10042",-95.489143371582,41.596736907959,837,26236,"iowa","shelby",2017,119
"10043",-95.489143371582,41.596736907959,837,26236,"iowa","shelby",2018,120
"10044",-95.489143371582,41.596736907959,837,26236,"iowa","shelby",2019,113
"10045",-95.489143371582,41.596736907959,837,26236,"iowa","shelby",2020,77
"10046",-95.489143371582,41.596736907959,837,26236,"iowa","shelby",2021,83
"10047",-95.489143371582,41.596736907959,837,26236,"iowa","shelby",2022,85
"10048",-95.489143371582,41.596736907959,837,26236,"iowa","shelby",2023,98
"10049",-95.489143371582,41.596736907959,837,26236,"iowa","shelby",2024,98
"10050",-95.489143371582,41.596736907959,837,26236,"iowa","shelby",2025,7
"10051",-95.5521774291992,41.602466583252,837,26237,"iowa","shelby",2014,120
"10052",-95.5521774291992,41.602466583252,837,26237,"iowa","shelby",2015,126
"10053",-95.5521774291992,41.602466583252,837,26237,"iowa","shelby",2016,117
"10054",-95.5521774291992,41.602466583252,837,26237,"iowa","shelby",2017,119
"10055",-95.5521774291992,41.602466583252,837,26237,"iowa","shelby",2018,120
"10056",-95.5521774291992,41.602466583252,837,26237,"iowa","shelby",2019,113
"10057",-95.5521774291992,41.602466583252,837,26237,"iowa","shelby",2020,77
"10058",-95.5521774291992,41.602466583252,837,26237,"iowa","shelby",2021,83
"10059",-95.5521774291992,41.602466583252,837,26237,"iowa","shelby",2022,85
"10060",-95.5521774291992,41.602466583252,837,26237,"iowa","shelby",2023,98
"10061",-95.5521774291992,41.602466583252,837,26237,"iowa","shelby",2024,98
"10062",-95.5521774291992,41.602466583252,837,26237,"iowa","shelby",2025,7
"10063",-95.5578994750977,41.8602981567383,837,26238,"iowa","shelby",2014,120
"10064",-95.5578994750977,41.8602981567383,837,26238,"iowa","shelby",2015,126
"10065",-95.5578994750977,41.8602981567383,837,26238,"iowa","shelby",2016,117
"10066",-95.5578994750977,41.8602981567383,837,26238,"iowa","shelby",2017,119
"10067",-95.5578994750977,41.8602981567383,837,26238,"iowa","shelby",2018,120
"10068",-95.5578994750977,41.8602981567383,837,26238,"iowa","shelby",2019,113
"10069",-95.5578994750977,41.8602981567383,837,26238,"iowa","shelby",2020,77
"10070",-95.5578994750977,41.8602981567383,837,26238,"iowa","shelby",2021,83
"10071",-95.5578994750977,41.8602981567383,837,26238,"iowa","shelby",2022,85
"10072",-95.5578994750977,41.8602981567383,837,26238,"iowa","shelby",2023,98
"10073",-95.5578994750977,41.8602981567383,837,26238,"iowa","shelby",2024,98
"10074",-95.5578994750977,41.8602981567383,837,26238,"iowa","shelby",2025,7
"10075",-95.8615646362305,43.2640419006348,838,26240,"iowa","sioux",2014,472
"10076",-95.8615646362305,43.2640419006348,838,26240,"iowa","sioux",2015,459
"10077",-95.8615646362305,43.2640419006348,838,26240,"iowa","sioux",2016,470
"10078",-95.8615646362305,43.2640419006348,838,26240,"iowa","sioux",2017,443
"10079",-95.8615646362305,43.2640419006348,838,26240,"iowa","sioux",2018,482
"10080",-95.8615646362305,43.2640419006348,838,26240,"iowa","sioux",2019,489
"10081",-95.8615646362305,43.2640419006348,838,26240,"iowa","sioux",2020,443
"10082",-95.8615646362305,43.2640419006348,838,26240,"iowa","sioux",2021,490
"10083",-95.8615646362305,43.2640419006348,838,26240,"iowa","sioux",2022,481
"10084",-95.8615646362305,43.2640419006348,838,26240,"iowa","sioux",2023,506
"10085",-95.8615646362305,43.2640419006348,838,26240,"iowa","sioux",2024,498
"10086",-95.8615646362305,43.2640419006348,838,26240,"iowa","sioux",2025,25
"10087",-95.8558349609375,42.9088096618652,838,26241,"iowa","sioux",2014,472
"10088",-95.8558349609375,42.9088096618652,838,26241,"iowa","sioux",2015,459
"10089",-95.8558349609375,42.9088096618652,838,26241,"iowa","sioux",2016,470
"10090",-95.8558349609375,42.9088096618652,838,26241,"iowa","sioux",2017,443
"10091",-95.8558349609375,42.9088096618652,838,26241,"iowa","sioux",2018,482
"10092",-95.8558349609375,42.9088096618652,838,26241,"iowa","sioux",2019,489
"10093",-95.8558349609375,42.9088096618652,838,26241,"iowa","sioux",2020,443
"10094",-95.8558349609375,42.9088096618652,838,26241,"iowa","sioux",2021,490
"10095",-95.8558349609375,42.9088096618652,838,26241,"iowa","sioux",2022,481
"10096",-95.8558349609375,42.9088096618652,838,26241,"iowa","sioux",2023,506
"10097",-95.8558349609375,42.9088096618652,838,26241,"iowa","sioux",2024,498
"10098",-95.8558349609375,42.9088096618652,838,26241,"iowa","sioux",2025,25
"10099",-96.5204696655273,42.9030799865723,838,26242,"iowa","sioux",2014,472
"10100",-96.5204696655273,42.9030799865723,838,26242,"iowa","sioux",2015,459
"10101",-96.5204696655273,42.9030799865723,838,26242,"iowa","sioux",2016,470
"10102",-96.5204696655273,42.9030799865723,838,26242,"iowa","sioux",2017,443
"10103",-96.5204696655273,42.9030799865723,838,26242,"iowa","sioux",2018,482
"10104",-96.5204696655273,42.9030799865723,838,26242,"iowa","sioux",2019,489
"10105",-96.5204696655273,42.9030799865723,838,26242,"iowa","sioux",2020,443
"10106",-96.5204696655273,42.9030799865723,838,26242,"iowa","sioux",2021,490
"10107",-96.5204696655273,42.9030799865723,838,26242,"iowa","sioux",2022,481
"10108",-96.5204696655273,42.9030799865723,838,26242,"iowa","sioux",2023,506
"10109",-96.5204696655273,42.9030799865723,838,26242,"iowa","sioux",2024,498
"10110",-96.5204696655273,42.9030799865723,838,26242,"iowa","sioux",2025,25
"10111",-96.5204696655273,42.9259986877441,838,26243,"iowa","sioux",2014,472
"10112",-96.5204696655273,42.9259986877441,838,26243,"iowa","sioux",2015,459
"10113",-96.5204696655273,42.9259986877441,838,26243,"iowa","sioux",2016,470
"10114",-96.5204696655273,42.9259986877441,838,26243,"iowa","sioux",2017,443
"10115",-96.5204696655273,42.9259986877441,838,26243,"iowa","sioux",2018,482
"10116",-96.5204696655273,42.9259986877441,838,26243,"iowa","sioux",2019,489
"10117",-96.5204696655273,42.9259986877441,838,26243,"iowa","sioux",2020,443
"10118",-96.5204696655273,42.9259986877441,838,26243,"iowa","sioux",2021,490
"10119",-96.5204696655273,42.9259986877441,838,26243,"iowa","sioux",2022,481
"10120",-96.5204696655273,42.9259986877441,838,26243,"iowa","sioux",2023,506
"10121",-96.5204696655273,42.9259986877441,838,26243,"iowa","sioux",2024,498
"10122",-96.5204696655273,42.9259986877441,838,26243,"iowa","sioux",2025,25
"10123",-96.4975509643555,42.9431838989258,838,26244,"iowa","sioux",2014,472
"10124",-96.4975509643555,42.9431838989258,838,26244,"iowa","sioux",2015,459
"10125",-96.4975509643555,42.9431838989258,838,26244,"iowa","sioux",2016,470
"10126",-96.4975509643555,42.9431838989258,838,26244,"iowa","sioux",2017,443
"10127",-96.4975509643555,42.9431838989258,838,26244,"iowa","sioux",2018,482
"10128",-96.4975509643555,42.9431838989258,838,26244,"iowa","sioux",2019,489
"10129",-96.4975509643555,42.9431838989258,838,26244,"iowa","sioux",2020,443
"10130",-96.4975509643555,42.9431838989258,838,26244,"iowa","sioux",2021,490
"10131",-96.4975509643555,42.9431838989258,838,26244,"iowa","sioux",2022,481
"10132",-96.4975509643555,42.9431838989258,838,26244,"iowa","sioux",2023,506
"10133",-96.4975509643555,42.9431838989258,838,26244,"iowa","sioux",2024,498
"10134",-96.4975509643555,42.9431838989258,838,26244,"iowa","sioux",2025,25
"10135",-96.4975509643555,42.9832916259766,838,26245,"iowa","sioux",2014,472
"10136",-96.4975509643555,42.9832916259766,838,26245,"iowa","sioux",2015,459
"10137",-96.4975509643555,42.9832916259766,838,26245,"iowa","sioux",2016,470
"10138",-96.4975509643555,42.9832916259766,838,26245,"iowa","sioux",2017,443
"10139",-96.4975509643555,42.9832916259766,838,26245,"iowa","sioux",2018,482
"10140",-96.4975509643555,42.9832916259766,838,26245,"iowa","sioux",2019,489
"10141",-96.4975509643555,42.9832916259766,838,26245,"iowa","sioux",2020,443
"10142",-96.4975509643555,42.9832916259766,838,26245,"iowa","sioux",2021,490
"10143",-96.4975509643555,42.9832916259766,838,26245,"iowa","sioux",2022,481
"10144",-96.4975509643555,42.9832916259766,838,26245,"iowa","sioux",2023,506
"10145",-96.4975509643555,42.9832916259766,838,26245,"iowa","sioux",2024,498
"10146",-96.4975509643555,42.9832916259766,838,26245,"iowa","sioux",2025,25
"10147",-96.4975509643555,43.0119400024414,838,26246,"iowa","sioux",2014,472
"10148",-96.4975509643555,43.0119400024414,838,26246,"iowa","sioux",2015,459
"10149",-96.4975509643555,43.0119400024414,838,26246,"iowa","sioux",2016,470
"10150",-96.4975509643555,43.0119400024414,838,26246,"iowa","sioux",2017,443
"10151",-96.4975509643555,43.0119400024414,838,26246,"iowa","sioux",2018,482
"10152",-96.4975509643555,43.0119400024414,838,26246,"iowa","sioux",2019,489
"10153",-96.4975509643555,43.0119400024414,838,26246,"iowa","sioux",2020,443
"10154",-96.4975509643555,43.0119400024414,838,26246,"iowa","sioux",2021,490
"10155",-96.4975509643555,43.0119400024414,838,26246,"iowa","sioux",2022,481
"10156",-96.4975509643555,43.0119400024414,838,26246,"iowa","sioux",2023,506
"10157",-96.4975509643555,43.0119400024414,838,26246,"iowa","sioux",2024,498
"10158",-96.4975509643555,43.0119400024414,838,26246,"iowa","sioux",2025,25
"10159",-96.5147399902344,43.0291290283203,838,26247,"iowa","sioux",2014,472
"10160",-96.5147399902344,43.0291290283203,838,26247,"iowa","sioux",2015,459
"10161",-96.5147399902344,43.0291290283203,838,26247,"iowa","sioux",2016,470
"10162",-96.5147399902344,43.0291290283203,838,26247,"iowa","sioux",2017,443
"10163",-96.5147399902344,43.0291290283203,838,26247,"iowa","sioux",2018,482
"10164",-96.5147399902344,43.0291290283203,838,26247,"iowa","sioux",2019,489
"10165",-96.5147399902344,43.0291290283203,838,26247,"iowa","sioux",2020,443
"10166",-96.5147399902344,43.0291290283203,838,26247,"iowa","sioux",2021,490
"10167",-96.5147399902344,43.0291290283203,838,26247,"iowa","sioux",2022,481
"10168",-96.5147399902344,43.0291290283203,838,26247,"iowa","sioux",2023,506
"10169",-96.5147399902344,43.0291290283203,838,26247,"iowa","sioux",2024,498
"10170",-96.5147399902344,43.0291290283203,838,26247,"iowa","sioux",2025,25
"10171",-96.4459838867188,43.0520477294922,838,26248,"iowa","sioux",2014,472
"10172",-96.4459838867188,43.0520477294922,838,26248,"iowa","sioux",2015,459
"10173",-96.4459838867188,43.0520477294922,838,26248,"iowa","sioux",2016,470
"10174",-96.4459838867188,43.0520477294922,838,26248,"iowa","sioux",2017,443
"10175",-96.4459838867188,43.0520477294922,838,26248,"iowa","sioux",2018,482
"10176",-96.4459838867188,43.0520477294922,838,26248,"iowa","sioux",2019,489
"10177",-96.4459838867188,43.0520477294922,838,26248,"iowa","sioux",2020,443
"10178",-96.4459838867188,43.0520477294922,838,26248,"iowa","sioux",2021,490
"10179",-96.4459838867188,43.0520477294922,838,26248,"iowa","sioux",2022,481
"10180",-96.4459838867188,43.0520477294922,838,26248,"iowa","sioux",2023,506
"10181",-96.4459838867188,43.0520477294922,838,26248,"iowa","sioux",2024,498
"10182",-96.4459838867188,43.0520477294922,838,26248,"iowa","sioux",2025,25
"10183",-96.4402542114258,43.080696105957,838,26249,"iowa","sioux",2014,472
"10184",-96.4402542114258,43.080696105957,838,26249,"iowa","sioux",2015,459
"10185",-96.4402542114258,43.080696105957,838,26249,"iowa","sioux",2016,470
"10186",-96.4402542114258,43.080696105957,838,26249,"iowa","sioux",2017,443
"10187",-96.4402542114258,43.080696105957,838,26249,"iowa","sioux",2018,482
"10188",-96.4402542114258,43.080696105957,838,26249,"iowa","sioux",2019,489
"10189",-96.4402542114258,43.080696105957,838,26249,"iowa","sioux",2020,443
"10190",-96.4402542114258,43.080696105957,838,26249,"iowa","sioux",2021,490
"10191",-96.4402542114258,43.080696105957,838,26249,"iowa","sioux",2022,481
"10192",-96.4402542114258,43.080696105957,838,26249,"iowa","sioux",2023,506
"10193",-96.4402542114258,43.080696105957,838,26249,"iowa","sioux",2024,498
"10194",-96.4402542114258,43.080696105957,838,26249,"iowa","sioux",2025,25
"10195",-96.4345245361328,43.1036148071289,838,26250,"iowa","sioux",2014,472
"10196",-96.4345245361328,43.1036148071289,838,26250,"iowa","sioux",2015,459
"10197",-96.4345245361328,43.1036148071289,838,26250,"iowa","sioux",2016,470
"10198",-96.4345245361328,43.1036148071289,838,26250,"iowa","sioux",2017,443
"10199",-96.4345245361328,43.1036148071289,838,26250,"iowa","sioux",2018,482
"10200",-96.4345245361328,43.1036148071289,838,26250,"iowa","sioux",2019,489
"10201",-96.4345245361328,43.1036148071289,838,26250,"iowa","sioux",2020,443
"10202",-96.4345245361328,43.1036148071289,838,26250,"iowa","sioux",2021,490
"10203",-96.4345245361328,43.1036148071289,838,26250,"iowa","sioux",2022,481
"10204",-96.4345245361328,43.1036148071289,838,26250,"iowa","sioux",2023,506
"10205",-96.4345245361328,43.1036148071289,838,26250,"iowa","sioux",2024,498
"10206",-96.4345245361328,43.1036148071289,838,26250,"iowa","sioux",2025,25
"10207",-96.4345245361328,43.1208038330078,838,26251,"iowa","sioux",2014,472
"10208",-96.4345245361328,43.1208038330078,838,26251,"iowa","sioux",2015,459
"10209",-96.4345245361328,43.1208038330078,838,26251,"iowa","sioux",2016,470
"10210",-96.4345245361328,43.1208038330078,838,26251,"iowa","sioux",2017,443
"10211",-96.4345245361328,43.1208038330078,838,26251,"iowa","sioux",2018,482
"10212",-96.4345245361328,43.1208038330078,838,26251,"iowa","sioux",2019,489
"10213",-96.4345245361328,43.1208038330078,838,26251,"iowa","sioux",2020,443
"10214",-96.4345245361328,43.1208038330078,838,26251,"iowa","sioux",2021,490
"10215",-96.4345245361328,43.1208038330078,838,26251,"iowa","sioux",2022,481
"10216",-96.4345245361328,43.1208038330078,838,26251,"iowa","sioux",2023,506
"10217",-96.4345245361328,43.1208038330078,838,26251,"iowa","sioux",2024,498
"10218",-96.4345245361328,43.1208038330078,838,26251,"iowa","sioux",2025,25
"10219",-96.4402542114258,43.1494483947754,838,26252,"iowa","sioux",2014,472
"10220",-96.4402542114258,43.1494483947754,838,26252,"iowa","sioux",2015,459
"10221",-96.4402542114258,43.1494483947754,838,26252,"iowa","sioux",2016,470
"10222",-96.4402542114258,43.1494483947754,838,26252,"iowa","sioux",2017,443
"10223",-96.4402542114258,43.1494483947754,838,26252,"iowa","sioux",2018,482
"10224",-96.4402542114258,43.1494483947754,838,26252,"iowa","sioux",2019,489
"10225",-96.4402542114258,43.1494483947754,838,26252,"iowa","sioux",2020,443
"10226",-96.4402542114258,43.1494483947754,838,26252,"iowa","sioux",2021,490
"10227",-96.4402542114258,43.1494483947754,838,26252,"iowa","sioux",2022,481
"10228",-96.4402542114258,43.1494483947754,838,26252,"iowa","sioux",2023,506
"10229",-96.4402542114258,43.1494483947754,838,26252,"iowa","sioux",2024,498
"10230",-96.4402542114258,43.1494483947754,838,26252,"iowa","sioux",2025,25
"10231",-96.4517135620117,43.1781005859375,838,26253,"iowa","sioux",2014,472
"10232",-96.4517135620117,43.1781005859375,838,26253,"iowa","sioux",2015,459
"10233",-96.4517135620117,43.1781005859375,838,26253,"iowa","sioux",2016,470
"10234",-96.4517135620117,43.1781005859375,838,26253,"iowa","sioux",2017,443
"10235",-96.4517135620117,43.1781005859375,838,26253,"iowa","sioux",2018,482
"10236",-96.4517135620117,43.1781005859375,838,26253,"iowa","sioux",2019,489
"10237",-96.4517135620117,43.1781005859375,838,26253,"iowa","sioux",2020,443
"10238",-96.4517135620117,43.1781005859375,838,26253,"iowa","sioux",2021,490
"10239",-96.4517135620117,43.1781005859375,838,26253,"iowa","sioux",2022,481
"10240",-96.4517135620117,43.1781005859375,838,26253,"iowa","sioux",2023,506
"10241",-96.4517135620117,43.1781005859375,838,26253,"iowa","sioux",2024,498
"10242",-96.4517135620117,43.1781005859375,838,26253,"iowa","sioux",2025,25
"10243",-96.4574508666992,43.2010192871094,838,26254,"iowa","sioux",2014,472
"10244",-96.4574508666992,43.2010192871094,838,26254,"iowa","sioux",2015,459
"10245",-96.4574508666992,43.2010192871094,838,26254,"iowa","sioux",2016,470
"10246",-96.4574508666992,43.2010192871094,838,26254,"iowa","sioux",2017,443
"10247",-96.4574508666992,43.2010192871094,838,26254,"iowa","sioux",2018,482
"10248",-96.4574508666992,43.2010192871094,838,26254,"iowa","sioux",2019,489
"10249",-96.4574508666992,43.2010192871094,838,26254,"iowa","sioux",2020,443
"10250",-96.4574508666992,43.2010192871094,838,26254,"iowa","sioux",2021,490
"10251",-96.4574508666992,43.2010192871094,838,26254,"iowa","sioux",2022,481
"10252",-96.4574508666992,43.2010192871094,838,26254,"iowa","sioux",2023,506
"10253",-96.4574508666992,43.2010192871094,838,26254,"iowa","sioux",2024,498
"10254",-96.4574508666992,43.2010192871094,838,26254,"iowa","sioux",2025,25
"10255",-96.4689025878906,43.218204498291,838,26255,"iowa","sioux",2014,472
"10256",-96.4689025878906,43.218204498291,838,26255,"iowa","sioux",2015,459
"10257",-96.4689025878906,43.218204498291,838,26255,"iowa","sioux",2016,470
"10258",-96.4689025878906,43.218204498291,838,26255,"iowa","sioux",2017,443
"10259",-96.4689025878906,43.218204498291,838,26255,"iowa","sioux",2018,482
"10260",-96.4689025878906,43.218204498291,838,26255,"iowa","sioux",2019,489
"10261",-96.4689025878906,43.218204498291,838,26255,"iowa","sioux",2020,443
"10262",-96.4689025878906,43.218204498291,838,26255,"iowa","sioux",2021,490
"10263",-96.4689025878906,43.218204498291,838,26255,"iowa","sioux",2022,481
"10264",-96.4689025878906,43.218204498291,838,26255,"iowa","sioux",2023,506
"10265",-96.4689025878906,43.218204498291,838,26255,"iowa","sioux",2024,498
"10266",-96.4689025878906,43.218204498291,838,26255,"iowa","sioux",2025,25
"10267",-96.4975509643555,43.2239379882812,838,26256,"iowa","sioux",2014,472
"10268",-96.4975509643555,43.2239379882812,838,26256,"iowa","sioux",2015,459
"10269",-96.4975509643555,43.2239379882812,838,26256,"iowa","sioux",2016,470
"10270",-96.4975509643555,43.2239379882812,838,26256,"iowa","sioux",2017,443
"10271",-96.4975509643555,43.2239379882812,838,26256,"iowa","sioux",2018,482
"10272",-96.4975509643555,43.2239379882812,838,26256,"iowa","sioux",2019,489
"10273",-96.4975509643555,43.2239379882812,838,26256,"iowa","sioux",2020,443
"10274",-96.4975509643555,43.2239379882812,838,26256,"iowa","sioux",2021,490
"10275",-96.4975509643555,43.2239379882812,838,26256,"iowa","sioux",2022,481
"10276",-96.4975509643555,43.2239379882812,838,26256,"iowa","sioux",2023,506
"10277",-96.4975509643555,43.2239379882812,838,26256,"iowa","sioux",2024,498
"10278",-96.4975509643555,43.2239379882812,838,26256,"iowa","sioux",2025,25
"10279",-96.5319290161133,43.2239379882812,838,26257,"iowa","sioux",2014,472
"10280",-96.5319290161133,43.2239379882812,838,26257,"iowa","sioux",2015,459
"10281",-96.5319290161133,43.2239379882812,838,26257,"iowa","sioux",2016,470
"10282",-96.5319290161133,43.2239379882812,838,26257,"iowa","sioux",2017,443
"10283",-96.5319290161133,43.2239379882812,838,26257,"iowa","sioux",2018,482
"10284",-96.5319290161133,43.2239379882812,838,26257,"iowa","sioux",2019,489
"10285",-96.5319290161133,43.2239379882812,838,26257,"iowa","sioux",2020,443
"10286",-96.5319290161133,43.2239379882812,838,26257,"iowa","sioux",2021,490
"10287",-96.5319290161133,43.2239379882812,838,26257,"iowa","sioux",2022,481
"10288",-96.5319290161133,43.2239379882812,838,26257,"iowa","sioux",2023,506
"10289",-96.5319290161133,43.2239379882812,838,26257,"iowa","sioux",2024,498
"10290",-96.5319290161133,43.2239379882812,838,26257,"iowa","sioux",2025,25
"10291",-96.5548477172852,43.2353935241699,838,26258,"iowa","sioux",2014,472
"10292",-96.5548477172852,43.2353935241699,838,26258,"iowa","sioux",2015,459
"10293",-96.5548477172852,43.2353935241699,838,26258,"iowa","sioux",2016,470
"10294",-96.5548477172852,43.2353935241699,838,26258,"iowa","sioux",2017,443
"10295",-96.5548477172852,43.2353935241699,838,26258,"iowa","sioux",2018,482
"10296",-96.5548477172852,43.2353935241699,838,26258,"iowa","sioux",2019,489
"10297",-96.5548477172852,43.2353935241699,838,26258,"iowa","sioux",2020,443
"10298",-96.5548477172852,43.2353935241699,838,26258,"iowa","sioux",2021,490
"10299",-96.5548477172852,43.2353935241699,838,26258,"iowa","sioux",2022,481
"10300",-96.5548477172852,43.2353935241699,838,26258,"iowa","sioux",2023,506
"10301",-96.5548477172852,43.2353935241699,838,26258,"iowa","sioux",2024,498
"10302",-96.5548477172852,43.2353935241699,838,26258,"iowa","sioux",2025,25
"10303",-96.5605773925781,43.2583122253418,838,26259,"iowa","sioux",2014,472
"10304",-96.5605773925781,43.2583122253418,838,26259,"iowa","sioux",2015,459
"10305",-96.5605773925781,43.2583122253418,838,26259,"iowa","sioux",2016,470
"10306",-96.5605773925781,43.2583122253418,838,26259,"iowa","sioux",2017,443
"10307",-96.5605773925781,43.2583122253418,838,26259,"iowa","sioux",2018,482
"10308",-96.5605773925781,43.2583122253418,838,26259,"iowa","sioux",2019,489
"10309",-96.5605773925781,43.2583122253418,838,26259,"iowa","sioux",2020,443
"10310",-96.5605773925781,43.2583122253418,838,26259,"iowa","sioux",2021,490
"10311",-96.5605773925781,43.2583122253418,838,26259,"iowa","sioux",2022,481
"10312",-96.5605773925781,43.2583122253418,838,26259,"iowa","sioux",2023,506
"10313",-96.5605773925781,43.2583122253418,838,26259,"iowa","sioux",2024,498
"10314",-96.5605773925781,43.2583122253418,838,26259,"iowa","sioux",2025,25
"10315",-95.8615646362305,43.2640419006348,838,26260,"iowa","sioux",2014,472
"10316",-95.8615646362305,43.2640419006348,838,26260,"iowa","sioux",2015,459
"10317",-95.8615646362305,43.2640419006348,838,26260,"iowa","sioux",2016,470
"10318",-95.8615646362305,43.2640419006348,838,26260,"iowa","sioux",2017,443
"10319",-95.8615646362305,43.2640419006348,838,26260,"iowa","sioux",2018,482
"10320",-95.8615646362305,43.2640419006348,838,26260,"iowa","sioux",2019,489
"10321",-95.8615646362305,43.2640419006348,838,26260,"iowa","sioux",2020,443
"10322",-95.8615646362305,43.2640419006348,838,26260,"iowa","sioux",2021,490
"10323",-95.8615646362305,43.2640419006348,838,26260,"iowa","sioux",2022,481
"10324",-95.8615646362305,43.2640419006348,838,26260,"iowa","sioux",2023,506
"10325",-95.8615646362305,43.2640419006348,838,26260,"iowa","sioux",2024,498
"10326",-95.8615646362305,43.2640419006348,838,26260,"iowa","sioux",2025,25
"10327",-93.7015228271484,42.2098007202148,839,26262,"iowa","story",2014,1554
"10328",-93.7015228271484,42.2098007202148,839,26262,"iowa","story",2015,1687
"10329",-93.7015228271484,42.2098007202148,839,26262,"iowa","story",2016,1608
"10330",-93.7015228271484,42.2098007202148,839,26262,"iowa","story",2017,1570
"10331",-93.7015228271484,42.2098007202148,839,26262,"iowa","story",2018,1582
"10332",-93.7015228271484,42.2098007202148,839,26262,"iowa","story",2019,1663
"10333",-93.7015228271484,42.2098007202148,839,26262,"iowa","story",2020,1209
"10334",-93.7015228271484,42.2098007202148,839,26262,"iowa","story",2021,1620
"10335",-93.7015228271484,42.2098007202148,839,26262,"iowa","story",2022,1508
"10336",-93.7015228271484,42.2098007202148,839,26262,"iowa","story",2023,1540
"10337",-93.7015228271484,42.2098007202148,839,26262,"iowa","story",2024,1472
"10338",-93.7015228271484,42.2098007202148,839,26262,"iowa","story",2025,100
"10339",-93.4666061401367,42.2098007202148,839,26263,"iowa","story",2014,1554
"10340",-93.4666061401367,42.2098007202148,839,26263,"iowa","story",2015,1687
"10341",-93.4666061401367,42.2098007202148,839,26263,"iowa","story",2016,1608
"10342",-93.4666061401367,42.2098007202148,839,26263,"iowa","story",2017,1570
"10343",-93.4666061401367,42.2098007202148,839,26263,"iowa","story",2018,1582
"10344",-93.4666061401367,42.2098007202148,839,26263,"iowa","story",2019,1663
"10345",-93.4666061401367,42.2098007202148,839,26263,"iowa","story",2020,1209
"10346",-93.4666061401367,42.2098007202148,839,26263,"iowa","story",2021,1620
"10347",-93.4666061401367,42.2098007202148,839,26263,"iowa","story",2022,1508
"10348",-93.4666061401367,42.2098007202148,839,26263,"iowa","story",2023,1540
"10349",-93.4666061401367,42.2098007202148,839,26263,"iowa","story",2024,1472
"10350",-93.4666061401367,42.2098007202148,839,26263,"iowa","story",2025,100
"10351",-93.231689453125,42.2098007202148,839,26264,"iowa","story",2014,1554
"10352",-93.231689453125,42.2098007202148,839,26264,"iowa","story",2015,1687
"10353",-93.231689453125,42.2098007202148,839,26264,"iowa","story",2016,1608
"10354",-93.231689453125,42.2098007202148,839,26264,"iowa","story",2017,1570
"10355",-93.231689453125,42.2098007202148,839,26264,"iowa","story",2018,1582
"10356",-93.231689453125,42.2098007202148,839,26264,"iowa","story",2019,1663
"10357",-93.231689453125,42.2098007202148,839,26264,"iowa","story",2020,1209
"10358",-93.231689453125,42.2098007202148,839,26264,"iowa","story",2021,1620
"10359",-93.231689453125,42.2098007202148,839,26264,"iowa","story",2022,1508
"10360",-93.231689453125,42.2098007202148,839,26264,"iowa","story",2023,1540
"10361",-93.231689453125,42.2098007202148,839,26264,"iowa","story",2024,1472
"10362",-93.231689453125,42.2098007202148,839,26264,"iowa","story",2025,100
"10363",-93.231689453125,41.8660278320312,839,26265,"iowa","story",2014,1554
"10364",-93.231689453125,41.8660278320312,839,26265,"iowa","story",2015,1687
"10365",-93.231689453125,41.8660278320312,839,26265,"iowa","story",2016,1608
"10366",-93.231689453125,41.8660278320312,839,26265,"iowa","story",2017,1570
"10367",-93.231689453125,41.8660278320312,839,26265,"iowa","story",2018,1582
"10368",-93.231689453125,41.8660278320312,839,26265,"iowa","story",2019,1663
"10369",-93.231689453125,41.8660278320312,839,26265,"iowa","story",2020,1209
"10370",-93.231689453125,41.8660278320312,839,26265,"iowa","story",2021,1620
"10371",-93.231689453125,41.8660278320312,839,26265,"iowa","story",2022,1508
"10372",-93.231689453125,41.8660278320312,839,26265,"iowa","story",2023,1540
"10373",-93.231689453125,41.8660278320312,839,26265,"iowa","story",2024,1472
"10374",-93.231689453125,41.8660278320312,839,26265,"iowa","story",2025,100
"10375",-93.3462829589844,41.8602981567383,839,26266,"iowa","story",2014,1554
"10376",-93.3462829589844,41.8602981567383,839,26266,"iowa","story",2015,1687
"10377",-93.3462829589844,41.8602981567383,839,26266,"iowa","story",2016,1608
"10378",-93.3462829589844,41.8602981567383,839,26266,"iowa","story",2017,1570
"10379",-93.3462829589844,41.8602981567383,839,26266,"iowa","story",2018,1582
"10380",-93.3462829589844,41.8602981567383,839,26266,"iowa","story",2019,1663
"10381",-93.3462829589844,41.8602981567383,839,26266,"iowa","story",2020,1209
"10382",-93.3462829589844,41.8602981567383,839,26266,"iowa","story",2021,1620
"10383",-93.3462829589844,41.8602981567383,839,26266,"iowa","story",2022,1508
"10384",-93.3462829589844,41.8602981567383,839,26266,"iowa","story",2023,1540
"10385",-93.3462829589844,41.8602981567383,839,26266,"iowa","story",2024,1472
"10386",-93.3462829589844,41.8602981567383,839,26266,"iowa","story",2025,100
"10387",-93.7015228271484,41.8602981567383,839,26267,"iowa","story",2014,1554
"10388",-93.7015228271484,41.8602981567383,839,26267,"iowa","story",2015,1687
"10389",-93.7015228271484,41.8602981567383,839,26267,"iowa","story",2016,1608
"10390",-93.7015228271484,41.8602981567383,839,26267,"iowa","story",2017,1570
"10391",-93.7015228271484,41.8602981567383,839,26267,"iowa","story",2018,1582
"10392",-93.7015228271484,41.8602981567383,839,26267,"iowa","story",2019,1663
"10393",-93.7015228271484,41.8602981567383,839,26267,"iowa","story",2020,1209
"10394",-93.7015228271484,41.8602981567383,839,26267,"iowa","story",2021,1620
"10395",-93.7015228271484,41.8602981567383,839,26267,"iowa","story",2022,1508
"10396",-93.7015228271484,41.8602981567383,839,26267,"iowa","story",2023,1540
"10397",-93.7015228271484,41.8602981567383,839,26267,"iowa","story",2024,1472
"10398",-93.7015228271484,41.8602981567383,839,26267,"iowa","story",2025,100
"10399",-93.7015228271484,42.2098007202148,839,26268,"iowa","story",2014,1554
"10400",-93.7015228271484,42.2098007202148,839,26268,"iowa","story",2015,1687
"10401",-93.7015228271484,42.2098007202148,839,26268,"iowa","story",2016,1608
"10402",-93.7015228271484,42.2098007202148,839,26268,"iowa","story",2017,1570
"10403",-93.7015228271484,42.2098007202148,839,26268,"iowa","story",2018,1582
"10404",-93.7015228271484,42.2098007202148,839,26268,"iowa","story",2019,1663
"10405",-93.7015228271484,42.2098007202148,839,26268,"iowa","story",2020,1209
"10406",-93.7015228271484,42.2098007202148,839,26268,"iowa","story",2021,1620
"10407",-93.7015228271484,42.2098007202148,839,26268,"iowa","story",2022,1508
"10408",-93.7015228271484,42.2098007202148,839,26268,"iowa","story",2023,1540
"10409",-93.7015228271484,42.2098007202148,839,26268,"iowa","story",2024,1472
"10410",-93.7015228271484,42.2098007202148,839,26268,"iowa","story",2025,100
"10411",-92.2863159179688,42.3014755249023,840,26270,"iowa","tama",2014,216
"10412",-92.2863159179688,42.3014755249023,840,26270,"iowa","tama",2015,274
"10413",-92.2863159179688,42.3014755249023,840,26270,"iowa","tama",2016,297
"10414",-92.2863159179688,42.3014755249023,840,26270,"iowa","tama",2017,303
"10415",-92.2863159179688,42.3014755249023,840,26270,"iowa","tama",2018,294
"10416",-92.2863159179688,42.3014755249023,840,26270,"iowa","tama",2019,282
"10417",-92.2863159179688,42.3014755249023,840,26270,"iowa","tama",2020,278
"10418",-92.2863159179688,42.3014755249023,840,26270,"iowa","tama",2021,311
"10419",-92.2863159179688,42.3014755249023,840,26270,"iowa","tama",2022,314
"10420",-92.2863159179688,42.3014755249023,840,26270,"iowa","tama",2023,312
"10421",-92.2863159179688,42.3014755249023,840,26270,"iowa","tama",2024,262
"10422",-92.2863159179688,42.3014755249023,840,26270,"iowa","tama",2025,12
"10423",-92.2805786132812,41.871753692627,840,26271,"iowa","tama",2014,216
"10424",-92.2805786132812,41.871753692627,840,26271,"iowa","tama",2015,274
"10425",-92.2805786132812,41.871753692627,840,26271,"iowa","tama",2016,297
"10426",-92.2805786132812,41.871753692627,840,26271,"iowa","tama",2017,303
"10427",-92.2805786132812,41.871753692627,840,26271,"iowa","tama",2018,294
"10428",-92.2805786132812,41.871753692627,840,26271,"iowa","tama",2019,282
"10429",-92.2805786132812,41.871753692627,840,26271,"iowa","tama",2020,278
"10430",-92.2805786132812,41.871753692627,840,26271,"iowa","tama",2021,311
"10431",-92.2805786132812,41.871753692627,840,26271,"iowa","tama",2022,314
"10432",-92.2805786132812,41.871753692627,840,26271,"iowa","tama",2023,312
"10433",-92.2805786132812,41.871753692627,840,26271,"iowa","tama",2024,262
"10434",-92.2805786132812,41.871753692627,840,26271,"iowa","tama",2025,12
"10435",-92.7618637084961,41.871753692627,840,26272,"iowa","tama",2014,216
"10436",-92.7618637084961,41.871753692627,840,26272,"iowa","tama",2015,274
"10437",-92.7618637084961,41.871753692627,840,26272,"iowa","tama",2016,297
"10438",-92.7618637084961,41.871753692627,840,26272,"iowa","tama",2017,303
"10439",-92.7618637084961,41.871753692627,840,26272,"iowa","tama",2018,294
"10440",-92.7618637084961,41.871753692627,840,26272,"iowa","tama",2019,282
"10441",-92.7618637084961,41.871753692627,840,26272,"iowa","tama",2020,278
"10442",-92.7618637084961,41.871753692627,840,26272,"iowa","tama",2021,311
"10443",-92.7618637084961,41.871753692627,840,26272,"iowa","tama",2022,314
"10444",-92.7618637084961,41.871753692627,840,26272,"iowa","tama",2023,312
"10445",-92.7618637084961,41.871753692627,840,26272,"iowa","tama",2024,262
"10446",-92.7618637084961,41.871753692627,840,26272,"iowa","tama",2025,12
"10447",-92.7618637084961,42.2155303955078,840,26273,"iowa","tama",2014,216
"10448",-92.7618637084961,42.2155303955078,840,26273,"iowa","tama",2015,274
"10449",-92.7618637084961,42.2155303955078,840,26273,"iowa","tama",2016,297
"10450",-92.7618637084961,42.2155303955078,840,26273,"iowa","tama",2017,303
"10451",-92.7618637084961,42.2155303955078,840,26273,"iowa","tama",2018,294
"10452",-92.7618637084961,42.2155303955078,840,26273,"iowa","tama",2019,282
"10453",-92.7618637084961,42.2155303955078,840,26273,"iowa","tama",2020,278
"10454",-92.7618637084961,42.2155303955078,840,26273,"iowa","tama",2021,311
"10455",-92.7618637084961,42.2155303955078,840,26273,"iowa","tama",2022,314
"10456",-92.7618637084961,42.2155303955078,840,26273,"iowa","tama",2023,312
"10457",-92.7618637084961,42.2155303955078,840,26273,"iowa","tama",2024,262
"10458",-92.7618637084961,42.2155303955078,840,26273,"iowa","tama",2025,12
"10459",-92.7618637084961,42.3014755249023,840,26274,"iowa","tama",2014,216
"10460",-92.7618637084961,42.3014755249023,840,26274,"iowa","tama",2015,274
"10461",-92.7618637084961,42.3014755249023,840,26274,"iowa","tama",2016,297
"10462",-92.7618637084961,42.3014755249023,840,26274,"iowa","tama",2017,303
"10463",-92.7618637084961,42.3014755249023,840,26274,"iowa","tama",2018,294
"10464",-92.7618637084961,42.3014755249023,840,26274,"iowa","tama",2019,282
"10465",-92.7618637084961,42.3014755249023,840,26274,"iowa","tama",2020,278
"10466",-92.7618637084961,42.3014755249023,840,26274,"iowa","tama",2021,311
"10467",-92.7618637084961,42.3014755249023,840,26274,"iowa","tama",2022,314
"10468",-92.7618637084961,42.3014755249023,840,26274,"iowa","tama",2023,312
"10469",-92.7618637084961,42.3014755249023,840,26274,"iowa","tama",2024,262
"10470",-92.7618637084961,42.3014755249023,840,26274,"iowa","tama",2025,12
"10471",-92.5269546508789,42.3014755249023,840,26275,"iowa","tama",2014,216
"10472",-92.5269546508789,42.3014755249023,840,26275,"iowa","tama",2015,274
"10473",-92.5269546508789,42.3014755249023,840,26275,"iowa","tama",2016,297
"10474",-92.5269546508789,42.3014755249023,840,26275,"iowa","tama",2017,303
"10475",-92.5269546508789,42.3014755249023,840,26275,"iowa","tama",2018,294
"10476",-92.5269546508789,42.3014755249023,840,26275,"iowa","tama",2019,282
"10477",-92.5269546508789,42.3014755249023,840,26275,"iowa","tama",2020,278
"10478",-92.5269546508789,42.3014755249023,840,26275,"iowa","tama",2021,311
"10479",-92.5269546508789,42.3014755249023,840,26275,"iowa","tama",2022,314
"10480",-92.5269546508789,42.3014755249023,840,26275,"iowa","tama",2023,312
"10481",-92.5269546508789,42.3014755249023,840,26275,"iowa","tama",2024,262
"10482",-92.5269546508789,42.3014755249023,840,26275,"iowa","tama",2025,12
"10483",-92.2863159179688,42.3014755249023,840,26276,"iowa","tama",2014,216
"10484",-92.2863159179688,42.3014755249023,840,26276,"iowa","tama",2015,274
"10485",-92.2863159179688,42.3014755249023,840,26276,"iowa","tama",2016,297
"10486",-92.2863159179688,42.3014755249023,840,26276,"iowa","tama",2017,303
"10487",-92.2863159179688,42.3014755249023,840,26276,"iowa","tama",2018,294
"10488",-92.2863159179688,42.3014755249023,840,26276,"iowa","tama",2019,282
"10489",-92.2863159179688,42.3014755249023,840,26276,"iowa","tama",2020,278
"10490",-92.2863159179688,42.3014755249023,840,26276,"iowa","tama",2021,311
"10491",-92.2863159179688,42.3014755249023,840,26276,"iowa","tama",2022,314
"10492",-92.2863159179688,42.3014755249023,840,26276,"iowa","tama",2023,312
"10493",-92.2863159179688,42.3014755249023,840,26276,"iowa","tama",2024,262
"10494",-92.2863159179688,42.3014755249023,840,26276,"iowa","tama",2025,12
"10495",-94.4807434082031,40.5940628051758,841,26278,"iowa","taylor",2014,39
"10496",-94.4807434082031,40.5940628051758,841,26278,"iowa","taylor",2015,33
"10497",-94.4807434082031,40.5940628051758,841,26278,"iowa","taylor",2016,60
"10498",-94.4807434082031,40.5940628051758,841,26278,"iowa","taylor",2017,40
"10499",-94.4807434082031,40.5940628051758,841,26278,"iowa","taylor",2018,54
"10500",-94.4807434082031,40.5940628051758,841,26278,"iowa","taylor",2019,71
"10501",-94.4807434082031,40.5940628051758,841,26278,"iowa","taylor",2020,59
"10502",-94.4807434082031,40.5940628051758,841,26278,"iowa","taylor",2021,68
"10503",-94.4807434082031,40.5940628051758,841,26278,"iowa","taylor",2022,60
"10504",-94.4807434082031,40.5940628051758,841,26278,"iowa","taylor",2023,63
"10505",-94.4807434082031,40.5940628051758,841,26278,"iowa","taylor",2024,48
"10506",-94.4807434082031,40.5940628051758,841,26278,"iowa","taylor",2025,4
"10507",-94.6354370117188,40.5940628051758,841,26279,"iowa","taylor",2014,39
"10508",-94.6354370117188,40.5940628051758,841,26279,"iowa","taylor",2015,33
"10509",-94.6354370117188,40.5940628051758,841,26279,"iowa","taylor",2016,60
"10510",-94.6354370117188,40.5940628051758,841,26279,"iowa","taylor",2017,40
"10511",-94.6354370117188,40.5940628051758,841,26279,"iowa","taylor",2018,54
"10512",-94.6354370117188,40.5940628051758,841,26279,"iowa","taylor",2019,71
"10513",-94.6354370117188,40.5940628051758,841,26279,"iowa","taylor",2020,59
"10514",-94.6354370117188,40.5940628051758,841,26279,"iowa","taylor",2021,68
"10515",-94.6354370117188,40.5940628051758,841,26279,"iowa","taylor",2022,60
"10516",-94.6354370117188,40.5940628051758,841,26279,"iowa","taylor",2023,63
"10517",-94.6354370117188,40.5940628051758,841,26279,"iowa","taylor",2024,48
"10518",-94.6354370117188,40.5940628051758,841,26279,"iowa","taylor",2025,4
"10519",-94.9161911010742,40.5997886657715,841,26280,"iowa","taylor",2014,39
"10520",-94.9161911010742,40.5997886657715,841,26280,"iowa","taylor",2015,33
"10521",-94.9161911010742,40.5997886657715,841,26280,"iowa","taylor",2016,60
"10522",-94.9161911010742,40.5997886657715,841,26280,"iowa","taylor",2017,40
"10523",-94.9161911010742,40.5997886657715,841,26280,"iowa","taylor",2018,54
"10524",-94.9161911010742,40.5997886657715,841,26280,"iowa","taylor",2019,71
"10525",-94.9161911010742,40.5997886657715,841,26280,"iowa","taylor",2020,59
"10526",-94.9161911010742,40.5997886657715,841,26280,"iowa","taylor",2021,68
"10527",-94.9161911010742,40.5997886657715,841,26280,"iowa","taylor",2022,60
"10528",-94.9161911010742,40.5997886657715,841,26280,"iowa","taylor",2023,63
"10529",-94.9161911010742,40.5997886657715,841,26280,"iowa","taylor",2024,48
"10530",-94.9161911010742,40.5997886657715,841,26280,"iowa","taylor",2025,4
"10531",-94.9219207763672,40.7373008728027,841,26281,"iowa","taylor",2014,39
"10532",-94.9219207763672,40.7373008728027,841,26281,"iowa","taylor",2015,33
"10533",-94.9219207763672,40.7373008728027,841,26281,"iowa","taylor",2016,60
"10534",-94.9219207763672,40.7373008728027,841,26281,"iowa","taylor",2017,40
"10535",-94.9219207763672,40.7373008728027,841,26281,"iowa","taylor",2018,54
"10536",-94.9219207763672,40.7373008728027,841,26281,"iowa","taylor",2019,71
"10537",-94.9219207763672,40.7373008728027,841,26281,"iowa","taylor",2020,59
"10538",-94.9219207763672,40.7373008728027,841,26281,"iowa","taylor",2021,68
"10539",-94.9219207763672,40.7373008728027,841,26281,"iowa","taylor",2022,60
"10540",-94.9219207763672,40.7373008728027,841,26281,"iowa","taylor",2023,63
"10541",-94.9219207763672,40.7373008728027,841,26281,"iowa","taylor",2024,48
"10542",-94.9219207763672,40.7373008728027,841,26281,"iowa","taylor",2025,4
"10543",-94.9333801269531,40.7373008728027,841,26282,"iowa","taylor",2014,39
"10544",-94.9333801269531,40.7373008728027,841,26282,"iowa","taylor",2015,33
"10545",-94.9333801269531,40.7373008728027,841,26282,"iowa","taylor",2016,60
"10546",-94.9333801269531,40.7373008728027,841,26282,"iowa","taylor",2017,40
"10547",-94.9333801269531,40.7373008728027,841,26282,"iowa","taylor",2018,54
"10548",-94.9333801269531,40.7373008728027,841,26282,"iowa","taylor",2019,71
"10549",-94.9333801269531,40.7373008728027,841,26282,"iowa","taylor",2020,59
"10550",-94.9333801269531,40.7373008728027,841,26282,"iowa","taylor",2021,68
"10551",-94.9333801269531,40.7373008728027,841,26282,"iowa","taylor",2022,60
"10552",-94.9333801269531,40.7373008728027,841,26282,"iowa","taylor",2023,63
"10553",-94.9333801269531,40.7373008728027,841,26282,"iowa","taylor",2024,48
"10554",-94.9333801269531,40.7373008728027,841,26282,"iowa","taylor",2025,4
"10555",-94.9333801269531,40.9034576416016,841,26283,"iowa","taylor",2014,39
"10556",-94.9333801269531,40.9034576416016,841,26283,"iowa","taylor",2015,33
"10557",-94.9333801269531,40.9034576416016,841,26283,"iowa","taylor",2016,60
"10558",-94.9333801269531,40.9034576416016,841,26283,"iowa","taylor",2017,40
"10559",-94.9333801269531,40.9034576416016,841,26283,"iowa","taylor",2018,54
"10560",-94.9333801269531,40.9034576416016,841,26283,"iowa","taylor",2019,71
"10561",-94.9333801269531,40.9034576416016,841,26283,"iowa","taylor",2020,59
"10562",-94.9333801269531,40.9034576416016,841,26283,"iowa","taylor",2021,68
"10563",-94.9333801269531,40.9034576416016,841,26283,"iowa","taylor",2022,60
"10564",-94.9333801269531,40.9034576416016,841,26283,"iowa","taylor",2023,63
"10565",-94.9333801269531,40.9034576416016,841,26283,"iowa","taylor",2024,48
"10566",-94.9333801269531,40.9034576416016,841,26283,"iowa","taylor",2025,4
"10567",-94.4864654541016,40.9034576416016,841,26284,"iowa","taylor",2014,39
"10568",-94.4864654541016,40.9034576416016,841,26284,"iowa","taylor",2015,33
"10569",-94.4864654541016,40.9034576416016,841,26284,"iowa","taylor",2016,60
"10570",-94.4864654541016,40.9034576416016,841,26284,"iowa","taylor",2017,40
"10571",-94.4864654541016,40.9034576416016,841,26284,"iowa","taylor",2018,54
"10572",-94.4864654541016,40.9034576416016,841,26284,"iowa","taylor",2019,71
"10573",-94.4864654541016,40.9034576416016,841,26284,"iowa","taylor",2020,59
"10574",-94.4864654541016,40.9034576416016,841,26284,"iowa","taylor",2021,68
"10575",-94.4864654541016,40.9034576416016,841,26284,"iowa","taylor",2022,60
"10576",-94.4864654541016,40.9034576416016,841,26284,"iowa","taylor",2023,63
"10577",-94.4864654541016,40.9034576416016,841,26284,"iowa","taylor",2024,48
"10578",-94.4864654541016,40.9034576416016,841,26284,"iowa","taylor",2025,4
"10579",-94.4807434082031,40.5940628051758,841,26285,"iowa","taylor",2014,39
"10580",-94.4807434082031,40.5940628051758,841,26285,"iowa","taylor",2015,33
"10581",-94.4807434082031,40.5940628051758,841,26285,"iowa","taylor",2016,60
"10582",-94.4807434082031,40.5940628051758,841,26285,"iowa","taylor",2017,40
"10583",-94.4807434082031,40.5940628051758,841,26285,"iowa","taylor",2018,54
"10584",-94.4807434082031,40.5940628051758,841,26285,"iowa","taylor",2019,71
"10585",-94.4807434082031,40.5940628051758,841,26285,"iowa","taylor",2020,59
"10586",-94.4807434082031,40.5940628051758,841,26285,"iowa","taylor",2021,68
"10587",-94.4807434082031,40.5940628051758,841,26285,"iowa","taylor",2022,60
"10588",-94.4807434082031,40.5940628051758,841,26285,"iowa","taylor",2023,63
"10589",-94.4807434082031,40.5940628051758,841,26285,"iowa","taylor",2024,48
"10590",-94.4807434082031,40.5940628051758,841,26285,"iowa","taylor",2025,4
"10591",-94.4864654541016,41.1612892150879,842,26287,"iowa","union",2014,178
"10592",-94.4864654541016,41.1612892150879,842,26287,"iowa","union",2015,154
"10593",-94.4864654541016,41.1612892150879,842,26287,"iowa","union",2016,157
"10594",-94.4864654541016,41.1612892150879,842,26287,"iowa","union",2017,149
"10595",-94.4864654541016,41.1612892150879,842,26287,"iowa","union",2018,157
"10596",-94.4864654541016,41.1612892150879,842,26287,"iowa","union",2019,149
"10597",-94.4864654541016,41.1612892150879,842,26287,"iowa","union",2020,129
"10598",-94.4864654541016,41.1612892150879,842,26287,"iowa","union",2021,158
"10599",-94.4864654541016,41.1612892150879,842,26287,"iowa","union",2022,138
"10600",-94.4864654541016,41.1612892150879,842,26287,"iowa","union",2023,141
"10601",-94.4864654541016,41.1612892150879,842,26287,"iowa","union",2024,144
"10602",-94.4864654541016,41.1612892150879,842,26287,"iowa","union",2025,4
"10603",-94.2458267211914,41.1612892150879,842,26288,"iowa","union",2014,178
"10604",-94.2458267211914,41.1612892150879,842,26288,"iowa","union",2015,154
"10605",-94.2458267211914,41.1612892150879,842,26288,"iowa","union",2016,157
"10606",-94.2458267211914,41.1612892150879,842,26288,"iowa","union",2017,149
"10607",-94.2458267211914,41.1612892150879,842,26288,"iowa","union",2018,157
"10608",-94.2458267211914,41.1612892150879,842,26288,"iowa","union",2019,149
"10609",-94.2458267211914,41.1612892150879,842,26288,"iowa","union",2020,129
"10610",-94.2458267211914,41.1612892150879,842,26288,"iowa","union",2021,158
"10611",-94.2458267211914,41.1612892150879,842,26288,"iowa","union",2022,138
"10612",-94.2458267211914,41.1612892150879,842,26288,"iowa","union",2023,141
"10613",-94.2458267211914,41.1612892150879,842,26288,"iowa","union",2024,144
"10614",-94.2458267211914,41.1612892150879,842,26288,"iowa","union",2025,4
"10615",-94.0166473388672,41.1612892150879,842,26289,"iowa","union",2014,178
"10616",-94.0166473388672,41.1612892150879,842,26289,"iowa","union",2015,154
"10617",-94.0166473388672,41.1612892150879,842,26289,"iowa","union",2016,157
"10618",-94.0166473388672,41.1612892150879,842,26289,"iowa","union",2017,149
"10619",-94.0166473388672,41.1612892150879,842,26289,"iowa","union",2018,157
"10620",-94.0166473388672,41.1612892150879,842,26289,"iowa","union",2019,149
"10621",-94.0166473388672,41.1612892150879,842,26289,"iowa","union",2020,129
"10622",-94.0166473388672,41.1612892150879,842,26289,"iowa","union",2021,158
"10623",-94.0166473388672,41.1612892150879,842,26289,"iowa","union",2022,138
"10624",-94.0166473388672,41.1612892150879,842,26289,"iowa","union",2023,141
"10625",-94.0166473388672,41.1612892150879,842,26289,"iowa","union",2024,144
"10626",-94.0166473388672,41.1612892150879,842,26289,"iowa","union",2025,4
"10627",-94.0166473388672,40.9034576416016,842,26290,"iowa","union",2014,178
"10628",-94.0166473388672,40.9034576416016,842,26290,"iowa","union",2015,154
"10629",-94.0166473388672,40.9034576416016,842,26290,"iowa","union",2016,157
"10630",-94.0166473388672,40.9034576416016,842,26290,"iowa","union",2017,149
"10631",-94.0166473388672,40.9034576416016,842,26290,"iowa","union",2018,157
"10632",-94.0166473388672,40.9034576416016,842,26290,"iowa","union",2019,149
"10633",-94.0166473388672,40.9034576416016,842,26290,"iowa","union",2020,129
"10634",-94.0166473388672,40.9034576416016,842,26290,"iowa","union",2021,158
"10635",-94.0166473388672,40.9034576416016,842,26290,"iowa","union",2022,138
"10636",-94.0166473388672,40.9034576416016,842,26290,"iowa","union",2023,141
"10637",-94.0166473388672,40.9034576416016,842,26290,"iowa","union",2024,144
"10638",-94.0166473388672,40.9034576416016,842,26290,"iowa","union",2025,4
"10639",-94.4864654541016,40.9034576416016,842,26291,"iowa","union",2014,178
"10640",-94.4864654541016,40.9034576416016,842,26291,"iowa","union",2015,154
"10641",-94.4864654541016,40.9034576416016,842,26291,"iowa","union",2016,157
"10642",-94.4864654541016,40.9034576416016,842,26291,"iowa","union",2017,149
"10643",-94.4864654541016,40.9034576416016,842,26291,"iowa","union",2018,157
"10644",-94.4864654541016,40.9034576416016,842,26291,"iowa","union",2019,149
"10645",-94.4864654541016,40.9034576416016,842,26291,"iowa","union",2020,129
"10646",-94.4864654541016,40.9034576416016,842,26291,"iowa","union",2021,158
"10647",-94.4864654541016,40.9034576416016,842,26291,"iowa","union",2022,138
"10648",-94.4864654541016,40.9034576416016,842,26291,"iowa","union",2023,141
"10649",-94.4864654541016,40.9034576416016,842,26291,"iowa","union",2024,144
"10650",-94.4864654541016,40.9034576416016,842,26291,"iowa","union",2025,4
"10651",-94.4864654541016,41.1612892150879,842,26292,"iowa","union",2014,178
"10652",-94.4864654541016,41.1612892150879,842,26292,"iowa","union",2015,154
"10653",-94.4864654541016,41.1612892150879,842,26292,"iowa","union",2016,157
"10654",-94.4864654541016,41.1612892150879,842,26292,"iowa","union",2017,149
"10655",-94.4864654541016,41.1612892150879,842,26292,"iowa","union",2018,157
"10656",-94.4864654541016,41.1612892150879,842,26292,"iowa","union",2019,149
"10657",-94.4864654541016,41.1612892150879,842,26292,"iowa","union",2020,129
"10658",-94.4864654541016,41.1612892150879,842,26292,"iowa","union",2021,158
"10659",-94.4864654541016,41.1612892150879,842,26292,"iowa","union",2022,138
"10660",-94.4864654541016,41.1612892150879,842,26292,"iowa","union",2023,141
"10661",-94.4864654541016,41.1612892150879,842,26292,"iowa","union",2024,144
"10662",-94.4864654541016,41.1612892150879,842,26292,"iowa","union",2025,4
"10663",-91.7018966674805,40.9034576416016,843,26294,"iowa","van buren",2014,58
"10664",-91.7018966674805,40.9034576416016,843,26294,"iowa","van buren",2015,82
"10665",-91.7018966674805,40.9034576416016,843,26294,"iowa","van buren",2016,80
"10666",-91.7018966674805,40.9034576416016,843,26294,"iowa","van buren",2017,82
"10667",-91.7018966674805,40.9034576416016,843,26294,"iowa","van buren",2018,71
"10668",-91.7018966674805,40.9034576416016,843,26294,"iowa","van buren",2019,89
"10669",-91.7018966674805,40.9034576416016,843,26294,"iowa","van buren",2020,58
"10670",-91.7018966674805,40.9034576416016,843,26294,"iowa","van buren",2021,58
"10671",-91.7018966674805,40.9034576416016,843,26294,"iowa","van buren",2022,62
"10672",-91.7018966674805,40.9034576416016,843,26294,"iowa","van buren",2023,76
"10673",-91.7018966674805,40.9034576416016,843,26294,"iowa","van buren",2024,71
"10674",-91.7018966674805,40.9034576416016,843,26294,"iowa","van buren",2025,2
"10675",-91.7076263427734,40.8232421875,843,26295,"iowa","van buren",2014,58
"10676",-91.7076263427734,40.8232421875,843,26295,"iowa","van buren",2015,82
"10677",-91.7076263427734,40.8232421875,843,26295,"iowa","van buren",2016,80
"10678",-91.7076263427734,40.8232421875,843,26295,"iowa","van buren",2017,82
"10679",-91.7076263427734,40.8232421875,843,26295,"iowa","van buren",2018,71
"10680",-91.7076263427734,40.8232421875,843,26295,"iowa","van buren",2019,89
"10681",-91.7076263427734,40.8232421875,843,26295,"iowa","van buren",2020,58
"10682",-91.7076263427734,40.8232421875,843,26295,"iowa","van buren",2021,58
"10683",-91.7076263427734,40.8232421875,843,26295,"iowa","van buren",2022,62
"10684",-91.7076263427734,40.8232421875,843,26295,"iowa","van buren",2023,76
"10685",-91.7076263427734,40.8232421875,843,26295,"iowa","van buren",2024,71
"10686",-91.7076263427734,40.8232421875,843,26295,"iowa","van buren",2025,2
"10687",-91.7018966674805,40.6169776916504,843,26296,"iowa","van buren",2014,58
"10688",-91.7018966674805,40.6169776916504,843,26296,"iowa","van buren",2015,82
"10689",-91.7018966674805,40.6169776916504,843,26296,"iowa","van buren",2016,80
"10690",-91.7018966674805,40.6169776916504,843,26296,"iowa","van buren",2017,82
"10691",-91.7018966674805,40.6169776916504,843,26296,"iowa","van buren",2018,71
"10692",-91.7018966674805,40.6169776916504,843,26296,"iowa","van buren",2019,89
"10693",-91.7018966674805,40.6169776916504,843,26296,"iowa","van buren",2020,58
"10694",-91.7018966674805,40.6169776916504,843,26296,"iowa","van buren",2021,58
"10695",-91.7018966674805,40.6169776916504,843,26296,"iowa","van buren",2022,62
"10696",-91.7018966674805,40.6169776916504,843,26296,"iowa","van buren",2023,76
"10697",-91.7018966674805,40.6169776916504,843,26296,"iowa","van buren",2024,71
"10698",-91.7018966674805,40.6169776916504,843,26296,"iowa","van buren",2025,2
"10699",-91.9368057250977,40.6169776916504,843,26297,"iowa","van buren",2014,58
"10700",-91.9368057250977,40.6169776916504,843,26297,"iowa","van buren",2015,82
"10701",-91.9368057250977,40.6169776916504,843,26297,"iowa","van buren",2016,80
"10702",-91.9368057250977,40.6169776916504,843,26297,"iowa","van buren",2017,82
"10703",-91.9368057250977,40.6169776916504,843,26297,"iowa","van buren",2018,71
"10704",-91.9368057250977,40.6169776916504,843,26297,"iowa","van buren",2019,89
"10705",-91.9368057250977,40.6169776916504,843,26297,"iowa","van buren",2020,58
"10706",-91.9368057250977,40.6169776916504,843,26297,"iowa","van buren",2021,58
"10707",-91.9368057250977,40.6169776916504,843,26297,"iowa","van buren",2022,62
"10708",-91.9368057250977,40.6169776916504,843,26297,"iowa","van buren",2023,76
"10709",-91.9368057250977,40.6169776916504,843,26297,"iowa","van buren",2024,71
"10710",-91.9368057250977,40.6169776916504,843,26297,"iowa","van buren",2025,2
"10711",-92.1717224121094,40.6169776916504,843,26298,"iowa","van buren",2014,58
"10712",-92.1717224121094,40.6169776916504,843,26298,"iowa","van buren",2015,82
"10713",-92.1717224121094,40.6169776916504,843,26298,"iowa","van buren",2016,80
"10714",-92.1717224121094,40.6169776916504,843,26298,"iowa","van buren",2017,82
"10715",-92.1717224121094,40.6169776916504,843,26298,"iowa","van buren",2018,71
"10716",-92.1717224121094,40.6169776916504,843,26298,"iowa","van buren",2019,89
"10717",-92.1717224121094,40.6169776916504,843,26298,"iowa","van buren",2020,58
"10718",-92.1717224121094,40.6169776916504,843,26298,"iowa","van buren",2021,58
"10719",-92.1717224121094,40.6169776916504,843,26298,"iowa","van buren",2022,62
"10720",-92.1717224121094,40.6169776916504,843,26298,"iowa","van buren",2023,76
"10721",-92.1717224121094,40.6169776916504,843,26298,"iowa","van buren",2024,71
"10722",-92.1717224121094,40.6169776916504,843,26298,"iowa","van buren",2025,2
"10723",-92.1717224121094,40.9034576416016,843,26299,"iowa","van buren",2014,58
"10724",-92.1717224121094,40.9034576416016,843,26299,"iowa","van buren",2015,82
"10725",-92.1717224121094,40.9034576416016,843,26299,"iowa","van buren",2016,80
"10726",-92.1717224121094,40.9034576416016,843,26299,"iowa","van buren",2017,82
"10727",-92.1717224121094,40.9034576416016,843,26299,"iowa","van buren",2018,71
"10728",-92.1717224121094,40.9034576416016,843,26299,"iowa","van buren",2019,89
"10729",-92.1717224121094,40.9034576416016,843,26299,"iowa","van buren",2020,58
"10730",-92.1717224121094,40.9034576416016,843,26299,"iowa","van buren",2021,58
"10731",-92.1717224121094,40.9034576416016,843,26299,"iowa","van buren",2022,62
"10732",-92.1717224121094,40.9034576416016,843,26299,"iowa","van buren",2023,76
"10733",-92.1717224121094,40.9034576416016,843,26299,"iowa","van buren",2024,71
"10734",-92.1717224121094,40.9034576416016,843,26299,"iowa","van buren",2025,2
"10735",-91.7018966674805,40.9034576416016,843,26300,"iowa","van buren",2014,58
"10736",-91.7018966674805,40.9034576416016,843,26300,"iowa","van buren",2015,82
"10737",-91.7018966674805,40.9034576416016,843,26300,"iowa","van buren",2016,80
"10738",-91.7018966674805,40.9034576416016,843,26300,"iowa","van buren",2017,82
"10739",-91.7018966674805,40.9034576416016,843,26300,"iowa","van buren",2018,71
"10740",-91.7018966674805,40.9034576416016,843,26300,"iowa","van buren",2019,89
"10741",-91.7018966674805,40.9034576416016,843,26300,"iowa","van buren",2020,58
"10742",-91.7018966674805,40.9034576416016,843,26300,"iowa","van buren",2021,58
"10743",-91.7018966674805,40.9034576416016,843,26300,"iowa","van buren",2022,62
"10744",-91.7018966674805,40.9034576416016,843,26300,"iowa","van buren",2023,76
"10745",-91.7018966674805,40.9034576416016,843,26300,"iowa","van buren",2024,71
"10746",-91.7018966674805,40.9034576416016,843,26300,"iowa","van buren",2025,2
"10747",-92.1659927368164,41.1670188903809,844,26302,"iowa","wapello",2014,561
"10748",-92.1659927368164,41.1670188903809,844,26302,"iowa","wapello",2015,541
"10749",-92.1659927368164,41.1670188903809,844,26302,"iowa","wapello",2016,523
"10750",-92.1659927368164,41.1670188903809,844,26302,"iowa","wapello",2017,531
"10751",-92.1659927368164,41.1670188903809,844,26302,"iowa","wapello",2018,549
"10752",-92.1659927368164,41.1670188903809,844,26302,"iowa","wapello",2019,566
"10753",-92.1659927368164,41.1670188903809,844,26302,"iowa","wapello",2020,520
"10754",-92.1659927368164,41.1670188903809,844,26302,"iowa","wapello",2021,562
"10755",-92.1659927368164,41.1670188903809,844,26302,"iowa","wapello",2022,516
"10756",-92.1659927368164,41.1670188903809,844,26302,"iowa","wapello",2023,526
"10757",-92.1659927368164,41.1670188903809,844,26302,"iowa","wapello",2024,553
"10758",-92.1659927368164,41.1670188903809,844,26302,"iowa","wapello",2025,33
"10759",-92.1717224121094,40.9034576416016,844,26303,"iowa","wapello",2014,561
"10760",-92.1717224121094,40.9034576416016,844,26303,"iowa","wapello",2015,541
"10761",-92.1717224121094,40.9034576416016,844,26303,"iowa","wapello",2016,523
"10762",-92.1717224121094,40.9034576416016,844,26303,"iowa","wapello",2017,531
"10763",-92.1717224121094,40.9034576416016,844,26303,"iowa","wapello",2018,549
"10764",-92.1717224121094,40.9034576416016,844,26303,"iowa","wapello",2019,566
"10765",-92.1717224121094,40.9034576416016,844,26303,"iowa","wapello",2020,520
"10766",-92.1717224121094,40.9034576416016,844,26303,"iowa","wapello",2021,562
"10767",-92.1717224121094,40.9034576416016,844,26303,"iowa","wapello",2022,516
"10768",-92.1717224121094,40.9034576416016,844,26303,"iowa","wapello",2023,526
"10769",-92.1717224121094,40.9034576416016,844,26303,"iowa","wapello",2024,553
"10770",-92.1717224121094,40.9034576416016,844,26303,"iowa","wapello",2025,33
"10771",-92.6300888061523,40.9034576416016,844,26304,"iowa","wapello",2014,561
"10772",-92.6300888061523,40.9034576416016,844,26304,"iowa","wapello",2015,541
"10773",-92.6300888061523,40.9034576416016,844,26304,"iowa","wapello",2016,523
"10774",-92.6300888061523,40.9034576416016,844,26304,"iowa","wapello",2017,531
"10775",-92.6300888061523,40.9034576416016,844,26304,"iowa","wapello",2018,549
"10776",-92.6300888061523,40.9034576416016,844,26304,"iowa","wapello",2019,566
"10777",-92.6300888061523,40.9034576416016,844,26304,"iowa","wapello",2020,520
"10778",-92.6300888061523,40.9034576416016,844,26304,"iowa","wapello",2021,562
"10779",-92.6300888061523,40.9034576416016,844,26304,"iowa","wapello",2022,516
"10780",-92.6300888061523,40.9034576416016,844,26304,"iowa","wapello",2023,526
"10781",-92.6300888061523,40.9034576416016,844,26304,"iowa","wapello",2024,553
"10782",-92.6300888061523,40.9034576416016,844,26304,"iowa","wapello",2025,33
"10783",-92.6358108520508,41.1670188903809,844,26305,"iowa","wapello",2014,561
"10784",-92.6358108520508,41.1670188903809,844,26305,"iowa","wapello",2015,541
"10785",-92.6358108520508,41.1670188903809,844,26305,"iowa","wapello",2016,523
"10786",-92.6358108520508,41.1670188903809,844,26305,"iowa","wapello",2017,531
"10787",-92.6358108520508,41.1670188903809,844,26305,"iowa","wapello",2018,549
"10788",-92.6358108520508,41.1670188903809,844,26305,"iowa","wapello",2019,566
"10789",-92.6358108520508,41.1670188903809,844,26305,"iowa","wapello",2020,520
"10790",-92.6358108520508,41.1670188903809,844,26305,"iowa","wapello",2021,562
"10791",-92.6358108520508,41.1670188903809,844,26305,"iowa","wapello",2022,516
"10792",-92.6358108520508,41.1670188903809,844,26305,"iowa","wapello",2023,526
"10793",-92.6358108520508,41.1670188903809,844,26305,"iowa","wapello",2024,553
"10794",-92.6358108520508,41.1670188903809,844,26305,"iowa","wapello",2025,33
"10795",-92.3951721191406,41.1727447509766,844,26306,"iowa","wapello",2014,561
"10796",-92.3951721191406,41.1727447509766,844,26306,"iowa","wapello",2015,541
"10797",-92.3951721191406,41.1727447509766,844,26306,"iowa","wapello",2016,523
"10798",-92.3951721191406,41.1727447509766,844,26306,"iowa","wapello",2017,531
"10799",-92.3951721191406,41.1727447509766,844,26306,"iowa","wapello",2018,549
"10800",-92.3951721191406,41.1727447509766,844,26306,"iowa","wapello",2019,566
"10801",-92.3951721191406,41.1727447509766,844,26306,"iowa","wapello",2020,520
"10802",-92.3951721191406,41.1727447509766,844,26306,"iowa","wapello",2021,562
"10803",-92.3951721191406,41.1727447509766,844,26306,"iowa","wapello",2022,516
"10804",-92.3951721191406,41.1727447509766,844,26306,"iowa","wapello",2023,526
"10805",-92.3951721191406,41.1727447509766,844,26306,"iowa","wapello",2024,553
"10806",-92.3951721191406,41.1727447509766,844,26306,"iowa","wapello",2025,33
"10807",-92.1659927368164,41.1670188903809,844,26307,"iowa","wapello",2014,561
"10808",-92.1659927368164,41.1670188903809,844,26307,"iowa","wapello",2015,541
"10809",-92.1659927368164,41.1670188903809,844,26307,"iowa","wapello",2016,523
"10810",-92.1659927368164,41.1670188903809,844,26307,"iowa","wapello",2017,531
"10811",-92.1659927368164,41.1670188903809,844,26307,"iowa","wapello",2018,549
"10812",-92.1659927368164,41.1670188903809,844,26307,"iowa","wapello",2019,566
"10813",-92.1659927368164,41.1670188903809,844,26307,"iowa","wapello",2020,520
"10814",-92.1659927368164,41.1670188903809,844,26307,"iowa","wapello",2021,562
"10815",-92.1659927368164,41.1670188903809,844,26307,"iowa","wapello",2022,516
"10816",-92.1659927368164,41.1670188903809,844,26307,"iowa","wapello",2023,526
"10817",-92.1659927368164,41.1670188903809,844,26307,"iowa","wapello",2024,553
"10818",-92.1659927368164,41.1670188903809,844,26307,"iowa","wapello",2025,33
"10819",-93.3348236083984,41.4936027526855,845,26309,"iowa","warren",2014,723
"10820",-93.3348236083984,41.4936027526855,845,26309,"iowa","warren",2015,707
"10821",-93.3348236083984,41.4936027526855,845,26309,"iowa","warren",2016,696
"10822",-93.3348236083984,41.4936027526855,845,26309,"iowa","warren",2017,720
"10823",-93.3348236083984,41.4936027526855,845,26309,"iowa","warren",2018,742
"10824",-93.3348236083984,41.4936027526855,845,26309,"iowa","warren",2019,730
"10825",-93.3348236083984,41.4936027526855,845,26309,"iowa","warren",2020,649
"10826",-93.3348236083984,41.4936027526855,845,26309,"iowa","warren",2021,699
"10827",-93.3348236083984,41.4936027526855,845,26309,"iowa","warren",2022,701
"10828",-93.3348236083984,41.4936027526855,845,26309,"iowa","warren",2023,735
"10829",-93.3348236083984,41.4936027526855,845,26309,"iowa","warren",2024,700
"10830",-93.3348236083984,41.4936027526855,845,26309,"iowa","warren",2025,55
"10831",-93.3348236083984,41.1612892150879,845,26310,"iowa","warren",2014,723
"10832",-93.3348236083984,41.1612892150879,845,26310,"iowa","warren",2015,707
"10833",-93.3348236083984,41.1612892150879,845,26310,"iowa","warren",2016,696
"10834",-93.3348236083984,41.1612892150879,845,26310,"iowa","warren",2017,720
"10835",-93.3348236083984,41.1612892150879,845,26310,"iowa","warren",2018,742
"10836",-93.3348236083984,41.1612892150879,845,26310,"iowa","warren",2019,730
"10837",-93.3348236083984,41.1612892150879,845,26310,"iowa","warren",2020,649
"10838",-93.3348236083984,41.1612892150879,845,26310,"iowa","warren",2021,699
"10839",-93.3348236083984,41.1612892150879,845,26310,"iowa","warren",2022,701
"10840",-93.3348236083984,41.1612892150879,845,26310,"iowa","warren",2023,735
"10841",-93.3348236083984,41.1612892150879,845,26310,"iowa","warren",2024,700
"10842",-93.3348236083984,41.1612892150879,845,26310,"iowa","warren",2025,55
"10843",-93.5640106201172,41.1612892150879,845,26311,"iowa","warren",2014,723
"10844",-93.5640106201172,41.1612892150879,845,26311,"iowa","warren",2015,707
"10845",-93.5640106201172,41.1612892150879,845,26311,"iowa","warren",2016,696
"10846",-93.5640106201172,41.1612892150879,845,26311,"iowa","warren",2017,720
"10847",-93.5640106201172,41.1612892150879,845,26311,"iowa","warren",2018,742
"10848",-93.5640106201172,41.1612892150879,845,26311,"iowa","warren",2019,730
"10849",-93.5640106201172,41.1612892150879,845,26311,"iowa","warren",2020,649
"10850",-93.5640106201172,41.1612892150879,845,26311,"iowa","warren",2021,699
"10851",-93.5640106201172,41.1612892150879,845,26311,"iowa","warren",2022,701
"10852",-93.5640106201172,41.1612892150879,845,26311,"iowa","warren",2023,735
"10853",-93.5640106201172,41.1612892150879,845,26311,"iowa","warren",2024,700
"10854",-93.5640106201172,41.1612892150879,845,26311,"iowa","warren",2025,55
"10855",-93.8046493530273,41.1670188903809,845,26312,"iowa","warren",2014,723
"10856",-93.8046493530273,41.1670188903809,845,26312,"iowa","warren",2015,707
"10857",-93.8046493530273,41.1670188903809,845,26312,"iowa","warren",2016,696
"10858",-93.8046493530273,41.1670188903809,845,26312,"iowa","warren",2017,720
"10859",-93.8046493530273,41.1670188903809,845,26312,"iowa","warren",2018,742
"10860",-93.8046493530273,41.1670188903809,845,26312,"iowa","warren",2019,730
"10861",-93.8046493530273,41.1670188903809,845,26312,"iowa","warren",2020,649
"10862",-93.8046493530273,41.1670188903809,845,26312,"iowa","warren",2021,699
"10863",-93.8046493530273,41.1670188903809,845,26312,"iowa","warren",2022,701
"10864",-93.8046493530273,41.1670188903809,845,26312,"iowa","warren",2023,735
"10865",-93.8046493530273,41.1670188903809,845,26312,"iowa","warren",2024,700
"10866",-93.8046493530273,41.1670188903809,845,26312,"iowa","warren",2025,55
"10867",-93.8046493530273,41.5107917785645,845,26313,"iowa","warren",2014,723
"10868",-93.8046493530273,41.5107917785645,845,26313,"iowa","warren",2015,707
"10869",-93.8046493530273,41.5107917785645,845,26313,"iowa","warren",2016,696
"10870",-93.8046493530273,41.5107917785645,845,26313,"iowa","warren",2017,720
"10871",-93.8046493530273,41.5107917785645,845,26313,"iowa","warren",2018,742
"10872",-93.8046493530273,41.5107917785645,845,26313,"iowa","warren",2019,730
"10873",-93.8046493530273,41.5107917785645,845,26313,"iowa","warren",2020,649
"10874",-93.8046493530273,41.5107917785645,845,26313,"iowa","warren",2021,699
"10875",-93.8046493530273,41.5107917785645,845,26313,"iowa","warren",2022,701
"10876",-93.8046493530273,41.5107917785645,845,26313,"iowa","warren",2023,735
"10877",-93.8046493530273,41.5107917785645,845,26313,"iowa","warren",2024,700
"10878",-93.8046493530273,41.5107917785645,845,26313,"iowa","warren",2025,55
"10879",-93.4666061401367,41.5165214538574,845,26314,"iowa","warren",2014,723
"10880",-93.4666061401367,41.5165214538574,845,26314,"iowa","warren",2015,707
"10881",-93.4666061401367,41.5165214538574,845,26314,"iowa","warren",2016,696
"10882",-93.4666061401367,41.5165214538574,845,26314,"iowa","warren",2017,720
"10883",-93.4666061401367,41.5165214538574,845,26314,"iowa","warren",2018,742
"10884",-93.4666061401367,41.5165214538574,845,26314,"iowa","warren",2019,730
"10885",-93.4666061401367,41.5165214538574,845,26314,"iowa","warren",2020,649
"10886",-93.4666061401367,41.5165214538574,845,26314,"iowa","warren",2021,699
"10887",-93.4666061401367,41.5165214538574,845,26314,"iowa","warren",2022,701
"10888",-93.4666061401367,41.5165214538574,845,26314,"iowa","warren",2023,735
"10889",-93.4666061401367,41.5165214538574,845,26314,"iowa","warren",2024,700
"10890",-93.4666061401367,41.5165214538574,845,26314,"iowa","warren",2025,55
"10891",-93.3978500366211,41.5107917785645,845,26315,"iowa","warren",2014,723
"10892",-93.3978500366211,41.5107917785645,845,26315,"iowa","warren",2015,707
"10893",-93.3978500366211,41.5107917785645,845,26315,"iowa","warren",2016,696
"10894",-93.3978500366211,41.5107917785645,845,26315,"iowa","warren",2017,720
"10895",-93.3978500366211,41.5107917785645,845,26315,"iowa","warren",2018,742
"10896",-93.3978500366211,41.5107917785645,845,26315,"iowa","warren",2019,730
"10897",-93.3978500366211,41.5107917785645,845,26315,"iowa","warren",2020,649
"10898",-93.3978500366211,41.5107917785645,845,26315,"iowa","warren",2021,699
"10899",-93.3978500366211,41.5107917785645,845,26315,"iowa","warren",2022,701
"10900",-93.3978500366211,41.5107917785645,845,26315,"iowa","warren",2023,735
"10901",-93.3978500366211,41.5107917785645,845,26315,"iowa","warren",2024,700
"10902",-93.3978500366211,41.5107917785645,845,26315,"iowa","warren",2025,55
"10903",-93.3348236083984,41.4936027526855,845,26316,"iowa","warren",2014,723
"10904",-93.3348236083984,41.4936027526855,845,26316,"iowa","warren",2015,707
"10905",-93.3348236083984,41.4936027526855,845,26316,"iowa","warren",2016,696
"10906",-93.3348236083984,41.4936027526855,845,26316,"iowa","warren",2017,720
"10907",-93.3348236083984,41.4936027526855,845,26316,"iowa","warren",2018,742
"10908",-93.3348236083984,41.4936027526855,845,26316,"iowa","warren",2019,730
"10909",-93.3348236083984,41.4936027526855,845,26316,"iowa","warren",2020,649
"10910",-93.3348236083984,41.4936027526855,845,26316,"iowa","warren",2021,699
"10911",-93.3348236083984,41.4936027526855,845,26316,"iowa","warren",2022,701
"10912",-93.3348236083984,41.4936027526855,845,26316,"iowa","warren",2023,735
"10913",-93.3348236083984,41.4936027526855,845,26316,"iowa","warren",2024,700
"10914",-93.3348236083984,41.4936027526855,845,26316,"iowa","warren",2025,55
"10915",-91.9253540039062,41.1727447509766,846,26318,"iowa","washington",2014,243
"10916",-91.9253540039062,41.1727447509766,846,26318,"iowa","washington",2015,273
"10917",-91.9253540039062,41.1727447509766,846,26318,"iowa","washington",2016,227
"10918",-91.9253540039062,41.1727447509766,846,26318,"iowa","washington",2017,261
"10919",-91.9253540039062,41.1727447509766,846,26318,"iowa","washington",2018,245
"10920",-91.9253540039062,41.1727447509766,846,26318,"iowa","washington",2019,217
"10921",-91.9253540039062,41.1727447509766,846,26318,"iowa","washington",2020,199
"10922",-91.9253540039062,41.1727447509766,846,26318,"iowa","washington",2021,224
"10923",-91.9253540039062,41.1727447509766,846,26318,"iowa","washington",2022,226
"10924",-91.9253540039062,41.1727447509766,846,26318,"iowa","washington",2023,226
"10925",-91.9253540039062,41.1727447509766,846,26318,"iowa","washington",2024,255
"10926",-91.9253540039062,41.1727447509766,846,26318,"iowa","washington",2025,15
"10927",-91.9310836791992,41.5165214538574,846,26319,"iowa","washington",2014,243
"10928",-91.9310836791992,41.5165214538574,846,26319,"iowa","washington",2015,273
"10929",-91.9310836791992,41.5165214538574,846,26319,"iowa","washington",2016,227
"10930",-91.9310836791992,41.5165214538574,846,26319,"iowa","washington",2017,261
"10931",-91.9310836791992,41.5165214538574,846,26319,"iowa","washington",2018,245
"10932",-91.9310836791992,41.5165214538574,846,26319,"iowa","washington",2019,217
"10933",-91.9310836791992,41.5165214538574,846,26319,"iowa","washington",2020,199
"10934",-91.9310836791992,41.5165214538574,846,26319,"iowa","washington",2021,224
"10935",-91.9310836791992,41.5165214538574,846,26319,"iowa","washington",2022,226
"10936",-91.9310836791992,41.5165214538574,846,26319,"iowa","washington",2023,226
"10937",-91.9310836791992,41.5165214538574,846,26319,"iowa","washington",2024,255
"10938",-91.9310836791992,41.5165214538574,846,26319,"iowa","washington",2025,15
"10939",-91.8222122192383,41.5165214538574,846,26320,"iowa","washington",2014,243
"10940",-91.8222122192383,41.5165214538574,846,26320,"iowa","washington",2015,273
"10941",-91.8222122192383,41.5165214538574,846,26320,"iowa","washington",2016,227
"10942",-91.8222122192383,41.5165214538574,846,26320,"iowa","washington",2017,261
"10943",-91.8222122192383,41.5165214538574,846,26320,"iowa","washington",2018,245
"10944",-91.8222122192383,41.5165214538574,846,26320,"iowa","washington",2019,217
"10945",-91.8222122192383,41.5165214538574,846,26320,"iowa","washington",2020,199
"10946",-91.8222122192383,41.5165214538574,846,26320,"iowa","washington",2021,224
"10947",-91.8222122192383,41.5165214538574,846,26320,"iowa","washington",2022,226
"10948",-91.8222122192383,41.5165214538574,846,26320,"iowa","washington",2023,226
"10949",-91.8222122192383,41.5165214538574,846,26320,"iowa","washington",2024,255
"10950",-91.8222122192383,41.5165214538574,846,26320,"iowa","washington",2025,15
"10951",-91.5185546875,41.5222511291504,846,26321,"iowa","washington",2014,243
"10952",-91.5185546875,41.5222511291504,846,26321,"iowa","washington",2015,273
"10953",-91.5185546875,41.5222511291504,846,26321,"iowa","washington",2016,227
"10954",-91.5185546875,41.5222511291504,846,26321,"iowa","washington",2017,261
"10955",-91.5185546875,41.5222511291504,846,26321,"iowa","washington",2018,245
"10956",-91.5185546875,41.5222511291504,846,26321,"iowa","washington",2019,217
"10957",-91.5185546875,41.5222511291504,846,26321,"iowa","washington",2020,199
"10958",-91.5185546875,41.5222511291504,846,26321,"iowa","washington",2021,224
"10959",-91.5185546875,41.5222511291504,846,26321,"iowa","washington",2022,226
"10960",-91.5185546875,41.5222511291504,846,26321,"iowa","washington",2023,226
"10961",-91.5185546875,41.5222511291504,846,26321,"iowa","washington",2024,255
"10962",-91.5185546875,41.5222511291504,846,26321,"iowa","washington",2025,15
"10963",-91.5013580322266,41.5107917785645,846,26322,"iowa","washington",2014,243
"10964",-91.5013580322266,41.5107917785645,846,26322,"iowa","washington",2015,273
"10965",-91.5013580322266,41.5107917785645,846,26322,"iowa","washington",2016,227
"10966",-91.5013580322266,41.5107917785645,846,26322,"iowa","washington",2017,261
"10967",-91.5013580322266,41.5107917785645,846,26322,"iowa","washington",2018,245
"10968",-91.5013580322266,41.5107917785645,846,26322,"iowa","washington",2019,217
"10969",-91.5013580322266,41.5107917785645,846,26322,"iowa","washington",2020,199
"10970",-91.5013580322266,41.5107917785645,846,26322,"iowa","washington",2021,224
"10971",-91.5013580322266,41.5107917785645,846,26322,"iowa","washington",2022,226
"10972",-91.5013580322266,41.5107917785645,846,26322,"iowa","washington",2023,226
"10973",-91.5013580322266,41.5107917785645,846,26322,"iowa","washington",2024,255
"10974",-91.5013580322266,41.5107917785645,846,26322,"iowa","washington",2025,15
"10975",-91.4956283569336,41.4993362426758,846,26323,"iowa","washington",2014,243
"10976",-91.4956283569336,41.4993362426758,846,26323,"iowa","washington",2015,273
"10977",-91.4956283569336,41.4993362426758,846,26323,"iowa","washington",2016,227
"10978",-91.4956283569336,41.4993362426758,846,26323,"iowa","washington",2017,261
"10979",-91.4956283569336,41.4993362426758,846,26323,"iowa","washington",2018,245
"10980",-91.4956283569336,41.4993362426758,846,26323,"iowa","washington",2019,217
"10981",-91.4956283569336,41.4993362426758,846,26323,"iowa","washington",2020,199
"10982",-91.4956283569336,41.4993362426758,846,26323,"iowa","washington",2021,224
"10983",-91.4956283569336,41.4993362426758,846,26323,"iowa","washington",2022,226
"10984",-91.4956283569336,41.4993362426758,846,26323,"iowa","washington",2023,226
"10985",-91.4956283569336,41.4993362426758,846,26323,"iowa","washington",2024,255
"10986",-91.4956283569336,41.4993362426758,846,26323,"iowa","washington",2025,15
"10987",-91.5013580322266,41.4764175415039,846,26324,"iowa","washington",2014,243
"10988",-91.5013580322266,41.4764175415039,846,26324,"iowa","washington",2015,273
"10989",-91.5013580322266,41.4764175415039,846,26324,"iowa","washington",2016,227
"10990",-91.5013580322266,41.4764175415039,846,26324,"iowa","washington",2017,261
"10991",-91.5013580322266,41.4764175415039,846,26324,"iowa","washington",2018,245
"10992",-91.5013580322266,41.4764175415039,846,26324,"iowa","washington",2019,217
"10993",-91.5013580322266,41.4764175415039,846,26324,"iowa","washington",2020,199
"10994",-91.5013580322266,41.4764175415039,846,26324,"iowa","washington",2021,224
"10995",-91.5013580322266,41.4764175415039,846,26324,"iowa","washington",2022,226
"10996",-91.5013580322266,41.4764175415039,846,26324,"iowa","washington",2023,226
"10997",-91.5013580322266,41.4764175415039,846,26324,"iowa","washington",2024,255
"10998",-91.5013580322266,41.4764175415039,846,26324,"iowa","washington",2025,15
"10999",-91.4898986816406,41.4649543762207,846,26325,"iowa","washington",2014,243
"11000",-91.4898986816406,41.4649543762207,846,26325,"iowa","washington",2015,273
"11001",-91.4898986816406,41.4649543762207,846,26325,"iowa","washington",2016,227
"11002",-91.4898986816406,41.4649543762207,846,26325,"iowa","washington",2017,261
"11003",-91.4898986816406,41.4649543762207,846,26325,"iowa","washington",2018,245
"11004",-91.4898986816406,41.4649543762207,846,26325,"iowa","washington",2019,217
"11005",-91.4898986816406,41.4649543762207,846,26325,"iowa","washington",2020,199
"11006",-91.4898986816406,41.4649543762207,846,26325,"iowa","washington",2021,224
"11007",-91.4898986816406,41.4649543762207,846,26325,"iowa","washington",2022,226
"11008",-91.4898986816406,41.4649543762207,846,26325,"iowa","washington",2023,226
"11009",-91.4898986816406,41.4649543762207,846,26325,"iowa","washington",2024,255
"11010",-91.4898986816406,41.4649543762207,846,26325,"iowa","washington",2025,15
"11011",-91.4841690063477,41.4477653503418,846,26326,"iowa","washington",2014,243
"11012",-91.4841690063477,41.4477653503418,846,26326,"iowa","washington",2015,273
"11013",-91.4841690063477,41.4477653503418,846,26326,"iowa","washington",2016,227
"11014",-91.4841690063477,41.4477653503418,846,26326,"iowa","washington",2017,261
"11015",-91.4841690063477,41.4477653503418,846,26326,"iowa","washington",2018,245
"11016",-91.4841690063477,41.4477653503418,846,26326,"iowa","washington",2019,217
"11017",-91.4841690063477,41.4477653503418,846,26326,"iowa","washington",2020,199
"11018",-91.4841690063477,41.4477653503418,846,26326,"iowa","washington",2021,224
"11019",-91.4841690063477,41.4477653503418,846,26326,"iowa","washington",2022,226
"11020",-91.4841690063477,41.4477653503418,846,26326,"iowa","washington",2023,226
"11021",-91.4841690063477,41.4477653503418,846,26326,"iowa","washington",2024,255
"11022",-91.4841690063477,41.4477653503418,846,26326,"iowa","washington",2025,15
"11023",-91.4727172851562,41.4305801391602,846,26327,"iowa","washington",2014,243
"11024",-91.4727172851562,41.4305801391602,846,26327,"iowa","washington",2015,273
"11025",-91.4727172851562,41.4305801391602,846,26327,"iowa","washington",2016,227
"11026",-91.4727172851562,41.4305801391602,846,26327,"iowa","washington",2017,261
"11027",-91.4727172851562,41.4305801391602,846,26327,"iowa","washington",2018,245
"11028",-91.4727172851562,41.4305801391602,846,26327,"iowa","washington",2019,217
"11029",-91.4727172851562,41.4305801391602,846,26327,"iowa","washington",2020,199
"11030",-91.4727172851562,41.4305801391602,846,26327,"iowa","washington",2021,224
"11031",-91.4727172851562,41.4305801391602,846,26327,"iowa","washington",2022,226
"11032",-91.4727172851562,41.4305801391602,846,26327,"iowa","washington",2023,226
"11033",-91.4727172851562,41.4305801391602,846,26327,"iowa","washington",2024,255
"11034",-91.4727172851562,41.4305801391602,846,26327,"iowa","washington",2025,15
"11035",-91.4669799804688,41.1727447509766,846,26328,"iowa","washington",2014,243
"11036",-91.4669799804688,41.1727447509766,846,26328,"iowa","washington",2015,273
"11037",-91.4669799804688,41.1727447509766,846,26328,"iowa","washington",2016,227
"11038",-91.4669799804688,41.1727447509766,846,26328,"iowa","washington",2017,261
"11039",-91.4669799804688,41.1727447509766,846,26328,"iowa","washington",2018,245
"11040",-91.4669799804688,41.1727447509766,846,26328,"iowa","washington",2019,217
"11041",-91.4669799804688,41.1727447509766,846,26328,"iowa","washington",2020,199
"11042",-91.4669799804688,41.1727447509766,846,26328,"iowa","washington",2021,224
"11043",-91.4669799804688,41.1727447509766,846,26328,"iowa","washington",2022,226
"11044",-91.4669799804688,41.1727447509766,846,26328,"iowa","washington",2023,226
"11045",-91.4669799804688,41.1727447509766,846,26328,"iowa","washington",2024,255
"11046",-91.4669799804688,41.1727447509766,846,26328,"iowa","washington",2025,15
"11047",-91.7018966674805,41.1727447509766,846,26329,"iowa","washington",2014,243
"11048",-91.7018966674805,41.1727447509766,846,26329,"iowa","washington",2015,273
"11049",-91.7018966674805,41.1727447509766,846,26329,"iowa","washington",2016,227
"11050",-91.7018966674805,41.1727447509766,846,26329,"iowa","washington",2017,261
"11051",-91.7018966674805,41.1727447509766,846,26329,"iowa","washington",2018,245
"11052",-91.7018966674805,41.1727447509766,846,26329,"iowa","washington",2019,217
"11053",-91.7018966674805,41.1727447509766,846,26329,"iowa","washington",2020,199
"11054",-91.7018966674805,41.1727447509766,846,26329,"iowa","washington",2021,224
"11055",-91.7018966674805,41.1727447509766,846,26329,"iowa","washington",2022,226
"11056",-91.7018966674805,41.1727447509766,846,26329,"iowa","washington",2023,226
"11057",-91.7018966674805,41.1727447509766,846,26329,"iowa","washington",2024,255
"11058",-91.7018966674805,41.1727447509766,846,26329,"iowa","washington",2025,15
"11059",-91.9253540039062,41.1727447509766,846,26330,"iowa","washington",2014,243
"11060",-91.9253540039062,41.1727447509766,846,26330,"iowa","washington",2015,273
"11061",-91.9253540039062,41.1727447509766,846,26330,"iowa","washington",2016,227
"11062",-91.9253540039062,41.1727447509766,846,26330,"iowa","washington",2017,261
"11063",-91.9253540039062,41.1727447509766,846,26330,"iowa","washington",2018,245
"11064",-91.9253540039062,41.1727447509766,846,26330,"iowa","washington",2019,217
"11065",-91.9253540039062,41.1727447509766,846,26330,"iowa","washington",2020,199
"11066",-91.9253540039062,41.1727447509766,846,26330,"iowa","washington",2021,224
"11067",-91.9253540039062,41.1727447509766,846,26330,"iowa","washington",2022,226
"11068",-91.9253540039062,41.1727447509766,846,26330,"iowa","washington",2023,226
"11069",-91.9253540039062,41.1727447509766,846,26330,"iowa","washington",2024,255
"11070",-91.9253540039062,41.1727447509766,846,26330,"iowa","washington",2025,15
"11071",-93.5697402954102,40.5997886657715,847,26332,"iowa","wayne",2014,54
"11072",-93.5697402954102,40.5997886657715,847,26332,"iowa","wayne",2015,46
"11073",-93.5697402954102,40.5997886657715,847,26332,"iowa","wayne",2016,49
"11074",-93.5697402954102,40.5997886657715,847,26332,"iowa","wayne",2017,55
"11075",-93.5697402954102,40.5997886657715,847,26332,"iowa","wayne",2018,64
"11076",-93.5697402954102,40.5997886657715,847,26332,"iowa","wayne",2019,74
"11077",-93.5697402954102,40.5997886657715,847,26332,"iowa","wayne",2020,62
"11078",-93.5697402954102,40.5997886657715,847,26332,"iowa","wayne",2021,57
"11079",-93.5697402954102,40.5997886657715,847,26332,"iowa","wayne",2022,56
"11080",-93.5697402954102,40.5997886657715,847,26332,"iowa","wayne",2023,61
"11081",-93.5697402954102,40.5997886657715,847,26332,"iowa","wayne",2024,65
"11082",-93.5697402954102,40.5997886657715,847,26332,"iowa","wayne",2025,2
"11083",-93.5640106201172,40.9034576416016,847,26333,"iowa","wayne",2014,54
"11084",-93.5640106201172,40.9034576416016,847,26333,"iowa","wayne",2015,46
"11085",-93.5640106201172,40.9034576416016,847,26333,"iowa","wayne",2016,49
"11086",-93.5640106201172,40.9034576416016,847,26333,"iowa","wayne",2017,55
"11087",-93.5640106201172,40.9034576416016,847,26333,"iowa","wayne",2018,64
"11088",-93.5640106201172,40.9034576416016,847,26333,"iowa","wayne",2019,74
"11089",-93.5640106201172,40.9034576416016,847,26333,"iowa","wayne",2020,62
"11090",-93.5640106201172,40.9034576416016,847,26333,"iowa","wayne",2021,57
"11091",-93.5640106201172,40.9034576416016,847,26333,"iowa","wayne",2022,56
"11092",-93.5640106201172,40.9034576416016,847,26333,"iowa","wayne",2023,61
"11093",-93.5640106201172,40.9034576416016,847,26333,"iowa","wayne",2024,65
"11094",-93.5640106201172,40.9034576416016,847,26333,"iowa","wayne",2025,2
"11095",-93.1056442260742,40.9034576416016,847,26334,"iowa","wayne",2014,54
"11096",-93.1056442260742,40.9034576416016,847,26334,"iowa","wayne",2015,46
"11097",-93.1056442260742,40.9034576416016,847,26334,"iowa","wayne",2016,49
"11098",-93.1056442260742,40.9034576416016,847,26334,"iowa","wayne",2017,55
"11099",-93.1056442260742,40.9034576416016,847,26334,"iowa","wayne",2018,64
"11100",-93.1056442260742,40.9034576416016,847,26334,"iowa","wayne",2019,74
"11101",-93.1056442260742,40.9034576416016,847,26334,"iowa","wayne",2020,62
"11102",-93.1056442260742,40.9034576416016,847,26334,"iowa","wayne",2021,57
"11103",-93.1056442260742,40.9034576416016,847,26334,"iowa","wayne",2022,56
"11104",-93.1056442260742,40.9034576416016,847,26334,"iowa","wayne",2023,61
"11105",-93.1056442260742,40.9034576416016,847,26334,"iowa","wayne",2024,65
"11106",-93.1056442260742,40.9034576416016,847,26334,"iowa","wayne",2025,2
"11107",-93.0999145507812,40.6055183410645,847,26335,"iowa","wayne",2014,54
"11108",-93.0999145507812,40.6055183410645,847,26335,"iowa","wayne",2015,46
"11109",-93.0999145507812,40.6055183410645,847,26335,"iowa","wayne",2016,49
"11110",-93.0999145507812,40.6055183410645,847,26335,"iowa","wayne",2017,55
"11111",-93.0999145507812,40.6055183410645,847,26335,"iowa","wayne",2018,64
"11112",-93.0999145507812,40.6055183410645,847,26335,"iowa","wayne",2019,74
"11113",-93.0999145507812,40.6055183410645,847,26335,"iowa","wayne",2020,62
"11114",-93.0999145507812,40.6055183410645,847,26335,"iowa","wayne",2021,57
"11115",-93.0999145507812,40.6055183410645,847,26335,"iowa","wayne",2022,56
"11116",-93.0999145507812,40.6055183410645,847,26335,"iowa","wayne",2023,61
"11117",-93.0999145507812,40.6055183410645,847,26335,"iowa","wayne",2024,65
"11118",-93.0999145507812,40.6055183410645,847,26335,"iowa","wayne",2025,2
"11119",-93.3749313354492,40.5997886657715,847,26336,"iowa","wayne",2014,54
"11120",-93.3749313354492,40.5997886657715,847,26336,"iowa","wayne",2015,46
"11121",-93.3749313354492,40.5997886657715,847,26336,"iowa","wayne",2016,49
"11122",-93.3749313354492,40.5997886657715,847,26336,"iowa","wayne",2017,55
"11123",-93.3749313354492,40.5997886657715,847,26336,"iowa","wayne",2018,64
"11124",-93.3749313354492,40.5997886657715,847,26336,"iowa","wayne",2019,74
"11125",-93.3749313354492,40.5997886657715,847,26336,"iowa","wayne",2020,62
"11126",-93.3749313354492,40.5997886657715,847,26336,"iowa","wayne",2021,57
"11127",-93.3749313354492,40.5997886657715,847,26336,"iowa","wayne",2022,56
"11128",-93.3749313354492,40.5997886657715,847,26336,"iowa","wayne",2023,61
"11129",-93.3749313354492,40.5997886657715,847,26336,"iowa","wayne",2024,65
"11130",-93.3749313354492,40.5997886657715,847,26336,"iowa","wayne",2025,2
"11131",-93.5697402954102,40.5997886657715,847,26337,"iowa","wayne",2014,54
"11132",-93.5697402954102,40.5997886657715,847,26337,"iowa","wayne",2015,46
"11133",-93.5697402954102,40.5997886657715,847,26337,"iowa","wayne",2016,49
"11134",-93.5697402954102,40.5997886657715,847,26337,"iowa","wayne",2017,55
"11135",-93.5697402954102,40.5997886657715,847,26337,"iowa","wayne",2018,64
"11136",-93.5697402954102,40.5997886657715,847,26337,"iowa","wayne",2019,74
"11137",-93.5697402954102,40.5997886657715,847,26337,"iowa","wayne",2020,62
"11138",-93.5697402954102,40.5997886657715,847,26337,"iowa","wayne",2021,57
"11139",-93.5697402954102,40.5997886657715,847,26337,"iowa","wayne",2022,56
"11140",-93.5697402954102,40.5997886657715,847,26337,"iowa","wayne",2023,61
"11141",-93.5697402954102,40.5997886657715,847,26337,"iowa","wayne",2024,65
"11142",-93.5697402954102,40.5997886657715,847,26337,"iowa","wayne",2025,2
"11143",-93.9650802612305,42.5593032836914,848,26339,"iowa","webster",2014,842
"11144",-93.9650802612305,42.5593032836914,848,26339,"iowa","webster",2015,788
"11145",-93.9650802612305,42.5593032836914,848,26339,"iowa","webster",2016,910
"11146",-93.9650802612305,42.5593032836914,848,26339,"iowa","webster",2017,910
"11147",-93.9650802612305,42.5593032836914,848,26339,"iowa","webster",2018,822
"11148",-93.9650802612305,42.5593032836914,848,26339,"iowa","webster",2019,880
"11149",-93.9650802612305,42.5593032836914,848,26339,"iowa","webster",2020,755
"11150",-93.9650802612305,42.5593032836914,848,26339,"iowa","webster",2021,892
"11151",-93.9650802612305,42.5593032836914,848,26339,"iowa","webster",2022,815
"11152",-93.9650802612305,42.5593032836914,848,26339,"iowa","webster",2023,768
"11153",-93.9650802612305,42.5593032836914,848,26339,"iowa","webster",2024,696
"11154",-93.9650802612305,42.5593032836914,848,26339,"iowa","webster",2025,52
"11155",-93.9650802612305,42.4676284790039,848,26340,"iowa","webster",2014,842
"11156",-93.9650802612305,42.4676284790039,848,26340,"iowa","webster",2015,788
"11157",-93.9650802612305,42.4676284790039,848,26340,"iowa","webster",2016,910
"11158",-93.9650802612305,42.4676284790039,848,26340,"iowa","webster",2017,910
"11159",-93.9650802612305,42.4676284790039,848,26340,"iowa","webster",2018,822
"11160",-93.9650802612305,42.4676284790039,848,26340,"iowa","webster",2019,880
"11161",-93.9650802612305,42.4676284790039,848,26340,"iowa","webster",2020,755
"11162",-93.9650802612305,42.4676284790039,848,26340,"iowa","webster",2021,892
"11163",-93.9650802612305,42.4676284790039,848,26340,"iowa","webster",2022,815
"11164",-93.9650802612305,42.4676284790039,848,26340,"iowa","webster",2023,768
"11165",-93.9650802612305,42.4676284790039,848,26340,"iowa","webster",2024,696
"11166",-93.9650802612305,42.4676284790039,848,26340,"iowa","webster",2025,52
"11167",-93.9307022094727,42.4676284790039,848,26341,"iowa","webster",2014,842
"11168",-93.9307022094727,42.4676284790039,848,26341,"iowa","webster",2015,788
"11169",-93.9307022094727,42.4676284790039,848,26341,"iowa","webster",2016,910
"11170",-93.9307022094727,42.4676284790039,848,26341,"iowa","webster",2017,910
"11171",-93.9307022094727,42.4676284790039,848,26341,"iowa","webster",2018,822
"11172",-93.9307022094727,42.4676284790039,848,26341,"iowa","webster",2019,880
"11173",-93.9307022094727,42.4676284790039,848,26341,"iowa","webster",2020,755
"11174",-93.9307022094727,42.4676284790039,848,26341,"iowa","webster",2021,892
"11175",-93.9307022094727,42.4676284790039,848,26341,"iowa","webster",2022,815
"11176",-93.9307022094727,42.4676284790039,848,26341,"iowa","webster",2023,768
"11177",-93.9307022094727,42.4676284790039,848,26341,"iowa","webster",2024,696
"11178",-93.9307022094727,42.4676284790039,848,26341,"iowa","webster",2025,52
"11179",-93.9307022094727,42.2098007202148,848,26342,"iowa","webster",2014,842
"11180",-93.9307022094727,42.2098007202148,848,26342,"iowa","webster",2015,788
"11181",-93.9307022094727,42.2098007202148,848,26342,"iowa","webster",2016,910
"11182",-93.9307022094727,42.2098007202148,848,26342,"iowa","webster",2017,910
"11183",-93.9307022094727,42.2098007202148,848,26342,"iowa","webster",2018,822
"11184",-93.9307022094727,42.2098007202148,848,26342,"iowa","webster",2019,880
"11185",-93.9307022094727,42.2098007202148,848,26342,"iowa","webster",2020,755
"11186",-93.9307022094727,42.2098007202148,848,26342,"iowa","webster",2021,892
"11187",-93.9307022094727,42.2098007202148,848,26342,"iowa","webster",2022,815
"11188",-93.9307022094727,42.2098007202148,848,26342,"iowa","webster",2023,768
"11189",-93.9307022094727,42.2098007202148,848,26342,"iowa","webster",2024,696
"11190",-93.9307022094727,42.2098007202148,848,26342,"iowa","webster",2025,52
"11191",-94.1656112670898,42.2098007202148,848,26343,"iowa","webster",2014,842
"11192",-94.1656112670898,42.2098007202148,848,26343,"iowa","webster",2015,788
"11193",-94.1656112670898,42.2098007202148,848,26343,"iowa","webster",2016,910
"11194",-94.1656112670898,42.2098007202148,848,26343,"iowa","webster",2017,910
"11195",-94.1656112670898,42.2098007202148,848,26343,"iowa","webster",2018,822
"11196",-94.1656112670898,42.2098007202148,848,26343,"iowa","webster",2019,880
"11197",-94.1656112670898,42.2098007202148,848,26343,"iowa","webster",2020,755
"11198",-94.1656112670898,42.2098007202148,848,26343,"iowa","webster",2021,892
"11199",-94.1656112670898,42.2098007202148,848,26343,"iowa","webster",2022,815
"11200",-94.1656112670898,42.2098007202148,848,26343,"iowa","webster",2023,768
"11201",-94.1656112670898,42.2098007202148,848,26343,"iowa","webster",2024,696
"11202",-94.1656112670898,42.2098007202148,848,26343,"iowa","webster",2025,52
"11203",-94.40625,42.2098007202148,848,26344,"iowa","webster",2014,842
"11204",-94.40625,42.2098007202148,848,26344,"iowa","webster",2015,788
"11205",-94.40625,42.2098007202148,848,26344,"iowa","webster",2016,910
"11206",-94.40625,42.2098007202148,848,26344,"iowa","webster",2017,910
"11207",-94.40625,42.2098007202148,848,26344,"iowa","webster",2018,822
"11208",-94.40625,42.2098007202148,848,26344,"iowa","webster",2019,880
"11209",-94.40625,42.2098007202148,848,26344,"iowa","webster",2020,755
"11210",-94.40625,42.2098007202148,848,26344,"iowa","webster",2021,892
"11211",-94.40625,42.2098007202148,848,26344,"iowa","webster",2022,815
"11212",-94.40625,42.2098007202148,848,26344,"iowa","webster",2023,768
"11213",-94.40625,42.2098007202148,848,26344,"iowa","webster",2024,696
"11214",-94.40625,42.2098007202148,848,26344,"iowa","webster",2025,52
"11215",-94.4005279541016,42.4733619689941,848,26345,"iowa","webster",2014,842
"11216",-94.4005279541016,42.4733619689941,848,26345,"iowa","webster",2015,788
"11217",-94.4005279541016,42.4733619689941,848,26345,"iowa","webster",2016,910
"11218",-94.4005279541016,42.4733619689941,848,26345,"iowa","webster",2017,910
"11219",-94.4005279541016,42.4733619689941,848,26345,"iowa","webster",2018,822
"11220",-94.4005279541016,42.4733619689941,848,26345,"iowa","webster",2019,880
"11221",-94.4005279541016,42.4733619689941,848,26345,"iowa","webster",2020,755
"11222",-94.4005279541016,42.4733619689941,848,26345,"iowa","webster",2021,892
"11223",-94.4005279541016,42.4733619689941,848,26345,"iowa","webster",2022,815
"11224",-94.4005279541016,42.4733619689941,848,26345,"iowa","webster",2023,768
"11225",-94.4005279541016,42.4733619689941,848,26345,"iowa","webster",2024,696
"11226",-94.4005279541016,42.4733619689941,848,26345,"iowa","webster",2025,52
"11227",-94.4406356811523,42.4733619689941,848,26346,"iowa","webster",2014,842
"11228",-94.4406356811523,42.4733619689941,848,26346,"iowa","webster",2015,788
"11229",-94.4406356811523,42.4733619689941,848,26346,"iowa","webster",2016,910
"11230",-94.4406356811523,42.4733619689941,848,26346,"iowa","webster",2017,910
"11231",-94.4406356811523,42.4733619689941,848,26346,"iowa","webster",2018,822
"11232",-94.4406356811523,42.4733619689941,848,26346,"iowa","webster",2019,880
"11233",-94.4406356811523,42.4733619689941,848,26346,"iowa","webster",2020,755
"11234",-94.4406356811523,42.4733619689941,848,26346,"iowa","webster",2021,892
"11235",-94.4406356811523,42.4733619689941,848,26346,"iowa","webster",2022,815
"11236",-94.4406356811523,42.4733619689941,848,26346,"iowa","webster",2023,768
"11237",-94.4406356811523,42.4733619689941,848,26346,"iowa","webster",2024,696
"11238",-94.4406356811523,42.4733619689941,848,26346,"iowa","webster",2025,52
"11239",-94.4463577270508,42.5535736083984,848,26347,"iowa","webster",2014,842
"11240",-94.4463577270508,42.5535736083984,848,26347,"iowa","webster",2015,788
"11241",-94.4463577270508,42.5535736083984,848,26347,"iowa","webster",2016,910
"11242",-94.4463577270508,42.5535736083984,848,26347,"iowa","webster",2017,910
"11243",-94.4463577270508,42.5535736083984,848,26347,"iowa","webster",2018,822
"11244",-94.4463577270508,42.5535736083984,848,26347,"iowa","webster",2019,880
"11245",-94.4463577270508,42.5535736083984,848,26347,"iowa","webster",2020,755
"11246",-94.4463577270508,42.5535736083984,848,26347,"iowa","webster",2021,892
"11247",-94.4463577270508,42.5535736083984,848,26347,"iowa","webster",2022,815
"11248",-94.4463577270508,42.5535736083984,848,26347,"iowa","webster",2023,768
"11249",-94.4463577270508,42.5535736083984,848,26347,"iowa","webster",2024,696
"11250",-94.4463577270508,42.5535736083984,848,26347,"iowa","webster",2025,52
"11251",-94.4406356811523,42.6452484130859,848,26348,"iowa","webster",2014,842
"11252",-94.4406356811523,42.6452484130859,848,26348,"iowa","webster",2015,788
"11253",-94.4406356811523,42.6452484130859,848,26348,"iowa","webster",2016,910
"11254",-94.4406356811523,42.6452484130859,848,26348,"iowa","webster",2017,910
"11255",-94.4406356811523,42.6452484130859,848,26348,"iowa","webster",2018,822
"11256",-94.4406356811523,42.6452484130859,848,26348,"iowa","webster",2019,880
"11257",-94.4406356811523,42.6452484130859,848,26348,"iowa","webster",2020,755
"11258",-94.4406356811523,42.6452484130859,848,26348,"iowa","webster",2021,892
"11259",-94.4406356811523,42.6452484130859,848,26348,"iowa","webster",2022,815
"11260",-94.4406356811523,42.6452484130859,848,26348,"iowa","webster",2023,768
"11261",-94.4406356811523,42.6452484130859,848,26348,"iowa","webster",2024,696
"11262",-94.4406356811523,42.6452484130859,848,26348,"iowa","webster",2025,52
"11263",-93.9708099365234,42.639518737793,848,26349,"iowa","webster",2014,842
"11264",-93.9708099365234,42.639518737793,848,26349,"iowa","webster",2015,788
"11265",-93.9708099365234,42.639518737793,848,26349,"iowa","webster",2016,910
"11266",-93.9708099365234,42.639518737793,848,26349,"iowa","webster",2017,910
"11267",-93.9708099365234,42.639518737793,848,26349,"iowa","webster",2018,822
"11268",-93.9708099365234,42.639518737793,848,26349,"iowa","webster",2019,880
"11269",-93.9708099365234,42.639518737793,848,26349,"iowa","webster",2020,755
"11270",-93.9708099365234,42.639518737793,848,26349,"iowa","webster",2021,892
"11271",-93.9708099365234,42.639518737793,848,26349,"iowa","webster",2022,815
"11272",-93.9708099365234,42.639518737793,848,26349,"iowa","webster",2023,768
"11273",-93.9708099365234,42.639518737793,848,26349,"iowa","webster",2024,696
"11274",-93.9708099365234,42.639518737793,848,26349,"iowa","webster",2025,52
"11275",-93.9650802612305,42.5593032836914,848,26350,"iowa","webster",2014,842
"11276",-93.9650802612305,42.5593032836914,848,26350,"iowa","webster",2015,788
"11277",-93.9650802612305,42.5593032836914,848,26350,"iowa","webster",2016,910
"11278",-93.9650802612305,42.5593032836914,848,26350,"iowa","webster",2017,910
"11279",-93.9650802612305,42.5593032836914,848,26350,"iowa","webster",2018,822
"11280",-93.9650802612305,42.5593032836914,848,26350,"iowa","webster",2019,880
"11281",-93.9650802612305,42.5593032836914,848,26350,"iowa","webster",2020,755
"11282",-93.9650802612305,42.5593032836914,848,26350,"iowa","webster",2021,892
"11283",-93.9650802612305,42.5593032836914,848,26350,"iowa","webster",2022,815
"11284",-93.9650802612305,42.5593032836914,848,26350,"iowa","webster",2023,768
"11285",-93.9650802612305,42.5593032836914,848,26350,"iowa","webster",2024,696
"11286",-93.9650802612305,42.5593032836914,848,26350,"iowa","webster",2025,52
"11287",-93.4952545166016,43.5104141235352,849,26352,"iowa","winnebago",2014,50
"11288",-93.4952545166016,43.5104141235352,849,26352,"iowa","winnebago",2015,61
"11289",-93.4952545166016,43.5104141235352,849,26352,"iowa","winnebago",2016,62
"11290",-93.4952545166016,43.5104141235352,849,26352,"iowa","winnebago",2017,56
"11291",-93.4952545166016,43.5104141235352,849,26352,"iowa","winnebago",2018,44
"11292",-93.4952545166016,43.5104141235352,849,26352,"iowa","winnebago",2019,57
"11293",-93.4952545166016,43.5104141235352,849,26352,"iowa","winnebago",2020,42
"11294",-93.4952545166016,43.5104141235352,849,26352,"iowa","winnebago",2021,42
"11295",-93.4952545166016,43.5104141235352,849,26352,"iowa","winnebago",2022,51
"11296",-93.4952545166016,43.5104141235352,849,26352,"iowa","winnebago",2023,56
"11297",-93.4952545166016,43.5104141235352,849,26352,"iowa","winnebago",2024,55
"11298",-93.5009765625,43.2640419006348,849,26353,"iowa","winnebago",2014,50
"11299",-93.5009765625,43.2640419006348,849,26353,"iowa","winnebago",2015,61
"11300",-93.5009765625,43.2640419006348,849,26353,"iowa","winnebago",2016,62
"11301",-93.5009765625,43.2640419006348,849,26353,"iowa","winnebago",2017,56
"11302",-93.5009765625,43.2640419006348,849,26353,"iowa","winnebago",2018,44
"11303",-93.5009765625,43.2640419006348,849,26353,"iowa","winnebago",2019,57
"11304",-93.5009765625,43.2640419006348,849,26353,"iowa","winnebago",2020,42
"11305",-93.5009765625,43.2640419006348,849,26353,"iowa","winnebago",2021,42
"11306",-93.5009765625,43.2640419006348,849,26353,"iowa","winnebago",2022,51
"11307",-93.5009765625,43.2640419006348,849,26353,"iowa","winnebago",2023,56
"11308",-93.5009765625,43.2640419006348,849,26353,"iowa","winnebago",2024,55
"11309",-93.9708099365234,43.2583122253418,849,26354,"iowa","winnebago",2014,50
"11310",-93.9708099365234,43.2583122253418,849,26354,"iowa","winnebago",2015,61
"11311",-93.9708099365234,43.2583122253418,849,26354,"iowa","winnebago",2016,62
"11312",-93.9708099365234,43.2583122253418,849,26354,"iowa","winnebago",2017,56
"11313",-93.9708099365234,43.2583122253418,849,26354,"iowa","winnebago",2018,44
"11314",-93.9708099365234,43.2583122253418,849,26354,"iowa","winnebago",2019,57
"11315",-93.9708099365234,43.2583122253418,849,26354,"iowa","winnebago",2020,42
"11316",-93.9708099365234,43.2583122253418,849,26354,"iowa","winnebago",2021,42
"11317",-93.9708099365234,43.2583122253418,849,26354,"iowa","winnebago",2022,51
"11318",-93.9708099365234,43.2583122253418,849,26354,"iowa","winnebago",2023,56
"11319",-93.9708099365234,43.2583122253418,849,26354,"iowa","winnebago",2024,55
"11320",-93.9765396118164,43.5104141235352,849,26355,"iowa","winnebago",2014,50
"11321",-93.9765396118164,43.5104141235352,849,26355,"iowa","winnebago",2015,61
"11322",-93.9765396118164,43.5104141235352,849,26355,"iowa","winnebago",2016,62
"11323",-93.9765396118164,43.5104141235352,849,26355,"iowa","winnebago",2017,56
"11324",-93.9765396118164,43.5104141235352,849,26355,"iowa","winnebago",2018,44
"11325",-93.9765396118164,43.5104141235352,849,26355,"iowa","winnebago",2019,57
"11326",-93.9765396118164,43.5104141235352,849,26355,"iowa","winnebago",2020,42
"11327",-93.9765396118164,43.5104141235352,849,26355,"iowa","winnebago",2021,42
"11328",-93.9765396118164,43.5104141235352,849,26355,"iowa","winnebago",2022,51
"11329",-93.9765396118164,43.5104141235352,849,26355,"iowa","winnebago",2023,56
"11330",-93.9765396118164,43.5104141235352,849,26355,"iowa","winnebago",2024,55
"11331",-93.6442260742188,43.5104141235352,849,26356,"iowa","winnebago",2014,50
"11332",-93.6442260742188,43.5104141235352,849,26356,"iowa","winnebago",2015,61
"11333",-93.6442260742188,43.5104141235352,849,26356,"iowa","winnebago",2016,62
"11334",-93.6442260742188,43.5104141235352,849,26356,"iowa","winnebago",2017,56
"11335",-93.6442260742188,43.5104141235352,849,26356,"iowa","winnebago",2018,44
"11336",-93.6442260742188,43.5104141235352,849,26356,"iowa","winnebago",2019,57
"11337",-93.6442260742188,43.5104141235352,849,26356,"iowa","winnebago",2020,42
"11338",-93.6442260742188,43.5104141235352,849,26356,"iowa","winnebago",2021,42
"11339",-93.6442260742188,43.5104141235352,849,26356,"iowa","winnebago",2022,51
"11340",-93.6442260742188,43.5104141235352,849,26356,"iowa","winnebago",2023,56
"11341",-93.6442260742188,43.5104141235352,849,26356,"iowa","winnebago",2024,55
"11342",-93.4952545166016,43.5104141235352,849,26357,"iowa","winnebago",2014,50
"11343",-93.4952545166016,43.5104141235352,849,26357,"iowa","winnebago",2015,61
"11344",-93.4952545166016,43.5104141235352,849,26357,"iowa","winnebago",2016,62
"11345",-93.4952545166016,43.5104141235352,849,26357,"iowa","winnebago",2017,56
"11346",-93.4952545166016,43.5104141235352,849,26357,"iowa","winnebago",2018,44
"11347",-93.4952545166016,43.5104141235352,849,26357,"iowa","winnebago",2019,57
"11348",-93.4952545166016,43.5104141235352,849,26357,"iowa","winnebago",2020,42
"11349",-93.4952545166016,43.5104141235352,849,26357,"iowa","winnebago",2021,42
"11350",-93.4952545166016,43.5104141235352,849,26357,"iowa","winnebago",2022,51
"11351",-93.4952545166016,43.5104141235352,849,26357,"iowa","winnebago",2023,56
"11352",-93.4952545166016,43.5104141235352,849,26357,"iowa","winnebago",2024,55
"11353",-92.0800476074219,43.5046844482422,850,26359,"iowa","winneshiek",2014,340
"11354",-92.0800476074219,43.5046844482422,850,26359,"iowa","winneshiek",2015,379
"11355",-92.0800476074219,43.5046844482422,850,26359,"iowa","winneshiek",2016,371
"11356",-92.0800476074219,43.5046844482422,850,26359,"iowa","winneshiek",2017,359
"11357",-92.0800476074219,43.5046844482422,850,26359,"iowa","winneshiek",2018,397
"11358",-92.0800476074219,43.5046844482422,850,26359,"iowa","winneshiek",2019,375
"11359",-92.0800476074219,43.5046844482422,850,26359,"iowa","winneshiek",2020,317
"11360",-92.0800476074219,43.5046844482422,850,26359,"iowa","winneshiek",2021,358
"11361",-92.0800476074219,43.5046844482422,850,26359,"iowa","winneshiek",2022,380
"11362",-92.0800476074219,43.5046844482422,850,26359,"iowa","winneshiek",2023,343
"11363",-92.0800476074219,43.5046844482422,850,26359,"iowa","winneshiek",2024,350
"11364",-92.0800476074219,43.5046844482422,850,26359,"iowa","winneshiek",2025,24
"11365",-91.7248153686523,43.5104141235352,850,26360,"iowa","winneshiek",2014,340
"11366",-91.7248153686523,43.5104141235352,850,26360,"iowa","winneshiek",2015,379
"11367",-91.7248153686523,43.5104141235352,850,26360,"iowa","winneshiek",2016,371
"11368",-91.7248153686523,43.5104141235352,850,26360,"iowa","winneshiek",2017,359
"11369",-91.7248153686523,43.5104141235352,850,26360,"iowa","winneshiek",2018,397
"11370",-91.7248153686523,43.5104141235352,850,26360,"iowa","winneshiek",2019,375
"11371",-91.7248153686523,43.5104141235352,850,26360,"iowa","winneshiek",2020,317
"11372",-91.7248153686523,43.5104141235352,850,26360,"iowa","winneshiek",2021,358
"11373",-91.7248153686523,43.5104141235352,850,26360,"iowa","winneshiek",2022,380
"11374",-91.7248153686523,43.5104141235352,850,26360,"iowa","winneshiek",2023,343
"11375",-91.7248153686523,43.5104141235352,850,26360,"iowa","winneshiek",2024,350
"11376",-91.7248153686523,43.5104141235352,850,26360,"iowa","winneshiek",2025,24
"11377",-91.6044921875,43.5104141235352,850,26361,"iowa","winneshiek",2014,340
"11378",-91.6044921875,43.5104141235352,850,26361,"iowa","winneshiek",2015,379
"11379",-91.6044921875,43.5104141235352,850,26361,"iowa","winneshiek",2016,371
"11380",-91.6044921875,43.5104141235352,850,26361,"iowa","winneshiek",2017,359
"11381",-91.6044921875,43.5104141235352,850,26361,"iowa","winneshiek",2018,397
"11382",-91.6044921875,43.5104141235352,850,26361,"iowa","winneshiek",2019,375
"11383",-91.6044921875,43.5104141235352,850,26361,"iowa","winneshiek",2020,317
"11384",-91.6044921875,43.5104141235352,850,26361,"iowa","winneshiek",2021,358
"11385",-91.6044921875,43.5104141235352,850,26361,"iowa","winneshiek",2022,380
"11386",-91.6044921875,43.5104141235352,850,26361,"iowa","winneshiek",2023,343
"11387",-91.6044921875,43.5104141235352,850,26361,"iowa","winneshiek",2024,350
"11388",-91.6044921875,43.5104141235352,850,26361,"iowa","winneshiek",2025,24
"11389",-91.610221862793,43.3499870300293,850,26362,"iowa","winneshiek",2014,340
"11390",-91.610221862793,43.3499870300293,850,26362,"iowa","winneshiek",2015,379
"11391",-91.610221862793,43.3499870300293,850,26362,"iowa","winneshiek",2016,371
"11392",-91.610221862793,43.3499870300293,850,26362,"iowa","winneshiek",2017,359
"11393",-91.610221862793,43.3499870300293,850,26362,"iowa","winneshiek",2018,397
"11394",-91.610221862793,43.3499870300293,850,26362,"iowa","winneshiek",2019,375
"11395",-91.610221862793,43.3499870300293,850,26362,"iowa","winneshiek",2020,317
"11396",-91.610221862793,43.3499870300293,850,26362,"iowa","winneshiek",2021,358
"11397",-91.610221862793,43.3499870300293,850,26362,"iowa","winneshiek",2022,380
"11398",-91.610221862793,43.3499870300293,850,26362,"iowa","winneshiek",2023,343
"11399",-91.610221862793,43.3499870300293,850,26362,"iowa","winneshiek",2024,350
"11400",-91.610221862793,43.3499870300293,850,26362,"iowa","winneshiek",2025,24
"11401",-91.598762512207,43.3557167053223,850,26363,"iowa","winneshiek",2014,340
"11402",-91.598762512207,43.3557167053223,850,26363,"iowa","winneshiek",2015,379
"11403",-91.598762512207,43.3557167053223,850,26363,"iowa","winneshiek",2016,371
"11404",-91.598762512207,43.3557167053223,850,26363,"iowa","winneshiek",2017,359
"11405",-91.598762512207,43.3557167053223,850,26363,"iowa","winneshiek",2018,397
"11406",-91.598762512207,43.3557167053223,850,26363,"iowa","winneshiek",2019,375
"11407",-91.598762512207,43.3557167053223,850,26363,"iowa","winneshiek",2020,317
"11408",-91.598762512207,43.3557167053223,850,26363,"iowa","winneshiek",2021,358
"11409",-91.598762512207,43.3557167053223,850,26363,"iowa","winneshiek",2022,380
"11410",-91.598762512207,43.3557167053223,850,26363,"iowa","winneshiek",2023,343
"11411",-91.598762512207,43.3557167053223,850,26363,"iowa","winneshiek",2024,350
"11412",-91.598762512207,43.3557167053223,850,26363,"iowa","winneshiek",2025,24
"11413",-91.598762512207,43.08642578125,850,26364,"iowa","winneshiek",2014,340
"11414",-91.598762512207,43.08642578125,850,26364,"iowa","winneshiek",2015,379
"11415",-91.598762512207,43.08642578125,850,26364,"iowa","winneshiek",2016,371
"11416",-91.598762512207,43.08642578125,850,26364,"iowa","winneshiek",2017,359
"11417",-91.598762512207,43.08642578125,850,26364,"iowa","winneshiek",2018,397
"11418",-91.598762512207,43.08642578125,850,26364,"iowa","winneshiek",2019,375
"11419",-91.598762512207,43.08642578125,850,26364,"iowa","winneshiek",2020,317
"11420",-91.598762512207,43.08642578125,850,26364,"iowa","winneshiek",2021,358
"11421",-91.598762512207,43.08642578125,850,26364,"iowa","winneshiek",2022,380
"11422",-91.598762512207,43.08642578125,850,26364,"iowa","winneshiek",2023,343
"11423",-91.598762512207,43.08642578125,850,26364,"iowa","winneshiek",2024,350
"11424",-91.598762512207,43.08642578125,850,26364,"iowa","winneshiek",2025,24
"11425",-92.0743179321289,43.08642578125,850,26365,"iowa","winneshiek",2014,340
"11426",-92.0743179321289,43.08642578125,850,26365,"iowa","winneshiek",2015,379
"11427",-92.0743179321289,43.08642578125,850,26365,"iowa","winneshiek",2016,371
"11428",-92.0743179321289,43.08642578125,850,26365,"iowa","winneshiek",2017,359
"11429",-92.0743179321289,43.08642578125,850,26365,"iowa","winneshiek",2018,397
"11430",-92.0743179321289,43.08642578125,850,26365,"iowa","winneshiek",2019,375
"11431",-92.0743179321289,43.08642578125,850,26365,"iowa","winneshiek",2020,317
"11432",-92.0743179321289,43.08642578125,850,26365,"iowa","winneshiek",2021,358
"11433",-92.0743179321289,43.08642578125,850,26365,"iowa","winneshiek",2022,380
"11434",-92.0743179321289,43.08642578125,850,26365,"iowa","winneshiek",2023,343
"11435",-92.0743179321289,43.08642578125,850,26365,"iowa","winneshiek",2024,350
"11436",-92.0743179321289,43.08642578125,850,26365,"iowa","winneshiek",2025,24
"11437",-92.0800476074219,43.218204498291,850,26366,"iowa","winneshiek",2014,340
"11438",-92.0800476074219,43.218204498291,850,26366,"iowa","winneshiek",2015,379
"11439",-92.0800476074219,43.218204498291,850,26366,"iowa","winneshiek",2016,371
"11440",-92.0800476074219,43.218204498291,850,26366,"iowa","winneshiek",2017,359
"11441",-92.0800476074219,43.218204498291,850,26366,"iowa","winneshiek",2018,397
"11442",-92.0800476074219,43.218204498291,850,26366,"iowa","winneshiek",2019,375
"11443",-92.0800476074219,43.218204498291,850,26366,"iowa","winneshiek",2020,317
"11444",-92.0800476074219,43.218204498291,850,26366,"iowa","winneshiek",2021,358
"11445",-92.0800476074219,43.218204498291,850,26366,"iowa","winneshiek",2022,380
"11446",-92.0800476074219,43.218204498291,850,26366,"iowa","winneshiek",2023,343
"11447",-92.0800476074219,43.218204498291,850,26366,"iowa","winneshiek",2024,350
"11448",-92.0800476074219,43.218204498291,850,26366,"iowa","winneshiek",2025,24
"11449",-92.0800476074219,43.5046844482422,850,26367,"iowa","winneshiek",2014,340
"11450",-92.0800476074219,43.5046844482422,850,26367,"iowa","winneshiek",2015,379
"11451",-92.0800476074219,43.5046844482422,850,26367,"iowa","winneshiek",2016,371
"11452",-92.0800476074219,43.5046844482422,850,26367,"iowa","winneshiek",2017,359
"11453",-92.0800476074219,43.5046844482422,850,26367,"iowa","winneshiek",2018,397
"11454",-92.0800476074219,43.5046844482422,850,26367,"iowa","winneshiek",2019,375
"11455",-92.0800476074219,43.5046844482422,850,26367,"iowa","winneshiek",2020,317
"11456",-92.0800476074219,43.5046844482422,850,26367,"iowa","winneshiek",2021,358
"11457",-92.0800476074219,43.5046844482422,850,26367,"iowa","winneshiek",2022,380
"11458",-92.0800476074219,43.5046844482422,850,26367,"iowa","winneshiek",2023,343
"11459",-92.0800476074219,43.5046844482422,850,26367,"iowa","winneshiek",2024,350
"11460",-92.0800476074219,43.5046844482422,850,26367,"iowa","winneshiek",2025,24
"11461",-96.3485794067383,42.2670974731445,851,26369,"iowa","woodbury",2014,2162
"11462",-96.3485794067383,42.2670974731445,851,26369,"iowa","woodbury",2015,2358
"11463",-96.3485794067383,42.2670974731445,851,26369,"iowa","woodbury",2016,2354
"11464",-96.3485794067383,42.2670974731445,851,26369,"iowa","woodbury",2017,2337
"11465",-96.3485794067383,42.2670974731445,851,26369,"iowa","woodbury",2018,2381
"11466",-96.3485794067383,42.2670974731445,851,26369,"iowa","woodbury",2019,2473
"11467",-96.3485794067383,42.2670974731445,851,26369,"iowa","woodbury",2020,2170
"11468",-96.3485794067383,42.2670974731445,851,26369,"iowa","woodbury",2021,2255
"11469",-96.3485794067383,42.2670974731445,851,26369,"iowa","woodbury",2022,2258
"11470",-96.3485794067383,42.2670974731445,851,26369,"iowa","woodbury",2023,2311
"11471",-96.3485794067383,42.2670974731445,851,26369,"iowa","woodbury",2024,2403
"11472",-96.3485794067383,42.2670974731445,851,26369,"iowa","woodbury",2025,113
"11473",-96.405876159668,42.3301200866699,851,26370,"iowa","woodbury",2014,2162
"11474",-96.405876159668,42.3301200866699,851,26370,"iowa","woodbury",2015,2358
"11475",-96.405876159668,42.3301200866699,851,26370,"iowa","woodbury",2016,2354
"11476",-96.405876159668,42.3301200866699,851,26370,"iowa","woodbury",2017,2337
"11477",-96.405876159668,42.3301200866699,851,26370,"iowa","woodbury",2018,2381
"11478",-96.405876159668,42.3301200866699,851,26370,"iowa","woodbury",2019,2473
"11479",-96.405876159668,42.3301200866699,851,26370,"iowa","woodbury",2020,2170
"11480",-96.405876159668,42.3301200866699,851,26370,"iowa","woodbury",2021,2255
"11481",-96.405876159668,42.3301200866699,851,26370,"iowa","woodbury",2022,2258
"11482",-96.405876159668,42.3301200866699,851,26370,"iowa","woodbury",2023,2311
"11483",-96.405876159668,42.3301200866699,851,26370,"iowa","woodbury",2024,2403
"11484",-96.405876159668,42.3301200866699,851,26370,"iowa","woodbury",2025,113
"11485",-96.4116134643555,42.3530387878418,851,26371,"iowa","woodbury",2014,2162
"11486",-96.4116134643555,42.3530387878418,851,26371,"iowa","woodbury",2015,2358
"11487",-96.4116134643555,42.3530387878418,851,26371,"iowa","woodbury",2016,2354
"11488",-96.4116134643555,42.3530387878418,851,26371,"iowa","woodbury",2017,2337
"11489",-96.4116134643555,42.3530387878418,851,26371,"iowa","woodbury",2018,2381
"11490",-96.4116134643555,42.3530387878418,851,26371,"iowa","woodbury",2019,2473
"11491",-96.4116134643555,42.3530387878418,851,26371,"iowa","woodbury",2020,2170
"11492",-96.4116134643555,42.3530387878418,851,26371,"iowa","woodbury",2021,2255
"11493",-96.4116134643555,42.3530387878418,851,26371,"iowa","woodbury",2022,2258
"11494",-96.4116134643555,42.3530387878418,851,26371,"iowa","woodbury",2023,2311
"11495",-96.4116134643555,42.3530387878418,851,26371,"iowa","woodbury",2024,2403
"11496",-96.4116134643555,42.3530387878418,851,26371,"iowa","woodbury",2025,113
"11497",-96.405876159668,42.3816909790039,851,26372,"iowa","woodbury",2014,2162
"11498",-96.405876159668,42.3816909790039,851,26372,"iowa","woodbury",2015,2358
"11499",-96.405876159668,42.3816909790039,851,26372,"iowa","woodbury",2016,2354
"11500",-96.405876159668,42.3816909790039,851,26372,"iowa","woodbury",2017,2337
"11501",-96.405876159668,42.3816909790039,851,26372,"iowa","woodbury",2018,2381
"11502",-96.405876159668,42.3816909790039,851,26372,"iowa","woodbury",2019,2473
"11503",-96.405876159668,42.3816909790039,851,26372,"iowa","woodbury",2020,2170
"11504",-96.405876159668,42.3816909790039,851,26372,"iowa","woodbury",2021,2255
"11505",-96.405876159668,42.3816909790039,851,26372,"iowa","woodbury",2022,2258
"11506",-96.405876159668,42.3816909790039,851,26372,"iowa","woodbury",2023,2311
"11507",-96.405876159668,42.3816909790039,851,26372,"iowa","woodbury",2024,2403
"11508",-96.405876159668,42.3816909790039,851,26372,"iowa","woodbury",2025,113
"11509",-96.394416809082,42.3988761901855,851,26373,"iowa","woodbury",2014,2162
"11510",-96.394416809082,42.3988761901855,851,26373,"iowa","woodbury",2015,2358
"11511",-96.394416809082,42.3988761901855,851,26373,"iowa","woodbury",2016,2354
"11512",-96.394416809082,42.3988761901855,851,26373,"iowa","woodbury",2017,2337
"11513",-96.394416809082,42.3988761901855,851,26373,"iowa","woodbury",2018,2381
"11514",-96.394416809082,42.3988761901855,851,26373,"iowa","woodbury",2019,2473
"11515",-96.394416809082,42.3988761901855,851,26373,"iowa","woodbury",2020,2170
"11516",-96.394416809082,42.3988761901855,851,26373,"iowa","woodbury",2021,2255
"11517",-96.394416809082,42.3988761901855,851,26373,"iowa","woodbury",2022,2258
"11518",-96.394416809082,42.3988761901855,851,26373,"iowa","woodbury",2023,2311
"11519",-96.394416809082,42.3988761901855,851,26373,"iowa","woodbury",2024,2403
"11520",-96.394416809082,42.3988761901855,851,26373,"iowa","woodbury",2025,113
"11521",-96.3886871337891,42.4160652160645,851,26374,"iowa","woodbury",2014,2162
"11522",-96.3886871337891,42.4160652160645,851,26374,"iowa","woodbury",2015,2358
"11523",-96.3886871337891,42.4160652160645,851,26374,"iowa","woodbury",2016,2354
"11524",-96.3886871337891,42.4160652160645,851,26374,"iowa","woodbury",2017,2337
"11525",-96.3886871337891,42.4160652160645,851,26374,"iowa","woodbury",2018,2381
"11526",-96.3886871337891,42.4160652160645,851,26374,"iowa","woodbury",2019,2473
"11527",-96.3886871337891,42.4160652160645,851,26374,"iowa","woodbury",2020,2170
"11528",-96.3886871337891,42.4160652160645,851,26374,"iowa","woodbury",2021,2255
"11529",-96.3886871337891,42.4160652160645,851,26374,"iowa","woodbury",2022,2258
"11530",-96.3886871337891,42.4160652160645,851,26374,"iowa","woodbury",2023,2311
"11531",-96.3886871337891,42.4160652160645,851,26374,"iowa","woodbury",2024,2403
"11532",-96.3886871337891,42.4160652160645,851,26374,"iowa","woodbury",2025,113
"11533",-96.3886871337891,42.4389839172363,851,26375,"iowa","woodbury",2014,2162
"11534",-96.3886871337891,42.4389839172363,851,26375,"iowa","woodbury",2015,2358
"11535",-96.3886871337891,42.4389839172363,851,26375,"iowa","woodbury",2016,2354
"11536",-96.3886871337891,42.4389839172363,851,26375,"iowa","woodbury",2017,2337
"11537",-96.3886871337891,42.4389839172363,851,26375,"iowa","woodbury",2018,2381
"11538",-96.3886871337891,42.4389839172363,851,26375,"iowa","woodbury",2019,2473
"11539",-96.3886871337891,42.4389839172363,851,26375,"iowa","woodbury",2020,2170
"11540",-96.3886871337891,42.4389839172363,851,26375,"iowa","woodbury",2021,2255
"11541",-96.3886871337891,42.4389839172363,851,26375,"iowa","woodbury",2022,2258
"11542",-96.3886871337891,42.4389839172363,851,26375,"iowa","woodbury",2023,2311
"11543",-96.3886871337891,42.4389839172363,851,26375,"iowa","woodbury",2024,2403
"11544",-96.3886871337891,42.4389839172363,851,26375,"iowa","woodbury",2025,113
"11545",-96.394416809082,42.4619026184082,851,26376,"iowa","woodbury",2014,2162
"11546",-96.394416809082,42.4619026184082,851,26376,"iowa","woodbury",2015,2358
"11547",-96.394416809082,42.4619026184082,851,26376,"iowa","woodbury",2016,2354
"11548",-96.394416809082,42.4619026184082,851,26376,"iowa","woodbury",2017,2337
"11549",-96.394416809082,42.4619026184082,851,26376,"iowa","woodbury",2018,2381
"11550",-96.394416809082,42.4619026184082,851,26376,"iowa","woodbury",2019,2473
"11551",-96.394416809082,42.4619026184082,851,26376,"iowa","woodbury",2020,2170
"11552",-96.394416809082,42.4619026184082,851,26376,"iowa","woodbury",2021,2255
"11553",-96.394416809082,42.4619026184082,851,26376,"iowa","woodbury",2022,2258
"11554",-96.394416809082,42.4619026184082,851,26376,"iowa","woodbury",2023,2311
"11555",-96.394416809082,42.4619026184082,851,26376,"iowa","woodbury",2024,2403
"11556",-96.394416809082,42.4619026184082,851,26376,"iowa","woodbury",2025,113
"11557",-96.4345245361328,42.4733619689941,851,26377,"iowa","woodbury",2014,2162
"11558",-96.4345245361328,42.4733619689941,851,26377,"iowa","woodbury",2015,2358
"11559",-96.4345245361328,42.4733619689941,851,26377,"iowa","woodbury",2016,2354
"11560",-96.4345245361328,42.4733619689941,851,26377,"iowa","woodbury",2017,2337
"11561",-96.4345245361328,42.4733619689941,851,26377,"iowa","woodbury",2018,2381
"11562",-96.4345245361328,42.4733619689941,851,26377,"iowa","woodbury",2019,2473
"11563",-96.4345245361328,42.4733619689941,851,26377,"iowa","woodbury",2020,2170
"11564",-96.4345245361328,42.4733619689941,851,26377,"iowa","woodbury",2021,2255
"11565",-96.4345245361328,42.4733619689941,851,26377,"iowa","woodbury",2022,2258
"11566",-96.4345245361328,42.4733619689941,851,26377,"iowa","woodbury",2023,2311
"11567",-96.4345245361328,42.4733619689941,851,26377,"iowa","woodbury",2024,2403
"11568",-96.4345245361328,42.4733619689941,851,26377,"iowa","woodbury",2025,113
"11569",-96.4402542114258,42.4733619689941,851,26378,"iowa","woodbury",2014,2162
"11570",-96.4402542114258,42.4733619689941,851,26378,"iowa","woodbury",2015,2358
"11571",-96.4402542114258,42.4733619689941,851,26378,"iowa","woodbury",2016,2354
"11572",-96.4402542114258,42.4733619689941,851,26378,"iowa","woodbury",2017,2337
"11573",-96.4402542114258,42.4733619689941,851,26378,"iowa","woodbury",2018,2381
"11574",-96.4402542114258,42.4733619689941,851,26378,"iowa","woodbury",2019,2473
"11575",-96.4402542114258,42.4733619689941,851,26378,"iowa","woodbury",2020,2170
"11576",-96.4402542114258,42.4733619689941,851,26378,"iowa","woodbury",2021,2255
"11577",-96.4402542114258,42.4733619689941,851,26378,"iowa","woodbury",2022,2258
"11578",-96.4402542114258,42.4733619689941,851,26378,"iowa","woodbury",2023,2311
"11579",-96.4402542114258,42.4733619689941,851,26378,"iowa","woodbury",2024,2403
"11580",-96.4402542114258,42.4733619689941,851,26378,"iowa","woodbury",2025,113
"11581",-96.4689025878906,42.507740020752,851,26379,"iowa","woodbury",2014,2162
"11582",-96.4689025878906,42.507740020752,851,26379,"iowa","woodbury",2015,2358
"11583",-96.4689025878906,42.507740020752,851,26379,"iowa","woodbury",2016,2354
"11584",-96.4689025878906,42.507740020752,851,26379,"iowa","woodbury",2017,2337
"11585",-96.4689025878906,42.507740020752,851,26379,"iowa","woodbury",2018,2381
"11586",-96.4689025878906,42.507740020752,851,26379,"iowa","woodbury",2019,2473
"11587",-96.4689025878906,42.507740020752,851,26379,"iowa","woodbury",2020,2170
"11588",-96.4689025878906,42.507740020752,851,26379,"iowa","woodbury",2021,2255
"11589",-96.4689025878906,42.507740020752,851,26379,"iowa","woodbury",2022,2258
"11590",-96.4689025878906,42.507740020752,851,26379,"iowa","woodbury",2023,2311
"11591",-96.4689025878906,42.507740020752,851,26379,"iowa","woodbury",2024,2403
"11592",-96.4689025878906,42.507740020752,851,26379,"iowa","woodbury",2025,113
"11593",-96.4689025878906,42.5306549072266,851,26380,"iowa","woodbury",2014,2162
"11594",-96.4689025878906,42.5306549072266,851,26380,"iowa","woodbury",2015,2358
"11595",-96.4689025878906,42.5306549072266,851,26380,"iowa","woodbury",2016,2354
"11596",-96.4689025878906,42.5306549072266,851,26380,"iowa","woodbury",2017,2337
"11597",-96.4689025878906,42.5306549072266,851,26380,"iowa","woodbury",2018,2381
"11598",-96.4689025878906,42.5306549072266,851,26380,"iowa","woodbury",2019,2473
"11599",-96.4689025878906,42.5306549072266,851,26380,"iowa","woodbury",2020,2170
"11600",-96.4689025878906,42.5306549072266,851,26380,"iowa","woodbury",2021,2255
"11601",-96.4689025878906,42.5306549072266,851,26380,"iowa","woodbury",2022,2258
"11602",-96.4689025878906,42.5306549072266,851,26380,"iowa","woodbury",2023,2311
"11603",-96.4689025878906,42.5306549072266,851,26380,"iowa","woodbury",2024,2403
"11604",-96.4689025878906,42.5306549072266,851,26380,"iowa","woodbury",2025,113
"11605",-96.4689025878906,42.5478477478027,851,26381,"iowa","woodbury",2014,2162
"11606",-96.4689025878906,42.5478477478027,851,26381,"iowa","woodbury",2015,2358
"11607",-96.4689025878906,42.5478477478027,851,26381,"iowa","woodbury",2016,2354
"11608",-96.4689025878906,42.5478477478027,851,26381,"iowa","woodbury",2017,2337
"11609",-96.4689025878906,42.5478477478027,851,26381,"iowa","woodbury",2018,2381
"11610",-96.4689025878906,42.5478477478027,851,26381,"iowa","woodbury",2019,2473
"11611",-96.4689025878906,42.5478477478027,851,26381,"iowa","woodbury",2020,2170
"11612",-96.4689025878906,42.5478477478027,851,26381,"iowa","woodbury",2021,2255
"11613",-96.4689025878906,42.5478477478027,851,26381,"iowa","woodbury",2022,2258
"11614",-96.4689025878906,42.5478477478027,851,26381,"iowa","woodbury",2023,2311
"11615",-96.4689025878906,42.5478477478027,851,26381,"iowa","woodbury",2024,2403
"11616",-96.4689025878906,42.5478477478027,851,26381,"iowa","woodbury",2025,113
"11617",-95.8558349609375,42.5535736083984,851,26382,"iowa","woodbury",2014,2162
"11618",-95.8558349609375,42.5535736083984,851,26382,"iowa","woodbury",2015,2358
"11619",-95.8558349609375,42.5535736083984,851,26382,"iowa","woodbury",2016,2354
"11620",-95.8558349609375,42.5535736083984,851,26382,"iowa","woodbury",2017,2337
"11621",-95.8558349609375,42.5535736083984,851,26382,"iowa","woodbury",2018,2381
"11622",-95.8558349609375,42.5535736083984,851,26382,"iowa","woodbury",2019,2473
"11623",-95.8558349609375,42.5535736083984,851,26382,"iowa","woodbury",2020,2170
"11624",-95.8558349609375,42.5535736083984,851,26382,"iowa","woodbury",2021,2255
"11625",-95.8558349609375,42.5535736083984,851,26382,"iowa","woodbury",2022,2258
"11626",-95.8558349609375,42.5535736083984,851,26382,"iowa","woodbury",2023,2311
"11627",-95.8558349609375,42.5535736083984,851,26382,"iowa","woodbury",2024,2403
"11628",-95.8558349609375,42.5535736083984,851,26382,"iowa","woodbury",2025,113
"11629",-95.7412490844727,42.5593032836914,851,26383,"iowa","woodbury",2014,2162
"11630",-95.7412490844727,42.5593032836914,851,26383,"iowa","woodbury",2015,2358
"11631",-95.7412490844727,42.5593032836914,851,26383,"iowa","woodbury",2016,2354
"11632",-95.7412490844727,42.5593032836914,851,26383,"iowa","woodbury",2017,2337
"11633",-95.7412490844727,42.5593032836914,851,26383,"iowa","woodbury",2018,2381
"11634",-95.7412490844727,42.5593032836914,851,26383,"iowa","woodbury",2019,2473
"11635",-95.7412490844727,42.5593032836914,851,26383,"iowa","woodbury",2020,2170
"11636",-95.7412490844727,42.5593032836914,851,26383,"iowa","woodbury",2021,2255
"11637",-95.7412490844727,42.5593032836914,851,26383,"iowa","woodbury",2022,2258
"11638",-95.7412490844727,42.5593032836914,851,26383,"iowa","woodbury",2023,2311
"11639",-95.7412490844727,42.5593032836914,851,26383,"iowa","woodbury",2024,2403
"11640",-95.7412490844727,42.5593032836914,851,26383,"iowa","woodbury",2025,113
"11641",-95.7412490844727,42.4733619689941,851,26384,"iowa","woodbury",2014,2162
"11642",-95.7412490844727,42.4733619689941,851,26384,"iowa","woodbury",2015,2358
"11643",-95.7412490844727,42.4733619689941,851,26384,"iowa","woodbury",2016,2354
"11644",-95.7412490844727,42.4733619689941,851,26384,"iowa","woodbury",2017,2337
"11645",-95.7412490844727,42.4733619689941,851,26384,"iowa","woodbury",2018,2381
"11646",-95.7412490844727,42.4733619689941,851,26384,"iowa","woodbury",2019,2473
"11647",-95.7412490844727,42.4733619689941,851,26384,"iowa","woodbury",2020,2170
"11648",-95.7412490844727,42.4733619689941,851,26384,"iowa","woodbury",2021,2255
"11649",-95.7412490844727,42.4733619689941,851,26384,"iowa","woodbury",2022,2258
"11650",-95.7412490844727,42.4733619689941,851,26384,"iowa","woodbury",2023,2311
"11651",-95.7412490844727,42.4733619689941,851,26384,"iowa","woodbury",2024,2403
"11652",-95.7412490844727,42.4733619689941,851,26384,"iowa","woodbury",2025,113
"11653",-95.672492980957,42.4733619689941,851,26385,"iowa","woodbury",2014,2162
"11654",-95.672492980957,42.4733619689941,851,26385,"iowa","woodbury",2015,2358
"11655",-95.672492980957,42.4733619689941,851,26385,"iowa","woodbury",2016,2354
"11656",-95.672492980957,42.4733619689941,851,26385,"iowa","woodbury",2017,2337
"11657",-95.672492980957,42.4733619689941,851,26385,"iowa","woodbury",2018,2381
"11658",-95.672492980957,42.4733619689941,851,26385,"iowa","woodbury",2019,2473
"11659",-95.672492980957,42.4733619689941,851,26385,"iowa","woodbury",2020,2170
"11660",-95.672492980957,42.4733619689941,851,26385,"iowa","woodbury",2021,2255
"11661",-95.672492980957,42.4733619689941,851,26385,"iowa","woodbury",2022,2258
"11662",-95.672492980957,42.4733619689941,851,26385,"iowa","woodbury",2023,2311
"11663",-95.672492980957,42.4733619689941,851,26385,"iowa","woodbury",2024,2403
"11664",-95.672492980957,42.4733619689941,851,26385,"iowa","woodbury",2025,113
"11665",-95.672492980957,42.2040710449219,851,26386,"iowa","woodbury",2014,2162
"11666",-95.672492980957,42.2040710449219,851,26386,"iowa","woodbury",2015,2358
"11667",-95.672492980957,42.2040710449219,851,26386,"iowa","woodbury",2016,2354
"11668",-95.672492980957,42.2040710449219,851,26386,"iowa","woodbury",2017,2337
"11669",-95.672492980957,42.2040710449219,851,26386,"iowa","woodbury",2018,2381
"11670",-95.672492980957,42.2040710449219,851,26386,"iowa","woodbury",2019,2473
"11671",-95.672492980957,42.2040710449219,851,26386,"iowa","woodbury",2020,2170
"11672",-95.672492980957,42.2040710449219,851,26386,"iowa","woodbury",2021,2255
"11673",-95.672492980957,42.2040710449219,851,26386,"iowa","woodbury",2022,2258
"11674",-95.672492980957,42.2040710449219,851,26386,"iowa","woodbury",2023,2311
"11675",-95.672492980957,42.2040710449219,851,26386,"iowa","woodbury",2024,2403
"11676",-95.672492980957,42.2040710449219,851,26386,"iowa","woodbury",2025,113
"11677",-96.319938659668,42.2098007202148,851,26387,"iowa","woodbury",2014,2162
"11678",-96.319938659668,42.2098007202148,851,26387,"iowa","woodbury",2015,2358
"11679",-96.319938659668,42.2098007202148,851,26387,"iowa","woodbury",2016,2354
"11680",-96.319938659668,42.2098007202148,851,26387,"iowa","woodbury",2017,2337
"11681",-96.319938659668,42.2098007202148,851,26387,"iowa","woodbury",2018,2381
"11682",-96.319938659668,42.2098007202148,851,26387,"iowa","woodbury",2019,2473
"11683",-96.319938659668,42.2098007202148,851,26387,"iowa","woodbury",2020,2170
"11684",-96.319938659668,42.2098007202148,851,26387,"iowa","woodbury",2021,2255
"11685",-96.319938659668,42.2098007202148,851,26387,"iowa","woodbury",2022,2258
"11686",-96.319938659668,42.2098007202148,851,26387,"iowa","woodbury",2023,2311
"11687",-96.319938659668,42.2098007202148,851,26387,"iowa","woodbury",2024,2403
"11688",-96.319938659668,42.2098007202148,851,26387,"iowa","woodbury",2025,113
"11689",-96.3485794067383,42.2441787719727,851,26388,"iowa","woodbury",2014,2162
"11690",-96.3485794067383,42.2441787719727,851,26388,"iowa","woodbury",2015,2358
"11691",-96.3485794067383,42.2441787719727,851,26388,"iowa","woodbury",2016,2354
"11692",-96.3485794067383,42.2441787719727,851,26388,"iowa","woodbury",2017,2337
"11693",-96.3485794067383,42.2441787719727,851,26388,"iowa","woodbury",2018,2381
"11694",-96.3485794067383,42.2441787719727,851,26388,"iowa","woodbury",2019,2473
"11695",-96.3485794067383,42.2441787719727,851,26388,"iowa","woodbury",2020,2170
"11696",-96.3485794067383,42.2441787719727,851,26388,"iowa","woodbury",2021,2255
"11697",-96.3485794067383,42.2441787719727,851,26388,"iowa","woodbury",2022,2258
"11698",-96.3485794067383,42.2441787719727,851,26388,"iowa","woodbury",2023,2311
"11699",-96.3485794067383,42.2441787719727,851,26388,"iowa","woodbury",2024,2403
"11700",-96.3485794067383,42.2441787719727,851,26388,"iowa","woodbury",2025,113
"11701",-96.3428497314453,42.2499084472656,851,26389,"iowa","woodbury",2014,2162
"11702",-96.3428497314453,42.2499084472656,851,26389,"iowa","woodbury",2015,2358
"11703",-96.3428497314453,42.2499084472656,851,26389,"iowa","woodbury",2016,2354
"11704",-96.3428497314453,42.2499084472656,851,26389,"iowa","woodbury",2017,2337
"11705",-96.3428497314453,42.2499084472656,851,26389,"iowa","woodbury",2018,2381
"11706",-96.3428497314453,42.2499084472656,851,26389,"iowa","woodbury",2019,2473
"11707",-96.3428497314453,42.2499084472656,851,26389,"iowa","woodbury",2020,2170
"11708",-96.3428497314453,42.2499084472656,851,26389,"iowa","woodbury",2021,2255
"11709",-96.3428497314453,42.2499084472656,851,26389,"iowa","woodbury",2022,2258
"11710",-96.3428497314453,42.2499084472656,851,26389,"iowa","woodbury",2023,2311
"11711",-96.3428497314453,42.2499084472656,851,26389,"iowa","woodbury",2024,2403
"11712",-96.3428497314453,42.2499084472656,851,26389,"iowa","woodbury",2025,113
"11713",-96.3485794067383,42.2670974731445,851,26390,"iowa","woodbury",2014,2162
"11714",-96.3485794067383,42.2670974731445,851,26390,"iowa","woodbury",2015,2358
"11715",-96.3485794067383,42.2670974731445,851,26390,"iowa","woodbury",2016,2354
"11716",-96.3485794067383,42.2670974731445,851,26390,"iowa","woodbury",2017,2337
"11717",-96.3485794067383,42.2670974731445,851,26390,"iowa","woodbury",2018,2381
"11718",-96.3485794067383,42.2670974731445,851,26390,"iowa","woodbury",2019,2473
"11719",-96.3485794067383,42.2670974731445,851,26390,"iowa","woodbury",2020,2170
"11720",-96.3485794067383,42.2670974731445,851,26390,"iowa","woodbury",2021,2255
"11721",-96.3485794067383,42.2670974731445,851,26390,"iowa","woodbury",2022,2258
"11722",-96.3485794067383,42.2670974731445,851,26390,"iowa","woodbury",2023,2311
"11723",-96.3485794067383,42.2670974731445,851,26390,"iowa","woodbury",2024,2403
"11724",-96.3485794067383,42.2670974731445,851,26390,"iowa","woodbury",2025,113
"11725",-93.0254287719727,43.5104141235352,852,26392,"iowa","worth",2014,105
"11726",-93.0254287719727,43.5104141235352,852,26392,"iowa","worth",2015,97
"11727",-93.0254287719727,43.5104141235352,852,26392,"iowa","worth",2016,82
"11728",-93.0254287719727,43.5104141235352,852,26392,"iowa","worth",2017,100
"11729",-93.0254287719727,43.5104141235352,852,26392,"iowa","worth",2018,90
"11730",-93.0254287719727,43.5104141235352,852,26392,"iowa","worth",2019,94
"11731",-93.0254287719727,43.5104141235352,852,26392,"iowa","worth",2020,88
"11732",-93.0254287719727,43.5104141235352,852,26392,"iowa","worth",2021,109
"11733",-93.0254287719727,43.5104141235352,852,26392,"iowa","worth",2022,109
"11734",-93.0254287719727,43.5104141235352,852,26392,"iowa","worth",2023,96
"11735",-93.0254287719727,43.5104141235352,852,26392,"iowa","worth",2024,97
"11736",-93.0254287719727,43.5104141235352,852,26392,"iowa","worth",2025,2
"11737",-93.0254287719727,43.2583122253418,852,26393,"iowa","worth",2014,105
"11738",-93.0254287719727,43.2583122253418,852,26393,"iowa","worth",2015,97
"11739",-93.0254287719727,43.2583122253418,852,26393,"iowa","worth",2016,82
"11740",-93.0254287719727,43.2583122253418,852,26393,"iowa","worth",2017,100
"11741",-93.0254287719727,43.2583122253418,852,26393,"iowa","worth",2018,90
"11742",-93.0254287719727,43.2583122253418,852,26393,"iowa","worth",2019,94
"11743",-93.0254287719727,43.2583122253418,852,26393,"iowa","worth",2020,88
"11744",-93.0254287719727,43.2583122253418,852,26393,"iowa","worth",2021,109
"11745",-93.0254287719727,43.2583122253418,852,26393,"iowa","worth",2022,109
"11746",-93.0254287719727,43.2583122253418,852,26393,"iowa","worth",2023,96
"11747",-93.0254287719727,43.2583122253418,852,26393,"iowa","worth",2024,97
"11748",-93.0254287719727,43.2583122253418,852,26393,"iowa","worth",2025,2
"11749",-93.5009765625,43.2640419006348,852,26394,"iowa","worth",2014,105
"11750",-93.5009765625,43.2640419006348,852,26394,"iowa","worth",2015,97
"11751",-93.5009765625,43.2640419006348,852,26394,"iowa","worth",2016,82
"11752",-93.5009765625,43.2640419006348,852,26394,"iowa","worth",2017,100
"11753",-93.5009765625,43.2640419006348,852,26394,"iowa","worth",2018,90
"11754",-93.5009765625,43.2640419006348,852,26394,"iowa","worth",2019,94
"11755",-93.5009765625,43.2640419006348,852,26394,"iowa","worth",2020,88
"11756",-93.5009765625,43.2640419006348,852,26394,"iowa","worth",2021,109
"11757",-93.5009765625,43.2640419006348,852,26394,"iowa","worth",2022,109
"11758",-93.5009765625,43.2640419006348,852,26394,"iowa","worth",2023,96
"11759",-93.5009765625,43.2640419006348,852,26394,"iowa","worth",2024,97
"11760",-93.5009765625,43.2640419006348,852,26394,"iowa","worth",2025,2
"11761",-93.4952545166016,43.5104141235352,852,26395,"iowa","worth",2014,105
"11762",-93.4952545166016,43.5104141235352,852,26395,"iowa","worth",2015,97
"11763",-93.4952545166016,43.5104141235352,852,26395,"iowa","worth",2016,82
"11764",-93.4952545166016,43.5104141235352,852,26395,"iowa","worth",2017,100
"11765",-93.4952545166016,43.5104141235352,852,26395,"iowa","worth",2018,90
"11766",-93.4952545166016,43.5104141235352,852,26395,"iowa","worth",2019,94
"11767",-93.4952545166016,43.5104141235352,852,26395,"iowa","worth",2020,88
"11768",-93.4952545166016,43.5104141235352,852,26395,"iowa","worth",2021,109
"11769",-93.4952545166016,43.5104141235352,852,26395,"iowa","worth",2022,109
"11770",-93.4952545166016,43.5104141235352,852,26395,"iowa","worth",2023,96
"11771",-93.4952545166016,43.5104141235352,852,26395,"iowa","worth",2024,97
"11772",-93.4952545166016,43.5104141235352,852,26395,"iowa","worth",2025,2
"11773",-93.0598068237305,43.5104141235352,852,26396,"iowa","worth",2014,105
"11774",-93.0598068237305,43.5104141235352,852,26396,"iowa","worth",2015,97
"11775",-93.0598068237305,43.5104141235352,852,26396,"iowa","worth",2016,82
"11776",-93.0598068237305,43.5104141235352,852,26396,"iowa","worth",2017,100
"11777",-93.0598068237305,43.5104141235352,852,26396,"iowa","worth",2018,90
"11778",-93.0598068237305,43.5104141235352,852,26396,"iowa","worth",2019,94
"11779",-93.0598068237305,43.5104141235352,852,26396,"iowa","worth",2020,88
"11780",-93.0598068237305,43.5104141235352,852,26396,"iowa","worth",2021,109
"11781",-93.0598068237305,43.5104141235352,852,26396,"iowa","worth",2022,109
"11782",-93.0598068237305,43.5104141235352,852,26396,"iowa","worth",2023,96
"11783",-93.0598068237305,43.5104141235352,852,26396,"iowa","worth",2024,97
"11784",-93.0598068237305,43.5104141235352,852,26396,"iowa","worth",2025,2
"11785",-93.0254287719727,43.5104141235352,852,26397,"iowa","worth",2014,105
"11786",-93.0254287719727,43.5104141235352,852,26397,"iowa","worth",2015,97
"11787",-93.0254287719727,43.5104141235352,852,26397,"iowa","worth",2016,82
"11788",-93.0254287719727,43.5104141235352,852,26397,"iowa","worth",2017,100
"11789",-93.0254287719727,43.5104141235352,852,26397,"iowa","worth",2018,90
"11790",-93.0254287719727,43.5104141235352,852,26397,"iowa","worth",2019,94
"11791",-93.0254287719727,43.5104141235352,852,26397,"iowa","worth",2020,88
"11792",-93.0254287719727,43.5104141235352,852,26397,"iowa","worth",2021,109
"11793",-93.0254287719727,43.5104141235352,852,26397,"iowa","worth",2022,109
"11794",-93.0254287719727,43.5104141235352,852,26397,"iowa","worth",2023,96
"11795",-93.0254287719727,43.5104141235352,852,26397,"iowa","worth",2024,97
"11796",-93.0254287719727,43.5104141235352,852,26397,"iowa","worth",2025,2
"11797",-93.4952545166016,42.9145393371582,853,26399,"iowa","wright",2014,214
"11798",-93.4952545166016,42.9145393371582,853,26399,"iowa","wright",2015,159
"11799",-93.4952545166016,42.9145393371582,853,26399,"iowa","wright",2016,211
"11800",-93.4952545166016,42.9145393371582,853,26399,"iowa","wright",2017,163
"11801",-93.4952545166016,42.9145393371582,853,26399,"iowa","wright",2018,173
"11802",-93.4952545166016,42.9145393371582,853,26399,"iowa","wright",2019,221
"11803",-93.4952545166016,42.9145393371582,853,26399,"iowa","wright",2020,162
"11804",-93.4952545166016,42.9145393371582,853,26399,"iowa","wright",2021,146
"11805",-93.4952545166016,42.9145393371582,853,26399,"iowa","wright",2022,140
"11806",-93.4952545166016,42.9145393371582,853,26399,"iowa","wright",2023,183
"11807",-93.4952545166016,42.9145393371582,853,26399,"iowa","wright",2024,178
"11808",-93.4952545166016,42.9145393371582,853,26399,"iowa","wright",2025,17
"11809",-93.4952545166016,42.5593032836914,853,26400,"iowa","wright",2014,214
"11810",-93.4952545166016,42.5593032836914,853,26400,"iowa","wright",2015,159
"11811",-93.4952545166016,42.5593032836914,853,26400,"iowa","wright",2016,211
"11812",-93.4952545166016,42.5593032836914,853,26400,"iowa","wright",2017,163
"11813",-93.4952545166016,42.5593032836914,853,26400,"iowa","wright",2018,173
"11814",-93.4952545166016,42.5593032836914,853,26400,"iowa","wright",2019,221
"11815",-93.4952545166016,42.5593032836914,853,26400,"iowa","wright",2020,162
"11816",-93.4952545166016,42.5593032836914,853,26400,"iowa","wright",2021,146
"11817",-93.4952545166016,42.5593032836914,853,26400,"iowa","wright",2022,140
"11818",-93.4952545166016,42.5593032836914,853,26400,"iowa","wright",2023,183
"11819",-93.4952545166016,42.5593032836914,853,26400,"iowa","wright",2024,178
"11820",-93.4952545166016,42.5593032836914,853,26400,"iowa","wright",2025,17
"11821",-93.9650802612305,42.5593032836914,853,26401,"iowa","wright",2014,214
"11822",-93.9650802612305,42.5593032836914,853,26401,"iowa","wright",2015,159
"11823",-93.9650802612305,42.5593032836914,853,26401,"iowa","wright",2016,211
"11824",-93.9650802612305,42.5593032836914,853,26401,"iowa","wright",2017,163
"11825",-93.9650802612305,42.5593032836914,853,26401,"iowa","wright",2018,173
"11826",-93.9650802612305,42.5593032836914,853,26401,"iowa","wright",2019,221
"11827",-93.9650802612305,42.5593032836914,853,26401,"iowa","wright",2020,162
"11828",-93.9650802612305,42.5593032836914,853,26401,"iowa","wright",2021,146
"11829",-93.9650802612305,42.5593032836914,853,26401,"iowa","wright",2022,140
"11830",-93.9650802612305,42.5593032836914,853,26401,"iowa","wright",2023,183
"11831",-93.9650802612305,42.5593032836914,853,26401,"iowa","wright",2024,178
"11832",-93.9650802612305,42.5593032836914,853,26401,"iowa","wright",2025,17
"11833",-93.9708099365234,42.639518737793,853,26402,"iowa","wright",2014,214
"11834",-93.9708099365234,42.639518737793,853,26402,"iowa","wright",2015,159
"11835",-93.9708099365234,42.639518737793,853,26402,"iowa","wright",2016,211
"11836",-93.9708099365234,42.639518737793,853,26402,"iowa","wright",2017,163
"11837",-93.9708099365234,42.639518737793,853,26402,"iowa","wright",2018,173
"11838",-93.9708099365234,42.639518737793,853,26402,"iowa","wright",2019,221
"11839",-93.9708099365234,42.639518737793,853,26402,"iowa","wright",2020,162
"11840",-93.9708099365234,42.639518737793,853,26402,"iowa","wright",2021,146
"11841",-93.9708099365234,42.639518737793,853,26402,"iowa","wright",2022,140
"11842",-93.9708099365234,42.639518737793,853,26402,"iowa","wright",2023,183
"11843",-93.9708099365234,42.639518737793,853,26402,"iowa","wright",2024,178
"11844",-93.9708099365234,42.639518737793,853,26402,"iowa","wright",2025,17
"11845",-93.9708099365234,42.9145393371582,853,26403,"iowa","wright",2014,214
"11846",-93.9708099365234,42.9145393371582,853,26403,"iowa","wright",2015,159
"11847",-93.9708099365234,42.9145393371582,853,26403,"iowa","wright",2016,211
"11848",-93.9708099365234,42.9145393371582,853,26403,"iowa","wright",2017,163
"11849",-93.9708099365234,42.9145393371582,853,26403,"iowa","wright",2018,173
"11850",-93.9708099365234,42.9145393371582,853,26403,"iowa","wright",2019,221
"11851",-93.9708099365234,42.9145393371582,853,26403,"iowa","wright",2020,162
"11852",-93.9708099365234,42.9145393371582,853,26403,"iowa","wright",2021,146
"11853",-93.9708099365234,42.9145393371582,853,26403,"iowa","wright",2022,140
"11854",-93.9708099365234,42.9145393371582,853,26403,"iowa","wright",2023,183
"11855",-93.9708099365234,42.9145393371582,853,26403,"iowa","wright",2024,178
"11856",-93.9708099365234,42.9145393371582,853,26403,"iowa","wright",2025,17
"11857",-93.4952545166016,42.9145393371582,853,26404,"iowa","wright",2014,214
"11858",-93.4952545166016,42.9145393371582,853,26404,"iowa","wright",2015,159
"11859",-93.4952545166016,42.9145393371582,853,26404,"iowa","wright",2016,211
"11860",-93.4952545166016,42.9145393371582,853,26404,"iowa","wright",2017,163
"11861",-93.4952545166016,42.9145393371582,853,26404,"iowa","wright",2018,173
"11862",-93.4952545166016,42.9145393371582,853,26404,"iowa","wright",2019,221
"11863",-93.4952545166016,42.9145393371582,853,26404,"iowa","wright",2020,162
"11864",-93.4952545166016,42.9145393371582,853,26404,"iowa","wright",2021,146
"11865",-93.4952545166016,42.9145393371582,853,26404,"iowa","wright",2022,140
"11866",-93.4952545166016,42.9145393371582,853,26404,"iowa","wright",2023,183
"11867",-93.4952545166016,42.9145393371582,853,26404,"iowa","wright",2024,178
"11868",-93.4952545166016,42.9145393371582,853,26404,"iowa","wright",2025,17
